case_id,symptom_text_zh,reference_prescription,herb,molecules,herb_prescriptions,herb_functions
S001,口眼歪斜、语言謇涩、半身不遂、关节痹痛、手足不温,小续命汤,麻黄（Ephedra Herba）,C1=CC(=CC=C1C2C(C(C3=C(C=C(C=C3O2)O)O)O)O)O | C1[C@@H]([C@H](OC2=CC(=CC(=C21)O)O)C3=CC(=C(C=C3)O)O)O | C1[C@H](OC2=CC(=CC(=C2C1=O)O)O)C3=CC=C(C=C3)O | C1=CC(=C(C=C1[C@@H]2[C@H](C(=O)C3=C(C=C(C=C3O2)O)O)O)O)O | C1[C@H](OC2=CC(=CC(=C2C1=O)O)O)C3=CC(=C(C=C3)O)O,小续命汤 | 麻黄汤 | 桂枝芍药知母汤 | 厚朴麻黄汤 | 华盖散 | 麻黄细辛附子汤 | 桂枝麻黄各半汤 | 射干麻黄汤 | 越婢汤 | 麻黄杏仁薏苡甘草汤 | 牡蛎散 | 五虎汤 | 阳和汤,"It has the effects of inducing sweating to disperse cold, diffusing the lungs to relieve wheezing, and promoting diuresis to reduce edema."
S001,口眼歪斜、语言謇涩、半身不遂、关节痹痛、手足不温,小续命汤,防己(Stephaniae Tetrandrae Radix),CC(=O)OC[C@H]1CC[C@@H]2[C@H]([C@]3([C@]1(CCC3=O)O)C)OC(=O)C2=C | COC1=C(C=C(C=C1)[C@@H]2CC(=O)C3=C(C=C(C=C3O2)O)O)O | CC[C@H](CC[C@@H](C)[C@H]1CC[C@@H]2[C@@]1(CC[C@H]3[C@H]2CC=C4[C@@]3(CC[C@@H](C4)O)C)C)C(C)C,小续命汤 | 防己黄芪汤 | 防己茯苓汤 | 宣痹汤,"It has the effects of dispelling wind and eliminating dampness, promoting diuresis to reduce edema, and alleviating pain."
S001,口眼歪斜、语言謇涩、半身不遂、关节痹痛、手足不温,小续命汤,人参(Panax Ginseng C. A. Mey.),C1[C@H]2[C@@H](C3=C(O1)C=C(C=C3)O)OC4=CC5=C(C=C24)OCO5 | C1CCN(CCCNC(=O)C[C@H](NC1)C2=CC=CC=C2)C(=O)C3=CC=CC=C3 | C1=CC=C2C(=C1)C3=C(C(=O)C4=CC=CC=C4O3)C(=O)O2 | CC1=CC2=C(C3=C1OC(C=C3)(C)C)NC4=CC=CC=C42 | COC1=C(C=C(C=C1)C[C@@H]\2COC(=O)/C2=C/C3=CC4=C(C=C3)OCO4)OC,温经汤 | 枇杷清肺饮 | 二冬汤 | 半夏泻心汤 | 大建中汤 | 麦门冬汤 | 小续命汤 | 开心散 | 清心莲子饮 | 保元汤 | 异功散 | 白术散 | 人参五味子汤 | 竹叶石膏汤 | 升阳益胃汤 | 固阴煎 | 完带汤 | 旋覆代赭汤 | 吴茱萸汤 | 黄连汤 | 附子汤 | 橘皮竹茹汤 | 温脾汤 | 三痹汤 | 圣愈汤 | 托里消毒散 | 养胃汤 | 丁香柿蒂散 | 清燥救肺汤 | 柴胡桂枝汤 | 桂枝人参汤 | 生姜泻心汤 | 白虎加人参汤 | 生姜甘草汤 | 延年薯蓣酒 | 六和汤 | 门冬清肺饮 | 普济消毒饮子 | 大补元煎 | 举元煎 | 泰山磐石散 | 解郁汤 | 固本止崩汤,"It has the effects of greatly tonifying primordial qi, restoring pulses and securing collapse, tonifying the spleen and nourishing the lungs, promoting fluid production, and tranquilizing the mind."
S001,口眼歪斜、语言謇涩、半身不遂、关节痹痛、手足不温,小续命汤,黄芩(Scutellariae Radix),COC1=CC=CC(=C1C2=CC(=O)C3=C(C(=C(C(=C3O2)OC)OC)OC)O)O | COC1=C(C2=C(C(=C1)O)C(=O)C=C(O2)C3=CC=CC=C3O)OC | COC1=C(C=C(C2=C1OC(=CC2=O)C3=CC=C(C=C3)O)O)O,二冬汤 | 半夏泻心汤 | 小续命汤 | 清心莲子饮 | 清金化痰汤 | 清肺汤 | 宣郁通经汤 | 当归六黄汤 | 保阴煎 | 达原饮 | 甘草泻心汤 | 甘露饮 | 大秦艽汤 | 桑白皮汤 | 清上蠲痛汤 | 凉血地黄汤 | 黄芩汤 | 附子泻心汤 | 柴胡桂枝汤 | 柴胡桂枝干姜汤 | 生姜泻心汤 | 当归散 | 泻心汤 | 芍药汤 | 普济消毒饮子 | 羌活胜风汤 | 茜根散 | 泰山磐石散 | 滋阴降火汤 | 清胃汤 | 柴葛解肌汤 | 柴胡清肝汤 | 凉血四物汤 | 柴胡陷胸汤,"It has the effects of clearing heat and drying dampness, purging fire and detoxifying, stopping bleeding, and preventing miscarriage."
S001,口眼歪斜、语言謇涩、半身不遂、关节痹痛、手足不温,小续命汤,肉桂（Cinnanmomi Cortex ）,CCCCC/C=C\C/C=C\CCCCCCCC(=O)O | C[C@@]12CC[C@@H]3[C@H](CC3(C)C)C(=C)CC[C@H]1O2 | CC(C)COC(=O)C1=CC=CC=C1C(=O)OCC(C)C | CCCCCCCC/C=C\CCCCCCCC(=O)O | C[C@H](C[C@@H]([C@@H]1C(O1)(C)C)OC(=O)C)C2=C3C[C@@H]([C@H]4[C@]5(CCC(=O)C([C@@H]5CC[C@@]4([C@]3(CC2)C)C)(C)C)C)O,小续命汤 | 地黄饮子 | 保元汤 | 当归建中汤 | 三痹汤 | 暖肝煎 | 蠲痹汤 | 除湿胃苓汤 | 温脾丸 | 苏子降气汤 | 茵陈术附汤 | 阳和汤,"It has the effects of tonifying fire to assist yang, guiding fire back to its origin, dispersing cold to relieve pain, and activating blood circulation to unblock menstruation."
S001,口眼歪斜、语言謇涩、半身不遂、关节痹痛、手足不温,小续命汤,甘草(licorice ),CC(=CCC1=C(C2=C(C=C1O)OC(=O)C3=C2OC4=C3C=CC(=C4)O)OC)C | CC1(C=CC2=C(O1)C=CC3=C2OC[C@@H]4[C@H]3OC5=C4C=CC(=C5)O)C | CC1(CCC2=C(O1)C=C3C(=C2OC)C=C(C(=O)O3)C4=C(C=C(C=C4)O)O)CO | CC1(C=CC2=C(O1)C=CC(=C2O)C3COC4=C(C3=O)C(=CC(=C4)O)OC)C | CC(=CCC1=C(C=CC2=C1OC(=O)C3=C2OC4=C3C=CC(=C4)O)O)C,苓桂术甘汤 | 温经汤 | 枇杷清肺饮 | 二冬汤 | 桃核承气汤 | 芍药甘草汤 | 半夏泻心汤 | 麦门冬汤 | 温胆汤 | 小续命汤 | 当归饮子 | 泻白散 | 清心莲子饮 | 羌活胜湿汤 | 清金化痰汤 | 金水六君煎 | 清肺汤 | 保元汤 | 半夏白术天麻汤 | 宣郁通经汤 | 异功散 | 泻黄散 | 白术散 | 消乳丸 | 人参五味子汤 | 清宁散 | 竹叶石膏汤 | 麻黄汤 | 当归四逆汤 | 桂枝芍药知母汤 | 当归建中汤 | 升阳益胃汤 | 厚朴温中汤 | 保阴煎 | 固阴煎 | 清骨散 | 达原饮 | 沙参麦冬汤 | 完带汤 | 身痛逐瘀汤 | 散偏汤 | 旋覆代赭汤 | 甘草泻心汤 | 黄连汤 | 橘皮竹茹汤 | 甘姜苓术汤 | 厚朴七物汤 | 温脾汤 | 竹茹汤 | 辛夷散 | 实脾散 | 甘露饮 | 华盖散 | 三痹汤 | 乌药汤 | 大秦艽汤 | 托里消毒散 | 清上蠲痛汤 | 养胃汤 | 石决明散 | 三甲复脉汤 | 蠲痹汤 | 四妙勇安汤 | 除湿胃苓汤 | 清燥救肺汤 | 凉血地黄汤 | 桂枝甘草汤 | 栀子柏皮汤 | 黄芩汤 | 茯苓桂枝甘 草大枣汤 | 柴胡桂枝汤 | 通脉四逆汤 | 桂枝加厚朴杏子汤 | 桂枝麻黄各半汤 | 柴胡桂枝干姜汤 | 桂枝人参汤 | 生姜泻心汤 | 白虎加人参汤 | 调胃承气汤 | 桔梗汤 | 防己黄芪汤 | 苓甘五味姜辛汤 | 防己茯苓汤 | 越婢汤 | 麻黄杏仁薏苡甘草汤 | 瓜蒌桂枝汤 | 生姜甘草汤 | 苏子降气汤 | 香苏散 | 升麻葛根汤 | 平胃散 | 六和汤 | 五虎汤 | 芍药汤 | 门冬清肺饮 | 普济消毒饮子 | 羌活胜风汤 | 牛蒡甘桔汤 | 大补元煎 | 左归饮 | 举元煎 | 茜根散 | 泰山磐石散 | 滋阴降火汤 | 清胃汤 | 调肝汤 | 柴葛解肌汤 | 茵陈术附汤 | 阳和汤 | 柴胡清肝汤 | 地黄饮 | 凉血四物汤 | 膈下逐瘀汤 | 会厌逐瘀汤,"It has the effects of tonifying the spleen and replenishing qi, clearing heat and detoxifying, dispelling phlegm and stopping cough, relieving spasm and alleviating pain, as well as harmonizing the actions of other herbs."
S001,口眼歪斜、语言謇涩、半身不遂、关节痹痛、手足不温,小续命汤,白芍(Paeoniae Radix Alba),C[C@@]12CC(=O)[C@H]3C[C@@]1(O[C@@H]([C@@H]3COC(=O)C4=CC=CC=C4)O2)O | C[C@]12C[C@@]3([C@@H]4C[C@]1([C@@]4([C@H](O2)O3)COC(=O)C5=CC=CC=C5)O[C@H]6[C@@H]([C@H]([C@@H]([C@H](O6)CO)O)O)O)O | C[C@]12C[C@H]([C@@H]3C[C@]1([C@@]3(C(=O)O2)COC(=O)C4=CC=CC=C4)O[C@H]5[C@@H]([C@H]([C@@H]([C@H](O5)CO)O)O)O)O | CC(=C)[C@@H]1CC[C@]2([C@H]1[C@H]3CC[C@@H]4[C@]5(CC[C@@H](C([C@@H]5CC[C@]4([C@@]3(CC2)C)C)(C)C)O)C)C(=O)O,温经汤 | 桃红四物汤 | 芍药甘草汤 | 真武汤 | 黄芪桂枝五物汤 | 小续命汤 | 当归饮子 | 宣郁通经汤 | 当归四逆汤 | 桂枝芍药知母汤 | 当归建中汤 | 升阳益胃汤 | 保阴煎 | 化肝煎 | 达原饮 | 完带汤 | 散偏汤 | 附子汤 | 三痹汤 | 大秦艽汤 | 托里消毒散 | 三甲复脉汤 | 清经散 | 清肝止淋汤 | 两地汤 | 黄芩汤 | 柴胡桂枝汤 | 桂枝加厚朴杏子汤 | 桂枝麻黄各半汤 | 当归散 | 枳实芍药散 | 瓜蒌桂枝汤 | 升麻葛根汤 | 芍药汤 | 门冬清肺饮 | 泰山磐石散 | 滋阴降火汤 | 解郁汤 | 养精种玉汤 | 定经汤 | 调肝汤 | 滋水清肝饮,"It has the effects of pacifying the liver to relieve pain, nourishing blood to regulate menstruation, and astringing yin to stop sweating."
S001,口眼歪斜、语言謇涩、半身不遂、关节痹痛、手足不温,小续命汤,川芎(Chuanxiong Rhizoma),CCCCC/C=C\C/C=C\CCCCCCCC(=O)OCC | C1=CC=C2C(=C1)C3=C(N2)C(=NC=C3)C4=CC=C(O4)CO | CC1=CC(=O)C=C(C1=O)C/C=C(\C)/CC/C=C(\C)/CCC=C(C)C | C1=CC(=CC=C1C(=O)N[C@@H](CCC(=O)O)C(=O)O)NCC2=CN=C3C(=N2)C(=O)NC(=N3)N | COC1=C2C=C(CCCCC(=O)CCC3=CC2=C(C=C3)O)C(=C1OC)O,温经汤 | 桃红四物汤 | 小续命汤 | 当归饮子 | 羌活胜湿汤 | 身痛逐瘀汤 | 散偏汤 | 辛夷散 | 三痹汤 | 圣愈汤 | 大秦艽汤 | 托里消毒散 | 清上蠲痛汤 | 蠲痹汤 | 当归散 | 佛手散 | 羌活胜风汤 | 牛蒡甘桔汤 | 泰山磐石散 | 滋阴降火汤 | 柴胡清肝汤 | 四物消风饮 | 凉血四物汤 | 通窍活血汤 | 膈下逐瘀汤,"It has the effects of activating blood circulation, promoting qi movement, dispelling wind, and relieving pain."
S001,口眼歪斜、语言謇涩、半身不遂、关节痹痛、手足不温,小续命汤,苦杏仁（Amygdalus Communis Vas）,CC(=C)[C@@H]1CC[C@]2([C@H]1[C@H]3CC[C@@H]4[C@]5(CC[C@@H](C([C@@H]5CC[C@]4([C@@]3(CC2)C)C)(C)C)O)C)C(=O)O | CC(=CCC1=C(C2=C(C=C1O)OC(=O)C3=C2OC4=C3C=CC(=C4)O)OC)C | C[C@H]1[C@@H]([C@H]([C@H]([C@@H](O1)O[C@@H]2[C@H]([C@H](CO[C@H]2O[C@H]3CC[C@@]4([C@H]5CC[C@@H]6[C@H]7[C@@](C[C@@H](O[C@@]78C[C@]6([C@@]5(CC[C@H]4C3(C)C)C)CO8)C=C(C)C)(C)O)C)O)O[C@H]9[C@@H]([C@H]([C@@H]([C@H](O9)CO)O)O)O[C@H]1[C@@H]([C@H]([C@@H](CO1)O)O)O)O)O)O | C1[C@H](OC2=C(C1=O)C=CC(=C2)O)C3=CC=C(C=C3)O[C@H]4[C@@H]([C@H]([C@@H]([C@H](O4)CO)O)O)O,小续命汤 | 清肺汤 | 麻黄汤 | 厚朴麻黄汤 | 华盖散 | 桑白皮汤 | 清燥救肺汤 | 桂枝加厚朴杏子汤 | 桂枝麻黄各半汤 | 麻黄杏仁薏苡甘草汤 | 六和汤 | 五虎汤 | 宣痹汤,"It has the effects of stopping cough and calming wheezing, moistening intestines to relieve constipation, and diffusing the lungs to release the exterior."
S001,口眼歪斜、语言謇涩、半身不遂、关节痹痛、手足不温,小续命汤,附子(Aconiti Lateralis Radix Praeparata),C[C@@]12CC[C@H]([C@@]([C@@H]1CCC(=C)[C@H]2CCC3=CCOC3=O)(C)CO)O | CCN1C[C@@]2(CC[C@@H]([C@@]34[C@@H]2C[C@@H](C31)[C@]5(C[C@@H]([C@H]6C[C@@H]4[C@@H]5[C@H]6O)OC)O)O)C | COC1=C(OC2=C(C1=O)C=CC3=C2C=CO3)C4=CC=CC=C4 | CCN1C[C@@]2(CC[C@@H]([C@@]34[C@@H]2C[C@@H](C31)[C@]5(C[C@@H]([C@H]6C[C@@H]4[C@@H]5[C@H]6O)OC)O)O)COC,真武汤 | 小续命汤 | 地黄饮子 | 桂枝芍药知母汤 | 附子汤 | 温脾汤 | 实脾散 | 乌药汤 | 麻黄细辛附子汤 | 附子泻心汤 | 通脉四逆汤 | 大黄附子汤 | 薏苡附子败酱散 | 温脾丸 | 香苏散 | 茵陈术附汤,"It has the effects of tonifying the life-gate fire, warming and transforming cold-dampness, restoring yang, supplementing yang, and strengthening spleen yang."
S001,口眼歪斜、语言謇涩、半身不遂、关节痹痛、手足不温,小续命汤,防风（Saposhnikoviae Radix）,COC1=C(C=CC(=C1)[C@@H]2[C@H](OC3=C4C(=CC(=C3O2)OC)C=CC(=O)O4)CO)O | C/C=C(\C)/C(=O)O[C@H]1[C@@H](C(OC2=C1C3=C(C=C2)C=CC(=O)O3)(C)C)OC(=O)/C(=C/C)/C | C/C=C(/C)\C(=O)O[C@H]1CC2=C(C=C3C(=C2O)C(=O)C=C(O3)CO)OC1(C)C | CC[C@H](CC[C@@H](C)[C@H]1CC[C@@H]2[C@@]1(CC[C@H]3[C@H]2CC=C4[C@@]3(CC[C@H](C4)O)C)C)C(C)C | CC[C@H](CC[C@@H](C)[C@H]1CC[C@@H]2[C@@]1(CC[C@H]3[C@H]2CC=C4[C@@]3(CC[C@@H](C4)O)C)C)C(C)C,小续命汤 | 当归饮子 | 羌活胜湿汤 | 泻黄散 | 桂枝芍药知母汤 | 升阳益胃汤 | 辛夷散 | 三痹汤 | 大秦艽汤 | 清上蠲痛汤 | 除湿胃苓汤 | 延年薯蓣酒 | 羌活胜风汤 | 清胃汤 | 柴胡清肝汤 | 四物消风饮,"It has the effects of releasing the exterior and dispelling wind, overcoming dampness, and stopping convulsions."
S001,口眼歪斜、语言謇涩、半身不遂、关节痹痛、手足不温,小续命汤,生姜( Zingiber Officinale Roscoe),CC[C@H](CC[C@@H](C)[C@H]1CC[C@@H]2[C@@]1(CC[C@H]3[C@H]2CC=C4[C@@]3(CC[C@@H](C4)O)C)C)C(C)C | CC[C@H](/C=C/[C@@H](C)[C@H]1CC[C@@H]2[C@@]1(CC[C@H]3[C@H]2CC=C4[C@@]3(CC[C@@H](C4)O)C)C)C(C)C | CC[C@@H](CC[C@@H](C)[C@H]1CC[C@@H]2[C@@]1(CC[C@H]3[C@H]2CC=C4[C@@]3(CC[C@@H](C4)O)C)C)C(C)C | CC(C)CCCCCCC(=O)NCC1=CC(=C(C=C1)O)OC,真武汤 | 黄芪桂枝五物汤 | 温胆汤 | 小续命汤 | 当归饮子 | 地黄饮子 | 金水六君煎 | 清肺汤 | 保元汤 | 半夏白术天麻汤 | 异功散 | 人参五味子汤 | 清宁散 | 桂枝芍药知母汤 | 半夏厚朴汤 | 当归建中汤 | 升阳益胃汤 | 厚朴温中汤 | 旋覆代赭汤 | 吴茱萸汤 | 橘皮竹茹汤 | 厚朴七物汤 | 丁香柿蒂散 | 柴胡桂枝汤 | 桂枝加厚朴杏子汤 | 桂枝麻黄各半汤 | 生姜泻心汤 | 射干麻黄汤 | 小半夏加茯苓汤 | 越婢汤 | 瓜蒌桂枝汤 | 生姜甘草汤 | 延年薯蓣酒 | 柴胡陷胸汤 | 通窍活血汤,"It has the effects of resolving phlegm to stop cough, descending rebellion to arrest vomiting, releasing the exterior, and dispersing wind-cold."
S002,红色丘疹、脓水浸淫、夜间剧痒、心烦失眠、血虚,当归饮子,当归(Angelicae Sinensis Radix),CC1=CC[C@@]2(CCCC([C@]23[C@H]1C3)(C)C)C | CC[C@H](CC[C@@H](C)[C@H]1CC[C@@H]2[C@@]1(CC[C@H]3[C@H]2CC=C4[C@@]3(CC[C@@H](C4)O)C)C)C(C)C | CC[C@H](/C=C/[C@@H](C)[C@H]1CC[C@@H]2[C@@]1(CC[C@H]3[C@H]2CC=C4[C@@]3(CC[C@@H](C4)O)C)C)C(C)C | C[C@@H]1CC[C@@H]2[C@]13CC=C([C@H](C3)C2(C)C)C | C1=CC=C(C=C1)C2=CC(=S)C=C(S2)C3=CC=CC=C3,温经汤 | 一贯煎 | 桃红四物汤 | 当归饮子 | 当归补血汤 | 金水六君煎 | 济川煎 | 清肺汤 | 宣郁通经汤 | 当归四逆汤 | 当归建中汤 | 当归六黄汤 | 身痛逐瘀汤 | 三痹汤 | 清胃散 | 圣愈汤 | 乌药汤 | 大秦艽汤 | 暖肝煎 | 托里消毒散 | 清上蠲痛汤 | 蠲痹汤 | 清肝止淋汤 | 四妙勇安汤 | 黄连膏 | 凉血地黄汤 | 当归散 | 温脾丸 | 苏子降气汤 | 佛手散 | 芍药汤 | 门冬清肺饮 | 大补元煎 | 泰山磐石散 | 滋阴降火汤 | 清胃汤 | 解郁汤 | 固本止崩汤 | 养精种玉汤 | 定经汤 | 调肝汤 | 柴胡清肝汤 | 四物消风饮 | 地黄饮 | 凉血四物汤 | 滋水清肝饮 | 膈下逐瘀汤 | 会厌逐瘀汤 | 补肾活血汤 | 活络效灵丹,"It has the effects of nourishing blood, promoting blood circulation, regulating menstruation, relieving pain, and moistening intestines to relieve constipation."
S002,红色丘疹、脓水浸淫、夜间剧痒、心烦失眠、血虚,当归饮子,白芍(Paeoniae Radix Alba),C[C@@]12CC(=O)[C@H]3C[C@@]1(O[C@@H]([C@@H]3COC(=O)C4=CC=CC=C4)O2)O | C[C@]12C[C@@]3([C@@H]4C[C@]1([C@@]4([C@H](O2)O3)COC(=O)C5=CC=CC=C5)O[C@H]6[C@@H]([C@H]([C@@H]([C@H](O6)CO)O)O)O)O | C[C@]12C[C@H]([C@@H]3C[C@]1([C@@]3(C(=O)O2)COC(=O)C4=CC=CC=C4)O[C@H]5[C@@H]([C@H]([C@@H]([C@H](O5)CO)O)O)O)O | CC(=C)[C@@H]1CC[C@]2([C@H]1[C@H]3CC[C@@H]4[C@]5(CC[C@@H](C([C@@H]5CC[C@]4([C@@]3(CC2)C)C)(C)C)O)C)C(=O)O,温经汤 | 桃红四物汤 | 芍药甘草汤 | 真武汤 | 黄芪桂枝五物汤 | 小续命汤 | 当归饮子 | 宣郁通经汤 | 当归四逆汤 | 桂枝芍药知母汤 | 当归建中汤 | 升阳益胃汤 | 保阴煎 | 化肝煎 | 达原饮 | 完带汤 | 散偏汤 | 附子汤 | 三痹汤 | 大秦艽汤 | 托里消毒散 | 三甲复脉汤 | 清经散 | 清肝止淋汤 | 两地汤 | 黄芩汤 | 柴胡桂枝汤 | 桂枝加厚朴杏子汤 | 桂枝麻黄各半汤 | 当归散 | 枳实芍药散 | 瓜蒌桂枝汤 | 升麻葛根汤 | 芍药汤 | 门冬清肺饮 | 泰山磐石散 | 滋阴降火汤 | 解郁汤 | 养精种玉汤 | 定经汤 | 调肝汤 | 滋水清肝饮,"It has the effects of pacifying the liver to relieve pain, nourishing blood to regulate menstruation, and astringing yin to stop sweating."
S002,红色丘疹、脓水浸淫、夜间剧痒、心烦失眠、血虚,当归饮子,川芎(Chuanxiong Rhizoma),CCCCC/C=C\C/C=C\CCCCCCCC(=O)OCC | C1=CC=C2C(=C1)C3=C(N2)C(=NC=C3)C4=CC=C(O4)CO | CC1=CC(=O)C=C(C1=O)C/C=C(\C)/CC/C=C(\C)/CCC=C(C)C | C1=CC(=CC=C1C(=O)N[C@@H](CCC(=O)O)C(=O)O)NCC2=CN=C3C(=N2)C(=O)NC(=N3)N | COC1=C2C=C(CCCCC(=O)CCC3=CC2=C(C=C3)O)C(=C1OC)O,温经汤 | 桃红四物汤 | 小续命汤 | 当归饮子 | 羌活胜湿汤 | 身痛逐瘀汤 | 散偏汤 | 辛夷散 | 三痹汤 | 圣愈汤 | 大秦艽汤 | 托里消毒散 | 清上蠲痛汤 | 蠲痹汤 | 当归散 | 佛手散 | 羌活胜风汤 | 牛蒡甘桔汤 | 泰山磐石散 | 滋阴降火汤 | 柴胡清肝汤 | 四物消风饮 | 凉血四物汤 | 通窍活血汤 | 膈下逐瘀汤,"It has the effects of activating blood circulation, promoting qi movement, dispelling wind, and relieving pain."
S002,红色丘疹、脓水浸淫、夜间剧痒、心烦失眠、血虚,当归饮子,地黄(Rehmanniae Radix Praeparata),CCCCC/C=C\C/C=C\CCCCCCCC(=O)O | CC[C@H](CC[C@@H](C)[C@H]1CC[C@@H]2[C@@]1(CC[C@H]3[C@H]2CC=C4[C@@]3(CC[C@H](C4)O)C)C)C(C)C | CO[C@@H]1CC2C([C@H](O1)OC)C3(C(C2O)O3)CO | C[C@@H]1[C@H]([C@H]([C@H]([C@@H](O1)OC[C@@H]2[C@H]([C@@H]([C@H]([C@@H](O2)O[C@H]3[C@H]4[C@H](CCC4=C)C(=CO3)C(=O)OC)O)O)O)O)O)O | CC[C@H](/C=C/[C@@H](C)[C@H]1CC[C@@H]2[C@@]1(CC[C@H]3[C@H]2CC=C4[C@@]3(CC[C@@H](C4)O)C)C)C(C)C,一贯煎 | 桃红四物汤 | 当归饮子 | 百合地黄汤 | 当归六黄汤 | 保阴煎 | 甘露饮 | 三痹汤 | 清胃散 | 圣愈汤 | 大秦艽汤 | 三甲复脉汤 | 益胃汤 | 清肝止淋汤 | 黄连膏 | 凉血地黄汤 | 驻景丸 | 茜根散 | 滋阴降火汤 | 柴葛解肌汤 | 柴胡清肝汤 | 四物消风饮 | 地黄饮 | 凉血四物汤 | 增液承气汤 | 会厌逐瘀汤,"It has the effects of tonifying essence and replenishing marrow, nourishing blood, and supplementing yin."
S002,红色丘疹、脓水浸淫、夜间剧痒、心烦失眠、血虚,当归饮子,蒺藜（Tribulifructus）,COC1=C(C=CC(=C1)C2=C(C(=O)C3=C(C=C(C=C3O2)O)O)O)O | COC1=C(C=CC(=C1)/C=C\C(=O)NCCC2=CC=C(C=C2)O)O | COC1=C(C=CC(=C1)/C=C/C(=O)NCC(=O)C2=CC=C(C=C2)O)O,当归饮子 | 地黄饮,"It has the effects of pacifying the liver to relieve stagnation, activating blood circulation to dispel wind, improving vision, and stopping itching."
S002,红色丘疹、脓水浸淫、夜间剧痒、心烦失眠、血虚,当归饮子,防风（Saposhnikoviae Radix）,COC1=C(C=CC(=C1)[C@@H]2[C@H](OC3=C4C(=CC(=C3O2)OC)C=CC(=O)O4)CO)O | C/C=C(\C)/C(=O)O[C@H]1[C@@H](C(OC2=C1C3=C(C=C2)C=CC(=O)O3)(C)C)OC(=O)/C(=C/C)/C | C/C=C(/C)\C(=O)O[C@H]1CC2=C(C=C3C(=C2O)C(=O)C=C(O3)CO)OC1(C)C | CC[C@H](CC[C@@H](C)[C@H]1CC[C@@H]2[C@@]1(CC[C@H]3[C@H]2CC=C4[C@@]3(CC[C@H](C4)O)C)C)C(C)C | CC[C@H](CC[C@@H](C)[C@H]1CC[C@@H]2[C@@]1(CC[C@H]3[C@H]2CC=C4[C@@]3(CC[C@@H](C4)O)C)C)C(C)C,小续命汤 | 当归饮子 | 羌活胜湿汤 | 泻黄散 | 桂枝芍药知母汤 | 升阳益胃汤 | 辛夷散 | 三痹汤 | 大秦艽汤 | 清上蠲痛汤 | 除湿胃苓汤 | 延年薯蓣酒 | 羌活胜风汤 | 清胃汤 | 柴胡清肝汤 | 四物消风饮,"It has the effects of releasing the exterior and dispelling wind, overcoming dampness, and stopping convulsions."
S002,红色丘疹、脓水浸淫、夜间剧痒、心烦失眠、血虚,当归饮子,荆芥穗（Schizonepetae Spica）,CC(=CCC/C(=C/CC/C(=C/CC/C=C(\C)/CC/C=C(/C)\CCC=C(C)C)/C)/C)C | CC[C@H](CC[C@@H](C)[C@H]1CC[C@@H]2[C@@]1(CC[C@H]3[C@H]2CC=C4[C@@]3(CC[C@H](C4)O)C)C)C(C)C | CC[C@H](/C=C/[C@@H](C)[C@H]1CC[C@@H]2[C@@]1(CC[C@H]3[C@H]2CC=C4[C@@]3(CC[C@@H](C4)O)C)C)C(C)C | COC1=CC=C(C=C1)C2=CC(=O)C3=C(O2)C=C(C(=C3O)OC)O,当归饮子 | 槐花散 | 凉血地黄汤 | 羌活胜风汤 | 清胃汤 | 定经汤 | 四物消风饮,"It has the effects of dispersing wind-cold, promoting eruption to relieve itching, and stopping bleeding."
S002,红色丘疹、脓水浸淫、夜间剧痒、心烦失眠、血虚,当归饮子,何首乌（ Radix Polygoni multiflori）,CC1=CC2=C(C(=C1)O)C(=O)C3=C(C2=O)C=C(C=C3O)O | CC1=CC2=C(C(=C1)O)C(=O)C3=C(C2=O)C=C(C=C3O)OC | C1=CC2=C(C(=C1)O)C(=O)C3=C(C2=O)C=C(C=C3O)C(=O)O | C1=CC(=CC=C1/C=C/C2=CC(=CC(=C2)O[C@H]3[C@@H]([C@H]([C@@H]([C@H](O3)CO)O)O)O)O)O | C1=CC(=CC=C1/C=C/C2=C(C(=CC(=C2)O)O)O[C@H]3[C@@H]([C@H]([C@@H]([C@H](O3)CO)O)O)O)O,当归饮子 | 地黄饮,"It has the effects of detoxifying, relieving pain and swelling, and moistening the intestines to relieve constipation."
S002,红色丘疹、脓水浸淫、夜间剧痒、心烦失眠、血虚,当归饮子,甘草(licorice ),CC(=CCC1=C(C2=C(C=C1O)OC(=O)C3=C2OC4=C3C=CC(=C4)O)OC)C | CC1(C=CC2=C(O1)C=CC3=C2OC[C@@H]4[C@H]3OC5=C4C=CC(=C5)O)C | CC1(CCC2=C(O1)C=C3C(=C2OC)C=C(C(=O)O3)C4=C(C=C(C=C4)O)O)CO | CC1(C=CC2=C(O1)C=CC(=C2O)C3COC4=C(C3=O)C(=CC(=C4)O)OC)C | CC(=CCC1=C(C=CC2=C1OC(=O)C3=C2OC4=C3C=CC(=C4)O)O)C,苓桂术甘汤 | 温经汤 | 枇杷清肺饮 | 二冬汤 | 桃核承气汤 | 芍药甘草汤 | 半夏泻心汤 | 麦门冬汤 | 温胆汤 | 小续命汤 | 当归饮子 | 泻白散 | 清心莲子饮 | 羌活胜湿汤 | 清金化痰汤 | 金水六君煎 | 清肺汤 | 保元汤 | 半夏白术天麻汤 | 宣郁通经汤 | 异功散 | 泻黄散 | 白术散 | 消乳丸 | 人参五味子汤 | 清宁散 | 竹叶石膏汤 | 麻黄汤 | 当归四逆汤 | 桂枝芍药知母汤 | 当归建中汤 | 升阳益胃汤 | 厚朴温中汤 | 保阴煎 | 固阴煎 | 清骨散 | 达原饮 | 沙参麦冬汤 | 完带汤 | 身痛逐瘀汤 | 散偏汤 | 旋覆代赭汤 | 甘草泻心汤 | 黄连汤 | 橘皮竹茹汤 | 甘姜苓术汤 | 厚朴七物汤 | 温脾汤 | 竹茹汤 | 辛夷散 | 实脾散 | 甘露饮 | 华盖散 | 三痹汤 | 乌药汤 | 大秦艽汤 | 托里消毒散 | 清上蠲痛汤 | 养胃汤 | 石决明散 | 三甲复脉汤 | 蠲痹汤 | 四妙勇安汤 | 除湿胃苓汤 | 清燥救肺汤 | 凉血地黄汤 | 桂枝甘草汤 | 栀子柏皮汤 | 黄芩汤 | 茯苓桂枝甘 草大枣汤 | 柴胡桂枝汤 | 通脉四逆汤 | 桂枝加厚朴杏子汤 | 桂枝麻黄各半汤 | 柴胡桂枝干姜汤 | 桂枝人参汤 | 生姜泻心汤 | 白虎加人参汤 | 调胃承气汤 | 桔梗汤 | 防己黄芪汤 | 苓甘五味姜辛汤 | 防己茯苓汤 | 越婢汤 | 麻黄杏仁薏苡甘草汤 | 瓜蒌桂枝汤 | 生姜甘草汤 | 苏子降气汤 | 香苏散 | 升麻葛根汤 | 平胃散 | 六和汤 | 五虎汤 | 芍药汤 | 门冬清肺饮 | 普济消毒饮子 | 羌活胜风汤 | 牛蒡甘桔汤 | 大补元煎 | 左归饮 | 举元煎 | 茜根散 | 泰山磐石散 | 滋阴降火汤 | 清胃汤 | 调肝汤 | 柴葛解肌汤 | 茵陈术附汤 | 阳和汤 | 柴胡清肝汤 | 地黄饮 | 凉血四物汤 | 膈下逐瘀汤 | 会厌逐瘀汤,"It has the effects of tonifying the spleen and replenishing qi, clearing heat and detoxifying, dispelling phlegm and stopping cough, relieving spasm and alleviating pain, as well as harmonizing the actions of other herbs."
S002,红色丘疹、脓水浸淫、夜间剧痒、心烦失眠、血虚,当归饮子,生姜( Zingiber Officinale Roscoe),CC[C@H](CC[C@@H](C)[C@H]1CC[C@@H]2[C@@]1(CC[C@H]3[C@H]2CC=C4[C@@]3(CC[C@@H](C4)O)C)C)C(C)C | CC[C@H](/C=C/[C@@H](C)[C@H]1CC[C@@H]2[C@@]1(CC[C@H]3[C@H]2CC=C4[C@@]3(CC[C@@H](C4)O)C)C)C(C)C | CC[C@@H](CC[C@@H](C)[C@H]1CC[C@@H]2[C@@]1(CC[C@H]3[C@H]2CC=C4[C@@]3(CC[C@@H](C4)O)C)C)C(C)C | CC(C)CCCCCCC(=O)NCC1=CC(=C(C=C1)O)OC,真武汤 | 黄芪桂枝五物汤 | 温胆汤 | 小续命汤 | 当归饮子 | 地黄饮子 | 金水六君煎 | 清肺汤 | 保元汤 | 半夏白术天麻汤 | 异功散 | 人参五味子汤 | 清宁散 | 桂枝芍药知母汤 | 半夏厚朴汤 | 当归建中汤 | 升阳益胃汤 | 厚朴温中汤 | 旋覆代赭汤 | 吴茱萸汤 | 橘皮竹茹汤 | 厚朴七物汤 | 丁香柿蒂散 | 柴胡桂枝汤 | 桂枝加厚朴杏子汤 | 桂枝麻黄各半汤 | 生姜泻心汤 | 射干麻黄汤 | 小半夏加茯苓汤 | 越婢汤 | 瓜蒌桂枝汤 | 生姜甘草汤 | 延年薯蓣酒 | 柴胡陷胸汤 | 通窍活血汤,"It has the effects of resolving phlegm to stop cough, descending rebellion to arrest vomiting, releasing the exterior, and dispersing wind-cold."
S002,红色丘疹、脓水浸淫、夜间剧痒、心烦失眠、血虚,当归饮子,黄芪（Hedysarum Multijugum Maxim）,CC(=C)[C@@H]1CC[C@]2([C@H]1[C@H]3CC[C@@H]4[C@]5(CC[C@@H](C([C@@H]5CC[C@]4([C@@]3(CC2)C)C)(C)C)O)C)C(=O)O | COC1=CC2=C(C=C1)[C@H]3[C@@H](CO2)C4=C(O3)C(=C(C=C4)OC)OC | COC1=C(C2=C(C=C1)[C@@H]3COC4=C([C@@H]3O2)C=CC(=C4)O)OC | C1=CC(=CC=C1C(=O)N[C@@H](CCC(=O)O)C(=O)O)NCC2=CN=C3C(=N2)C(=O)N=C(N3)N | COC1=C(C(=C(C=C1)[C@H]2CC3=C(C=C(C=C3)O[C@H]4[C@@H]([C@H]([C@@H]([C@H](O4)CO)O)O)O)OC2)O[C@H]5[C@@H]([C@H]([C@@H]([C@H](O5)CO)O)O)O)OC,升陷汤 | 黄芪桂枝五物汤 | 当归饮子 | 清心莲子饮 | 当归补血汤 | 保元汤 | 升阳益胃汤 | 当归六黄汤 | 三痹汤 | 圣愈汤 | 托里消毒散 | 防己黄芪汤 | 防己茯苓汤 | 牡蛎散 | 佛手散 | 门冬清肺饮 | 举元煎 | 泰山磐石散 | 固本止崩汤 | 黄芪汤 | 理冲汤,"It has the effects of tonifying qi to secure the exterior, stopping sweating, expelling toxins, promoting tissue regeneration, and inducing diuresis to reduce swelling."
S003,心烦失眠、口燥咽干、面赤升火、遗精滑泄、腰膝酸软,清心莲子饮,黄芩(Scutellariae Radix),COC1=CC=CC(=C1C2=CC(=O)C3=C(C(=C(C(=C3O2)OC)OC)OC)O)O | COC1=C(C2=C(C(=C1)O)C(=O)C=C(O2)C3=CC=CC=C3O)OC | COC1=C(C=C(C2=C1OC(=CC2=O)C3=CC=C(C=C3)O)O)O,二冬汤 | 半夏泻心汤 | 小续命汤 | 清心莲子饮 | 清金化痰汤 | 清肺汤 | 宣郁通经汤 | 当归六黄汤 | 保阴煎 | 达原饮 | 甘草泻心汤 | 甘露饮 | 大秦艽汤 | 桑白皮汤 | 清上蠲痛汤 | 凉血地黄汤 | 黄芩汤 | 附子泻心汤 | 柴胡桂枝汤 | 柴胡桂枝干姜汤 | 生姜泻心汤 | 当归散 | 泻心汤 | 芍药汤 | 普济消毒饮子 | 羌活胜风汤 | 茜根散 | 泰山磐石散 | 滋阴降火汤 | 清胃汤 | 柴葛解肌汤 | 柴胡清肝汤 | 凉血四物汤 | 柴胡陷胸汤,"It has the effects of clearing heat and drying dampness, purging fire and detoxifying, stopping bleeding, and preventing miscarriage."
S003,心烦失眠、口燥咽干、面赤升火、遗精滑泄、腰膝酸软,清心莲子饮,麦冬（Ophiopogon japonicus）,CC1CCC2(C(C3C(O2)CC4C3(CCC5C4CC=C6C5(C(CC(C6)O)OC7C(C(C(C(O7)C)O)OC8C(C(C(CO8)O)O)O)OC9C(C(C(C(O9)C)O)O)O)C)C)C)OC1 | C=CC(=O)NCCCCC1=NC=C(N1)CO | CC1=C(C(=C2C(=C1O)C(=O)[C@@H](CO2)CC3=CC=C(C=C3)OC)C)O | CC1=C(C(=C2C(=C1O)C(=O)C(=CO2)CC3=CC4=C(C=C3)OCO4)C=O)O,一贯煎 | 麦门冬汤 | 清心莲子饮 | 地黄饮子 | 清金化痰汤 | 清肺汤 | 人参五味子汤 | 竹叶石膏汤 | 玉女煎 | 沙参麦冬汤 | 甘露饮 | 清上蠲痛汤 | 三甲复脉汤 | 益胃汤 | 两地汤 | 清燥救肺汤 | 门冬清肺饮 | 滋阴降火汤 | 增液承气汤,"It has the effects of nourishing yin to promote fluid production, moistening the lungs, and clearing heart heat."
S003,心烦失眠、口燥咽干、面赤升火、遗精滑泄、腰膝酸软,清心莲子饮,地骨皮（Lycii Cortex）,C[C@H]1[C@@H]([C@H]([C@H]([C@@H](O1)OC[C@@H]2[C@H]([C@@H]([C@H]([C@@H](O2)OC3=CC(=C4C(=C3)OC(=CC4=O)C5=CC=C(C=C5)OC)O)O)O)O)O)O)O | COC1=C(C=C2C(=C1)C=CC(=O)O2)O[C@H]3[C@@H]([C@H]([C@@H]([C@H](O3)CO)O)O)O | CC(=O)OC[C@H](CC1=CC=CC=C1)NC(=O)[C@H](CC2=CC=CC=C2)NC(=O)C3=CC=CC=C3 | CC[C@H](/C=C/[C@@H](C)[C@H]1CC[C@@H]2[C@@]1(CC[C@H]3[C@H]2CC=C4[C@@]3(CC[C@@H](C4)O)C)C)C(C)C,泻白散 | 清心莲子饮 | 清骨散 | 清经散 | 两地汤,"It has the effects of cooling blood, clearing deficient heat, and clearing lung heat."
S003,心烦失眠、口燥咽干、面赤升火、遗精滑泄、腰膝酸软,清心莲子饮,车前子（Plantaginis Semen）,CC[C@H](CC[C@@H](C)[C@H]1CC[C@@H]2[C@@]1(CC[C@H]3[C@H]2CC=C4[C@@]3(CC[C@H](C4)O)C)C)C(C)C | CC[C@H](CC[C@@H](C)[C@H]1CC[C@@H]2[C@@]1(CC[C@H]3[C@H]2CC=C4[C@@]3(CC[C@@H](C4)O[C@H]5[C@@H]([C@H]([C@@H]([C@H](O5)CO)O)O)O)C)C)C(C)C | C1[C@H](OC2=CC(=CC(=C2C1=O)O)O)C3=CC(=C(C(=C3)O)O)O | C1=CC(=C(C=C1C2=C(C(=O)C3=C(C=C(C=C3O2)O)O)O)O)O,清心莲子饮 | 易黄汤 | 清宁散 | 完带汤 | 驻景丸,"It has the effects of cooling blood, clearing heat and draining dampness, and detoxifying."
S003,心烦失眠、口燥咽干、面赤升火、遗精滑泄、腰膝酸软,清心莲子饮,甘草(licorice ),CC(=CCC1=C(C2=C(C=C1O)OC(=O)C3=C2OC4=C3C=CC(=C4)O)OC)C | CC1(C=CC2=C(O1)C=CC3=C2OC[C@@H]4[C@H]3OC5=C4C=CC(=C5)O)C | CC1(CCC2=C(O1)C=C3C(=C2OC)C=C(C(=O)O3)C4=C(C=C(C=C4)O)O)CO | CC1(C=CC2=C(O1)C=CC(=C2O)C3COC4=C(C3=O)C(=CC(=C4)O)OC)C | CC(=CCC1=C(C=CC2=C1OC(=O)C3=C2OC4=C3C=CC(=C4)O)O)C,苓桂术甘汤 | 温经汤 | 枇杷清肺饮 | 二冬汤 | 桃核承气汤 | 芍药甘草汤 | 半夏泻心汤 | 麦门冬汤 | 温胆汤 | 小续命汤 | 当归饮子 | 泻白散 | 清心莲子饮 | 羌活胜湿汤 | 清金化痰汤 | 金水六君煎 | 清肺汤 | 保元汤 | 半夏白术天麻汤 | 宣郁通经汤 | 异功散 | 泻黄散 | 白术散 | 消乳丸 | 人参五味子汤 | 清宁散 | 竹叶石膏汤 | 麻黄汤 | 当归四逆汤 | 桂枝芍药知母汤 | 当归建中汤 | 升阳益胃汤 | 厚朴温中汤 | 保阴煎 | 固阴煎 | 清骨散 | 达原饮 | 沙参麦冬汤 | 完带汤 | 身痛逐瘀汤 | 散偏汤 | 旋覆代赭汤 | 甘草泻心汤 | 黄连汤 | 橘皮竹茹汤 | 甘姜苓术汤 | 厚朴七物汤 | 温脾汤 | 竹茹汤 | 辛夷散 | 实脾散 | 甘露饮 | 华盖散 | 三痹汤 | 乌药汤 | 大秦艽汤 | 托里消毒散 | 清上蠲痛汤 | 养胃汤 | 石决明散 | 三甲复脉汤 | 蠲痹汤 | 四妙勇安汤 | 除湿胃苓汤 | 清燥救肺汤 | 凉血地黄汤 | 桂枝甘草汤 | 栀子柏皮汤 | 黄芩汤 | 茯苓桂枝甘 草大枣汤 | 柴胡桂枝汤 | 通脉四逆汤 | 桂枝加厚朴杏子汤 | 桂枝麻黄各半汤 | 柴胡桂枝干姜汤 | 桂枝人参汤 | 生姜泻心汤 | 白虎加人参汤 | 调胃承气汤 | 桔梗汤 | 防己黄芪汤 | 苓甘五味姜辛汤 | 防己茯苓汤 | 越婢汤 | 麻黄杏仁薏苡甘草汤 | 瓜蒌桂枝汤 | 生姜甘草汤 | 苏子降气汤 | 香苏散 | 升麻葛根汤 | 平胃散 | 六和汤 | 五虎汤 | 芍药汤 | 门冬清肺饮 | 普济消毒饮子 | 羌活胜风汤 | 牛蒡甘桔汤 | 大补元煎 | 左归饮 | 举元煎 | 茜根散 | 泰山磐石散 | 滋阴降火汤 | 清胃汤 | 调肝汤 | 柴葛解肌汤 | 茵陈术附汤 | 阳和汤 | 柴胡清肝汤 | 地黄饮 | 凉血四物汤 | 膈下逐瘀汤 | 会厌逐瘀汤,"It has the effects of tonifying the spleen and replenishing qi, clearing heat and detoxifying, dispelling phlegm and stopping cough, relieving spasm and alleviating pain, as well as harmonizing the actions of other herbs."
S003,心烦失眠、口燥咽干、面赤升火、遗精滑泄、腰膝酸软,清心莲子饮,莲子（Semen Nelumbinis）,CCCCC/C=C\C/C=C\CCCCCCCC(=O)O | COC1=C(C2=C3[C@@H](CC4=CC=CC=C42)NCCC3=C1)OC | C1OC2=C(O1)C3=C4C(=C2)C=CN=C4C(=O)C5=CC=CC=C53,清心莲子饮,"It has the effects of consolidating essence, nourishing the heart to calm the spirit, fortifying the spleen to stop diarrhea, and tonifying the kidneys."
S003,心烦失眠、口燥咽干、面赤升火、遗精滑泄、腰膝酸软,清心莲子饮,茯苓（Poria Cocos(Schw.) Wolf ）,CC(=CCC[C@H]([C@H]1CC[C@@]2([C@@]1(CCC3=C2CC[C@@H]4[C@@]3(CC[C@@H](C4(C)C)O)C)C)C)C(=O)O)C | C[C@H](/C=C/[C@H](C)C(C)C)[C@H]1CC[C@@H]2[C@@]1(CC[C@H]3C2=CC[C@@H]4[C@@]3(CC[C@@H](C4)O)C)C | C[C@H](/C=C/[C@H](C)C(C)C)[C@H]1CC[C@@H]2[C@@]1(CC[C@H]3[C@]24C=C[C@@]5([C@@]3(CC[C@@H](C5)O)C)OO4)C | CC(C)C(=C)CC[C@H]([C@H]1CC[C@@]2([C@@]1(CCC3=C2CC[C@@H]4[C@@]3(CC[C@@H](C4(C)C)O)C)C)C)C(=O)O | CC(C)C(=C)CC[C@H]([C@H]1CC[C@@]2([C@@]1(CC=C3C2=CC[C@@H]4[C@@]3(CC[C@@H](C4(C)C)O)C)C)C)C(=O)O,苓桂术甘汤 | 真武汤 | 开心散 | 清心莲子饮 | 地黄饮子 | 清金化痰汤 | 金水六君煎 | 清肺汤 | 半夏白术天麻汤 | 异功散 | 白术散 | 人参五味子汤 | 半夏厚朴汤 | 升阳益胃汤 | 厚朴温中汤 | 猪苓汤 | 附子汤 | 甘姜苓术汤 | 实脾散 | 三痹汤 | 大秦艽汤 | 暖肝煎 | 托里消毒散 | 养胃汤 | 清经散 | 茯苓桂枝甘 草大枣汤 | 小半夏加茯苓汤 | 苓甘五味姜辛汤 | 防己茯苓汤 | 六和汤 | 导痰汤 | 左归饮 | 解郁汤 | 定经汤 | 滋水清肝饮,"It has the effects of promoting diuresis and draining dampness, strengthening the spleen and harmonizing the stomach, as well as calming the heart and tranquilizing the mind."
S003,心烦失眠、口燥咽干、面赤升火、遗精滑泄、腰膝酸软,清心莲子饮,人参(Panax Ginseng C. A. Mey.),C1[C@H]2[C@@H](C3=C(O1)C=C(C=C3)O)OC4=CC5=C(C=C24)OCO5 | C1CCN(CCCNC(=O)C[C@H](NC1)C2=CC=CC=C2)C(=O)C3=CC=CC=C3 | C1=CC=C2C(=C1)C3=C(C(=O)C4=CC=CC=C4O3)C(=O)O2 | CC1=CC2=C(C3=C1OC(C=C3)(C)C)NC4=CC=CC=C42 | COC1=C(C=C(C=C1)C[C@@H]\2COC(=O)/C2=C/C3=CC4=C(C=C3)OCO4)OC,温经汤 | 枇杷清肺饮 | 二冬汤 | 半夏泻心汤 | 大建中汤 | 麦门冬汤 | 小续命汤 | 开心散 | 清心莲子饮 | 保元汤 | 异功散 | 白术散 | 人参五味子汤 | 竹叶石膏汤 | 升阳益胃汤 | 固阴煎 | 完带汤 | 旋覆代赭汤 | 吴茱萸汤 | 黄连汤 | 附子汤 | 橘皮竹茹汤 | 温脾汤 | 三痹汤 | 圣愈汤 | 托里消毒散 | 养胃汤 | 丁香柿蒂散 | 清燥救肺汤 | 柴胡桂枝汤 | 桂枝人参汤 | 生姜泻心汤 | 白虎加人参汤 | 生姜甘草汤 | 延年薯蓣酒 | 六和汤 | 门冬清肺饮 | 普济消毒饮子 | 大补元煎 | 举元煎 | 泰山磐石散 | 解郁汤 | 固本止崩汤,"It has the effects of greatly tonifying primordial qi, restoring pulses and securing collapse, tonifying the spleen and nourishing the lungs, promoting fluid production, and tranquilizing the mind."
S003,心烦失眠、口燥咽干、面赤升火、遗精滑泄、腰膝酸软,清心莲子饮,黄芪（Hedysarum Multijugum Maxim）,CC(=C)[C@@H]1CC[C@]2([C@H]1[C@H]3CC[C@@H]4[C@]5(CC[C@@H](C([C@@H]5CC[C@]4([C@@]3(CC2)C)C)(C)C)O)C)C(=O)O | COC1=CC2=C(C=C1)[C@H]3[C@@H](CO2)C4=C(O3)C(=C(C=C4)OC)OC | COC1=C(C2=C(C=C1)[C@@H]3COC4=C([C@@H]3O2)C=CC(=C4)O)OC | C1=CC(=CC=C1C(=O)N[C@@H](CCC(=O)O)C(=O)O)NCC2=CN=C3C(=N2)C(=O)N=C(N3)N | COC1=C(C(=C(C=C1)[C@H]2CC3=C(C=C(C=C3)O[C@H]4[C@@H]([C@H]([C@@H]([C@H](O4)CO)O)O)O)OC2)O[C@H]5[C@@H]([C@H]([C@@H]([C@H](O5)CO)O)O)O)OC,升陷汤 | 黄芪桂枝五物汤 | 当归饮子 | 清心莲子饮 | 当归补血汤 | 保元汤 | 升阳益胃汤 | 当归六黄汤 | 三痹汤 | 圣愈汤 | 托里消毒散 | 防己黄芪汤 | 防己茯苓汤 | 牡蛎散 | 佛手散 | 门冬清肺饮 | 举元煎 | 泰山磐石散 | 固本止崩汤 | 黄芪汤 | 理冲汤,"It has the effects of tonifying qi to secure the exterior, stopping sweating, expelling toxins, promoting tissue regeneration, and inducing diuresis to reduce swelling."
S004,舌强不语、足废不用、上热下寒、面赤如妆、足冷过膝,地黄饮子,熟地黄（Rehmanniae Radix Praeparata）,CC[C@H](CC[C@@H](C)[C@H]1CC[C@@H]2[C@@]1(CC[C@H]3[C@H]2CC=C4[C@@]3(CC[C@H](C4)O)C)C)C(C)C | CC[C@H](/C=C/[C@@H](C)[C@H]1CC[C@@H]2[C@@]1(CC[C@H]3[C@H]2CC=C4[C@@]3(CC[C@@H](C4)O)C)C)C(C)C,地黄饮子 | 金水六君煎 | 当归六黄汤 | 玉女煎 | 保阴煎 | 固阴煎 | 甘露饮 | 圣愈汤 | 大秦艽汤 | 清经散 | 驻景丸 | 大补元煎 | 左归饮 | 泰山磐石散 | 滋阴降火汤 | 固本止崩汤 | 养精种玉汤 | 定经汤 | 阳和汤 | 地黄饮 | 滋水清肝饮 | 补肾活血汤,"It has the effects of tonifying essence and replenishing marrow, nourishing blood, and supplementing yin."
S004,舌强不语、足废不用、上热下寒、面赤如妆、足冷过膝,地黄饮子,巴戟天（Morindae Officinalis Radix）,COC1=C(C=C(C=C1)[C@@H]2[C@@H](C(=O)C3=C(C=C(C=C3O2)OC)O)O)O | COCC1=C(C2=C(C=C1)C(=O)C3=C(C2=O)C=CC(=C3OC)O)O | C1=CC2=C(C=C1/C=C/C=O)OC(C(O2)C3=CC(=C(C=C3)O)O)CO,地黄饮子 | 调肝汤,"It has the effects of tonifying kidney yang, strengthening tendons and bones, and dispelling wind."
S004,舌强不语、足废不用、上热下寒、面赤如妆、足冷过膝,地黄饮子,山茱萸（Cornus Officinalis Sieb. Et Zucc）,CC[C@H](/C=C/[C@@H](C)[C@H]1CC[C@@H]2[C@@]1(CC[C@H]3[C@H]2CC=C4[C@@]3(CC[C@@H](C4)O)C)C)C(C)C | CC1CCC(C2(C13CC(C(C2OC(=O)C4=CC=CC=C4)OC(=O)C)C(O3)(C)C)CO)O | CC1=C(C(=NN1S(=O)(=O)C2=CC=C(S2)C3=NN=C(N3C)SC)C)Br | C[C@]12CC[C@@H](C[C@]1(CC[C@@H]3[C@@H]2CC[C@]4([C@@]3(CC[C@@H]4C5=COC(=O)C=C5)O)C)O)O | C1C(C(OC(=O)C2=CC(=C(C(=C2C3=C(C(=C(C=C3C(=O)O1)O)O)O)O)O)O)C(C(C=O)O)OC(=O)C4=CC(=C(C(=C4)O)O)O)O,地黄饮子 | 固阴煎 | 延年薯蓣酒 | 大补元煎 | 左归饮 | 养精种玉汤 | 调肝汤 | 滋水清肝饮 | 补肾活血汤,"It has the effects of tonifying and benefiting the liver and kidneys, astringing essence to secure collapse."
S004,舌强不语、足废不用、上热下寒、面赤如妆、足冷过膝,地黄饮子,茯苓（Poria Cocos(Schw.) Wolf ）,CC(=CCC[C@H]([C@H]1CC[C@@]2([C@@]1(CCC3=C2CC[C@@H]4[C@@]3(CC[C@@H](C4(C)C)O)C)C)C)C(=O)O)C | C[C@H](/C=C/[C@H](C)C(C)C)[C@H]1CC[C@@H]2[C@@]1(CC[C@H]3C2=CC[C@@H]4[C@@]3(CC[C@@H](C4)O)C)C | C[C@H](/C=C/[C@H](C)C(C)C)[C@H]1CC[C@@H]2[C@@]1(CC[C@H]3[C@]24C=C[C@@]5([C@@]3(CC[C@@H](C5)O)C)OO4)C | CC(C)C(=C)CC[C@H]([C@H]1CC[C@@]2([C@@]1(CCC3=C2CC[C@@H]4[C@@]3(CC[C@@H](C4(C)C)O)C)C)C)C(=O)O | CC(C)C(=C)CC[C@H]([C@H]1CC[C@@]2([C@@]1(CC=C3C2=CC[C@@H]4[C@@]3(CC[C@@H](C4(C)C)O)C)C)C)C(=O)O,苓桂术甘汤 | 真武汤 | 开心散 | 清心莲子饮 | 地黄饮子 | 清金化痰汤 | 金水六君煎 | 清肺汤 | 半夏白术天麻汤 | 异功散 | 白术散 | 人参五味子汤 | 半夏厚朴汤 | 升阳益胃汤 | 厚朴温中汤 | 猪苓汤 | 附子汤 | 甘姜苓术汤 | 实脾散 | 三痹汤 | 大秦艽汤 | 暖肝煎 | 托里消毒散 | 养胃汤 | 清经散 | 茯苓桂枝甘 草大枣汤 | 小半夏加茯苓汤 | 苓甘五味姜辛汤 | 防己茯苓汤 | 六和汤 | 导痰汤 | 左归饮 | 解郁汤 | 定经汤 | 滋水清肝饮,"It has the effects of promoting diuresis and draining dampness, strengthening the spleen and harmonizing the stomach, as well as calming the heart and tranquilizing the mind."
S004,舌强不语、足废不用、上热下寒、面赤如妆、足冷过膝,地黄饮子,石斛（ Herba Dendrobii）,CC(C)[C@H]1[C@H]2[C@@H]3CC[C@H]4[C@@]3([C@@H]([C@@H]1OC2=O)N(C4)C)C | CC(C)C1C2C3CCC(C3(C(=O)C1OC2=O)C)CN(C)C | COC1=CC(=CC(=C1O)OC)CCC2=CC(=C(C=C2)O)OC,地黄饮子 | 甘露饮,"It has the effects of benefiting the stomach to promote fluid production, nourishing yin to clear heat."
S004,舌强不语、足废不用、上热下寒、面赤如妆、足冷过膝,地黄饮子,肉苁蓉（Cistanches Herba）,CC[C@H](CC[C@@H](C)[C@H]1CC[C@@H]2[C@@]1(CC[C@H]3[C@H]2CC=C4[C@@]3(CC[C@@H](C4)O)C)C)C(C)C | CCCCC/C=C/C/C=C/C/C=C/C/C=C/CCCC(=O)O | COC1=C(C=C(C=C1)C[C@@H]\2COC(=O)/C2=C/C3=CC4=C(C=C3)OCO4)OC | C1=CC(=C(C=C1C2=C(C(=O)C3=C(C=C(C=C3O2)O)O)O)O)O,地黄饮子 | 济川煎 | 补肾活血汤,"It has the effects of tonifying kidney yang, replenishing essence and blood, and moistening the intestines to relieve constipation."
S004,舌强不语、足废不用、上热下寒、面赤如妆、足冷过膝,地黄饮子,附子(Aconiti Lateralis Radix Praeparata),C[C@@]12CC[C@H]([C@@]([C@@H]1CCC(=C)[C@H]2CCC3=CCOC3=O)(C)CO)O | CCN1C[C@@]2(CC[C@@H]([C@@]34[C@@H]2C[C@@H](C31)[C@]5(C[C@@H]([C@H]6C[C@@H]4[C@@H]5[C@H]6O)OC)O)O)C | COC1=C(OC2=C(C1=O)C=CC3=C2C=CO3)C4=CC=CC=C4 | CCN1C[C@@]2(CC[C@@H]([C@@]34[C@@H]2C[C@@H](C31)[C@]5(C[C@@H]([C@H]6C[C@@H]4[C@@H]5[C@H]6O)OC)O)O)COC,真武汤 | 小续命汤 | 地黄饮子 | 桂枝芍药知母汤 | 附子汤 | 温脾汤 | 实脾散 | 乌药汤 | 麻黄细辛附子汤 | 附子泻心汤 | 通脉四逆汤 | 大黄附子汤 | 薏苡附子败酱散 | 温脾丸 | 香苏散 | 茵陈术附汤,"It has the effects of tonifying the life-gate fire, warming and transforming cold-dampness, restoring yang, supplementing yang, and strengthening spleen yang."
S004,舌强不语、足废不用、上热下寒、面赤如妆、足冷过膝,地黄饮子,五味子（Fructus Schisandrae）,CC1CC2=CC(=C(C(=C2C3=C(C(=C(C=C3CC1C)OC)OC)OC)OC)OC)OC | C/C/1=C\CCC(=C)[C@H]2CC([C@@H]2CC1)(C)C | C[C@H]1CC2=CC(=C(C(=C2C3=C(C(=C(C=C3C[C@]1(C)O)OC)OC)OC)OC)OC)OC | CC1CC2=CC3=C(C(=C2C4=C(C(=C(C=C4CC1C)OC)OC)OC)OC)OCO3 | C[C@@H]1CC2=CC3=C(C(=C2C4=C(C5=C(C=C4C[C@@H]1C)OCO5)OC)OC)OCO3,地黄饮子 | 清肺汤 | 人参五味子汤 | 厚朴麻黄汤 | 固阴煎 | 射干麻黄汤 | 苓甘五味姜辛汤 | 延年薯蓣酒 | 门冬清肺饮,"It has the effects of astringing and consolidating, replenishing qi to promote fluid production, and tonifying the kidneys to calm the heart."
S004,舌强不语、足废不用、上热下寒、面赤如妆、足冷过膝,地黄饮子,肉桂（Cinnanmomi Cortex ）,CCCCC/C=C\C/C=C\CCCCCCCC(=O)O | C[C@@]12CC[C@@H]3[C@H](CC3(C)C)C(=C)CC[C@H]1O2 | CC(C)COC(=O)C1=CC=CC=C1C(=O)OCC(C)C | CCCCCCCC/C=C\CCCCCCCC(=O)O | C[C@H](C[C@@H]([C@@H]1C(O1)(C)C)OC(=O)C)C2=C3C[C@@H]([C@H]4[C@]5(CCC(=O)C([C@@H]5CC[C@@]4([C@]3(CC2)C)C)(C)C)C)O,小续命汤 | 地黄饮子 | 保元汤 | 当归建中汤 | 三痹汤 | 暖肝煎 | 蠲痹汤 | 除湿胃苓汤 | 温脾丸 | 苏子降气汤 | 茵陈术附汤 | 阳和汤,"It has the effects of tonifying fire to assist yang, guiding fire back to its origin, dispersing cold to relieve pain, and activating blood circulation to unblock menstruation."
S004,舌强不语、足废不用、上热下寒、面赤如妆、足冷过膝,地黄饮子,麦冬（Ophiopogon japonicus）,CC1CCC2(C(C3C(O2)CC4C3(CCC5C4CC=C6C5(C(CC(C6)O)OC7C(C(C(C(O7)C)O)OC8C(C(C(CO8)O)O)O)OC9C(C(C(C(O9)C)O)O)O)C)C)C)OC1 | C=CC(=O)NCCCCC1=NC=C(N1)CO | CC1=C(C(=C2C(=C1O)C(=O)[C@@H](CO2)CC3=CC=C(C=C3)OC)C)O | CC1=C(C(=C2C(=C1O)C(=O)C(=CO2)CC3=CC4=C(C=C3)OCO4)C=O)O,一贯煎 | 麦门冬汤 | 清心莲子饮 | 地黄饮子 | 清金化痰汤 | 清肺汤 | 人参五味子汤 | 竹叶石膏汤 | 玉女煎 | 沙参麦冬汤 | 甘露饮 | 清上蠲痛汤 | 三甲复脉汤 | 益胃汤 | 两地汤 | 清燥救肺汤 | 门冬清肺饮 | 滋阴降火汤 | 增液承气汤,"It has the effects of nourishing yin to promote fluid production, moistening the lungs, and clearing heart heat."
S004,舌强不语、足废不用、上热下寒、面赤如妆、足冷过膝,地黄饮子,石菖蒲（Acoritataninowii Rhizoma ）,CC(=CCC1=C2C(=C(C=C1O)O)C(=O)C(=C(O2)C3=CC=C(C=C3)O)O)C | COC1=C(C=C(C=C1)[C@H]2[C@@H]3CO[C@H]([C@@H]3CO2)C4=CC(=C(C=C4)OC)OC)OC | C[C@H](CCC=C(C)C)[C@H]1CC[C@@]2([C@@]1(CC[C@]34[C@H]2CC[C@@H]5[C@]3(C4)CC[C@@H](C5(C)C)O)C)C | C1=CC(=CC=C1C2=C(C(=O)C3=C(C=C(C=C3O2)O)O)O)O,开心散 | 地黄饮子 | 连朴饮,"It has the effects of resolving dampness, transforming phlegm to open orifices, reducing swelling and alleviating pain, moving qi, dispelling wind, and relieving impediment ."
S004,舌强不语、足废不用、上热下寒、面赤如妆、足冷过膝,地黄饮子,远志（Radix Polygalae）,CC(=O)N[C@@H](C=O)[C@H]([C@@H]([C@@H](CO)O)O)O | COC1=CC2=C(C=C1)OC3=CC4=C(C(=C3C2=O)OC)OCO4 | COC1=CC(=C2C(=C1)OC3=C(C(=C(C=C3C2=O)OC)O)OC)O | COC1=C(C=C2C(=C1)C(=O)C3=C(C(=C(C=C3O2)OC)OC)OC)OC | C1=CC(=C2C(=C1)OC3=C(C2=O)C=C(C=C3)O)O,地黄饮子 | 固阴煎,"It has the effects of calming the spirit to enhance cognition, eliminating phlegm, and reducing swelling."
S004,舌强不语、足废不用、上热下寒、面赤如妆、足冷过膝,地黄饮子,薄荷（ Menthae Herba）,CC1(CC(C2=CC=CC=C2N1C(=O)CSC3=NCCS3)(C)C4=CC=CC=C4)C | C1[C@H](OC2=CC(=CC(=C2C1=O)O)O)C3=CC=C(C=C3)O | C1=CC2=C(C(=C1)O)C(=O)C3=C(C2=O)C=C(C=C3O)CO | C1[C@H](OC2=CC(=CC(=C2C1=O)O)O)C3=CC(=C(C=C3)O)O | COC1=CC(=C2C(=C1)OC(=CC2=O)C3=CC=C(C=C3)O)O,地黄饮子 | 羌活胜风汤 | 解郁汤 | 四物消风饮,"It has the effects of dissipating wind-heat, clearing the head and eyes, and promoting eruption ."
S004,舌强不语、足废不用、上热下寒、面赤如妆、足冷过膝,地黄饮子,生姜( Zingiber Officinale Roscoe),CC[C@H](CC[C@@H](C)[C@H]1CC[C@@H]2[C@@]1(CC[C@H]3[C@H]2CC=C4[C@@]3(CC[C@@H](C4)O)C)C)C(C)C | CC[C@H](/C=C/[C@@H](C)[C@H]1CC[C@@H]2[C@@]1(CC[C@H]3[C@H]2CC=C4[C@@]3(CC[C@@H](C4)O)C)C)C(C)C | CC[C@@H](CC[C@@H](C)[C@H]1CC[C@@H]2[C@@]1(CC[C@H]3[C@H]2CC=C4[C@@]3(CC[C@@H](C4)O)C)C)C(C)C | CC(C)CCCCCCC(=O)NCC1=CC(=C(C=C1)O)OC,真武汤 | 黄芪桂枝五物汤 | 温胆汤 | 小续命汤 | 当归饮子 | 地黄饮子 | 金水六君煎 | 清肺汤 | 保元汤 | 半夏白术天麻汤 | 异功散 | 人参五味子汤 | 清宁散 | 桂枝芍药知母汤 | 半夏厚朴汤 | 当归建中汤 | 升阳益胃汤 | 厚朴温中汤 | 旋覆代赭汤 | 吴茱萸汤 | 橘皮竹茹汤 | 厚朴七物汤 | 丁香柿蒂散 | 柴胡桂枝汤 | 桂枝加厚朴杏子汤 | 桂枝麻黄各半汤 | 生姜泻心汤 | 射干麻黄汤 | 小半夏加茯苓汤 | 越婢汤 | 瓜蒌桂枝汤 | 生姜甘草汤 | 延年薯蓣酒 | 柴胡陷胸汤 | 通窍活血汤,"It has the effects of resolving phlegm to stop cough, descending rebellion to arrest vomiting, releasing the exterior, and dispersing wind-cold."
S004,舌强不语、足废不用、上热下寒、面赤如妆、足冷过膝,地黄饮子,大枣(Jujubae Fructus),C[C@@]12CCC[C@]34[C@@H]1[C@]5(C[C@]67[C@H]3C(=O)[C@H](CC6C4N5C2)C(=C)C7)O | CC(=C)[C@@H]1CC[C@]2([C@H]1[C@H]3CC[C@@H]4[C@]5(CC[C@@H](C([C@@H]5CC[C@]4([C@@]3(CC2)C)C)(C)C)O)C)C(=O)O | CC1CCC(C2(C13CC(C(C2OC(=O)C4=CC=CC=C4)OC(=O)C)C(O3)(C)C)CO)O | CN1CCC2=CC3=C(C=C2C(=O)CC4=C(C1)C5=C(C=C4)OCO5)OCO3 | CC(=C)[C@@H]1CC[C@]2([C@H]1[C@H]3CC[C@H]4[C@]([C@@]3(CC2)C)(CC[C@@H]5[C@@]4([C@H]([C@@H](C5(C)C)O)C(=O)O)C)C)C(=O)O,半夏泻心汤 | 黄芪桂枝五物汤 | 麦门冬汤 | 地黄饮子 | 清肺汤 | 半夏白术天麻汤 | 异功散 | 苏葶丸 | 人参五味子汤 | 清宁散 | 当归四逆汤 | 当归建中汤 | 升阳益胃汤 | 旋覆代赭汤 | 吴茱萸汤 | 甘草泻心汤 | 黄连汤 | 橘皮竹茹汤 | 厚朴七物汤 | 清肝止淋汤 | 黄芩汤 | 茯苓桂枝甘 草大枣汤 | 柴胡桂枝汤 | 桂枝加厚朴杏子汤 | 桂枝麻黄各半汤 | 生姜泻心汤 | 射干麻黄汤 | 葶苈大枣泻肺汤 | 越婢汤 | 瓜蒌桂枝汤 | 生姜甘草汤 | 通窍活血汤,"It has the effects of tonifying the spleen and stomach, harmonizing blood, calming the spirit, replenishing qi, and nourishing blood."
S005,咳声粗重、痰黄黏稠、咽喉干痛、鼻息灼热、胸胁胀痛,清金化痰汤,黄芩(Scutellariae Radix),COC1=CC=CC(=C1C2=CC(=O)C3=C(C(=C(C(=C3O2)OC)OC)OC)O)O | COC1=C(C2=C(C(=C1)O)C(=O)C=C(O2)C3=CC=CC=C3O)OC | COC1=C(C=C(C2=C1OC(=CC2=O)C3=CC=C(C=C3)O)O)O,二冬汤 | 半夏泻心汤 | 小续命汤 | 清心莲子饮 | 清金化痰汤 | 清肺汤 | 宣郁通经汤 | 当归六黄汤 | 保阴煎 | 达原饮 | 甘草泻心汤 | 甘露饮 | 大秦艽汤 | 桑白皮汤 | 清上蠲痛汤 | 凉血地黄汤 | 黄芩汤 | 附子泻心汤 | 柴胡桂枝汤 | 柴胡桂枝干姜汤 | 生姜泻心汤 | 当归散 | 泻心汤 | 芍药汤 | 普济消毒饮子 | 羌活胜风汤 | 茜根散 | 泰山磐石散 | 滋阴降火汤 | 清胃汤 | 柴葛解肌汤 | 柴胡清肝汤 | 凉血四物汤 | 柴胡陷胸汤,"It has the effects of clearing heat and drying dampness, purging fire and detoxifying, stopping bleeding, and preventing miscarriage."
S005,咳声粗重、痰黄黏稠、咽喉干痛、鼻息灼热、胸胁胀痛,清金化痰汤,栀子（Gardeniae Fructus）,CC[C@H](/C=C/[C@@H](C)[C@H]1CC[C@@H]2[C@@]1(CC[C@H]3[C@H]2CC=C4[C@@]3(CC[C@@H](C4)O)C)C)C(C)C | C1=CC(=C(C=C1C2=C(C(=O)C3=C(C=C(C=C3O2)O)O)O)O)O | COC1=CC(=C2C(=C1)OC(=CC2=O)C3=CC(=C(C(=C3)OC)OC)OC)O,清金化痰汤 | 清肺汤 | 宣郁通经汤 | 泻黄散 | 化肝煎 | 桑白皮汤 | 除湿胃苓汤 | 茵陈蒿汤 | 栀子柏皮汤 | 栀子豉汤 | 栀子大黄汤 | 清胃汤 | 解郁汤 | 柴胡清肝汤 | 滋水清肝饮 | 宣痹汤,"It has the effects of purging fire to relieve vexation, clearing heat to promote diuresis, and cooling blood to detoxify."
S005,咳声粗重、痰黄黏稠、咽喉干痛、鼻息灼热、胸胁胀痛,清金化痰汤,桔梗（Platycodon Grandiforus）,CC[C@H](/C=C/[C@@H](C)[C@H]1CC[C@@H]2[C@@]1(CC[C@H]3C2=CC[C@@H]4[C@@]3(CC[C@@H](C4)O)C)C)C(C)C | C1=CC(=C(C=C1[C@H]2[C@H](C(=O)C3=C(C=C(C=C3O2)O)O)O)O)O | C[C@H]1[C@@H]([C@H]([C@H]([C@@H](O1)OC[C@@H]2[C@@H]([C@@H]([C@H]([C@@H](O2)OC3=C(OC4=CC(=CC(=C4C3=O)O)O[C@H]5[C@@H]([C@@H]([C@H]([C@@H](O5)C)O)O)O)C6=CC=C(C=C6)O)O)O)O)O)O)O,升陷汤 | 清金化痰汤 | 清肺汤 | 托里消毒散 | 桔梗汤 | 普济消毒饮子 | 羌活胜风汤 | 牛蒡甘桔汤 | 柴胡陷胸汤 | 会厌逐瘀汤,"It has the effects of diffusing the lungs, relieving sore throat, eliminating phlegm, and draining pus."
S005,咳声粗重、痰黄黏稠、咽喉干痛、鼻息灼热、胸胁胀痛,清金化痰汤,麦冬（Ophiopogon japonicus）,CC1CCC2(C(C3C(O2)CC4C3(CCC5C4CC=C6C5(C(CC(C6)O)OC7C(C(C(C(O7)C)O)OC8C(C(C(CO8)O)O)O)OC9C(C(C(C(O9)C)O)O)O)C)C)C)OC1 | C=CC(=O)NCCCCC1=NC=C(N1)CO | CC1=C(C(=C2C(=C1O)C(=O)[C@@H](CO2)CC3=CC=C(C=C3)OC)C)O | CC1=C(C(=C2C(=C1O)C(=O)C(=CO2)CC3=CC4=C(C=C3)OCO4)C=O)O,一贯煎 | 麦门冬汤 | 清心莲子饮 | 地黄饮子 | 清金化痰汤 | 清肺汤 | 人参五味子汤 | 竹叶石膏汤 | 玉女煎 | 沙参麦冬汤 | 甘露饮 | 清上蠲痛汤 | 三甲复脉汤 | 益胃汤 | 两地汤 | 清燥救肺汤 | 门冬清肺饮 | 滋阴降火汤 | 增液承气汤,"It has the effects of nourishing yin to promote fluid production, moistening the lungs, and clearing heart heat."
S005,咳声粗重、痰黄黏稠、咽喉干痛、鼻息灼热、胸胁胀痛,清金化痰汤,桑白皮(Mori Cortex),CC(C)([C@@H]1CC2=C(O1)C=C3C(=C2)C=C(O3)C4=CC(=CC(=C4)O)O)O | CC1(C(CC2=C(O1)C=C3C(=C2)C=C(O3)C4=CC(=CC(=C4)O[C@H]5[C@@H]([C@H]([C@@H](CO5)O)O)O)O)O)C | CC1(C=CC2=C(O1)C=CC(=C2O)C3CC(=O)C4=C(C=C(C=C4O3)O)O)C | CC(=CC[C@@]12C3=C(C=C(C=C3)O)O[C@@]1(C(=O)C4=C(O2)C5=C(C=C4O)OC(C=C5)(C)C)O)C | CC(=C)[C@@H]1CC[C@]2([C@H]1[C@H]3CC[C@@H]4[C@]5(CC[C@@H](C([C@@H]5CC[C@]4([C@@]3(CC2)C)C)(C)C)O)C)C(=O)O,枇杷清肺饮 | 泻白散 | 清金化痰汤 | 清肺汤 | 清宁散 | 华盖散 | 桑白皮汤,"It has the effects of relieving asthma, promoting diuresis to reduce edema, and clearing lung heat."
S005,咳声粗重、痰黄黏稠、咽喉干痛、鼻息灼热、胸胁胀痛,清金化痰汤,浙贝母（Fritillariae Thunbrgii Bulbus）,C1=CC(=CC=C1C2=[O+]C3=CC(=CC(=C3C=C2O)O)O)O.[Cl-] | CC[C@H](CC[C@@H](C)[C@H]1CC[C@@H]2[C@@]1(CC[C@H]3[C@H]2CC=C4[C@@]3(CC[C@@H](C4)O)C)C)C(C)C | C[C@H]1C[C@@H]2[C@H]([C@H]([C@]3(O2)CC[C@H]4[C@@H]5CC(=O)[C@H]6C[C@H](CC[C@@]6([C@H]5CC4=C3C)C)O)C)NC1 | COC1=CC(=CC(=C1O)OC)[C@@H]2[C@H]3COC(=O)[C@H]3CO2 | C[C@@H]1CC[C@H]2[C@@H](C3=C(CN2C1)[C@@H]4C[C@H]5[C@H]([C@@H]4CC3)C[C@H]([C@@H]6[C@@]5(CC[C@H](C6)O)C)O)C,清金化痰汤 | 清肺汤 | 化肝煎 | 桑白皮汤 | 柴葛解肌汤 | 消瘰丸,"It has the effects of clearing heat to transform phlegm, relieving stagnation to dissipate nodules."
S005,咳声粗重、痰黄黏稠、咽喉干痛、鼻息灼热、胸胁胀痛,清金化痰汤,知母（Anemarrhenae Rhizoma）,CC(=O)OC[C@H](CC1=CC=CC=C1)NC(=O)[C@@H](CC2=CC=CC=C2)NC(=O)C3=CC=CC=C3 | CN1CCC2=C[C@@H]([C@@H]3[C@H]([C@@H]21)C4=CC5=C(C=C4C(=O)O3)OCO5)O | COC1=C(C=CC(=C1)/C=C\C(=O)NCCC2=CC=C(C=C2)O)O | C[C@@H]1CC[C@@]2([C@H]([C@H]3[C@@H](O2)C[C@@H]4[C@@]3(CC[C@H]5[C@H]4CC=C6[C@@]5(CC[C@@H](C6)O)C)C)C)OC1 | C1=CC(=CC=C1CCNC(=O)/C=C\C2=CC=C(C=C2)O)O,升陷汤 | 二冬汤 | 清金化痰汤 | 桂枝芍药知母汤 | 玉女煎 | 清骨散 | 达原饮 | 白虎加人参汤 | 滋阴降火汤 | 柴葛解肌汤 | 理冲汤,"It has the effects of clearing heat and purging fire, promoting fluid production and moistening dryness."
S005,咳声粗重、痰黄黏稠、咽喉干痛、鼻息灼热、胸胁胀痛,清金化痰汤,瓜蒌子（Trichosanthes kirilowii ）,CCCC/C=C\C=C\C=C/CCCCCCCC(=O)O | CCCCC/C=C\C/C=C\CCCCCCCC(=O)O | CCCCCCCC/C=C\CCCCCCCC(=O)O | CC(=NN)C(=NN=C(C)C(=NN=C(C)C(=NN=C(C)C(=NN)C)C)C)C,清金化痰汤,"It has the effects of moistening the intestines to relieve constipation, and protecting cardiovascular health."
S005,咳声粗重、痰黄黏稠、咽喉干痛、鼻息灼热、胸胁胀痛,清金化痰汤,橘红（Citri Exocarpium Rubrum）,C1[C@@H](OC2=CC(=CC(=C2C1=O)O)O)C3=CC=C(C=C3)O | COC1=CC(=CC(=C1)O)[C@@H]2CC(=O)C3=C(C=C(C=C3O2)O)O | CC(=CCOC1=C2C=CC(=O)OC2=CC3=C1C=CO3)C | C[C@@]12CC[C@@H]3[C@]4(C=CC(=O)OC([C@@H]4CC(=O)[C@]3([C@@]15[C@H](O5)C(=O)O[C@H]2C6=COC=C6)C)(C)C)C | C1[C@H](OC2=CC(=CC(=C2C1=O)O)O)C3=CC=C(C=C3)O,清金化痰汤 | 清肺汤 | 半夏白术天麻汤 | 厚朴温中汤 | 养胃汤 | 导痰汤 | 普济消毒饮子,"It has the effects of transforming phlegm, moving qi to relieve middle-jiao distension, dispelling cold, fortifying the stomach, regulating qi, and drying dampness."
S005,咳声粗重、痰黄黏稠、咽喉干痛、鼻息灼热、胸胁胀痛,清金化痰汤,茯苓（Poria Cocos(Schw.) Wolf ）,CC(=CCC[C@H]([C@H]1CC[C@@]2([C@@]1(CCC3=C2CC[C@@H]4[C@@]3(CC[C@@H](C4(C)C)O)C)C)C)C(=O)O)C | C[C@H](/C=C/[C@H](C)C(C)C)[C@H]1CC[C@@H]2[C@@]1(CC[C@H]3C2=CC[C@@H]4[C@@]3(CC[C@@H](C4)O)C)C | C[C@H](/C=C/[C@H](C)C(C)C)[C@H]1CC[C@@H]2[C@@]1(CC[C@H]3[C@]24C=C[C@@]5([C@@]3(CC[C@@H](C5)O)C)OO4)C | CC(C)C(=C)CC[C@H]([C@H]1CC[C@@]2([C@@]1(CCC3=C2CC[C@@H]4[C@@]3(CC[C@@H](C4(C)C)O)C)C)C)C(=O)O | CC(C)C(=C)CC[C@H]([C@H]1CC[C@@]2([C@@]1(CC=C3C2=CC[C@@H]4[C@@]3(CC[C@@H](C4(C)C)O)C)C)C)C(=O)O,苓桂术甘汤 | 真武汤 | 开心散 | 清心莲子饮 | 地黄饮子 | 清金化痰汤 | 金水六君煎 | 清肺汤 | 半夏白术天麻汤 | 异功散 | 白术散 | 人参五味子汤 | 半夏厚朴汤 | 升阳益胃汤 | 厚朴温中汤 | 猪苓汤 | 附子汤 | 甘姜苓术汤 | 实脾散 | 三痹汤 | 大秦艽汤 | 暖肝煎 | 托里消毒散 | 养胃汤 | 清经散 | 茯苓桂枝甘 草大枣汤 | 小半夏加茯苓汤 | 苓甘五味姜辛汤 | 防己茯苓汤 | 六和汤 | 导痰汤 | 左归饮 | 解郁汤 | 定经汤 | 滋水清肝饮,"It has the effects of promoting diuresis and draining dampness, strengthening the spleen and harmonizing the stomach, as well as calming the heart and tranquilizing the mind."
S005,咳声粗重、痰黄黏稠、咽喉干痛、鼻息灼热、胸胁胀痛,清金化痰汤,甘草(licorice ),CC(=CCC1=C(C2=C(C=C1O)OC(=O)C3=C2OC4=C3C=CC(=C4)O)OC)C | CC1(C=CC2=C(O1)C=CC3=C2OC[C@@H]4[C@H]3OC5=C4C=CC(=C5)O)C | CC1(CCC2=C(O1)C=C3C(=C2OC)C=C(C(=O)O3)C4=C(C=C(C=C4)O)O)CO | CC1(C=CC2=C(O1)C=CC(=C2O)C3COC4=C(C3=O)C(=CC(=C4)O)OC)C | CC(=CCC1=C(C=CC2=C1OC(=O)C3=C2OC4=C3C=CC(=C4)O)O)C,苓桂术甘汤 | 温经汤 | 枇杷清肺饮 | 二冬汤 | 桃核承气汤 | 芍药甘草汤 | 半夏泻心汤 | 麦门冬汤 | 温胆汤 | 小续命汤 | 当归饮子 | 泻白散 | 清心莲子饮 | 羌活胜湿汤 | 清金化痰汤 | 金水六君煎 | 清肺汤 | 保元汤 | 半夏白术天麻汤 | 宣郁通经汤 | 异功散 | 泻黄散 | 白术散 | 消乳丸 | 人参五味子汤 | 清宁散 | 竹叶石膏汤 | 麻黄汤 | 当归四逆汤 | 桂枝芍药知母汤 | 当归建中汤 | 升阳益胃汤 | 厚朴温中汤 | 保阴煎 | 固阴煎 | 清骨散 | 达原饮 | 沙参麦冬汤 | 完带汤 | 身痛逐瘀汤 | 散偏汤 | 旋覆代赭汤 | 甘草泻心汤 | 黄连汤 | 橘皮竹茹汤 | 甘姜苓术汤 | 厚朴七物汤 | 温脾汤 | 竹茹汤 | 辛夷散 | 实脾散 | 甘露饮 | 华盖散 | 三痹汤 | 乌药汤 | 大秦艽汤 | 托里消毒散 | 清上蠲痛汤 | 养胃汤 | 石决明散 | 三甲复脉汤 | 蠲痹汤 | 四妙勇安汤 | 除湿胃苓汤 | 清燥救肺汤 | 凉血地黄汤 | 桂枝甘草汤 | 栀子柏皮汤 | 黄芩汤 | 茯苓桂枝甘 草大枣汤 | 柴胡桂枝汤 | 通脉四逆汤 | 桂枝加厚朴杏子汤 | 桂枝麻黄各半汤 | 柴胡桂枝干姜汤 | 桂枝人参汤 | 生姜泻心汤 | 白虎加人参汤 | 调胃承气汤 | 桔梗汤 | 防己黄芪汤 | 苓甘五味姜辛汤 | 防己茯苓汤 | 越婢汤 | 麻黄杏仁薏苡甘草汤 | 瓜蒌桂枝汤 | 生姜甘草汤 | 苏子降气汤 | 香苏散 | 升麻葛根汤 | 平胃散 | 六和汤 | 五虎汤 | 芍药汤 | 门冬清肺饮 | 普济消毒饮子 | 羌活胜风汤 | 牛蒡甘桔汤 | 大补元煎 | 左归饮 | 举元煎 | 茜根散 | 泰山磐石散 | 滋阴降火汤 | 清胃汤 | 调肝汤 | 柴葛解肌汤 | 茵陈术附汤 | 阳和汤 | 柴胡清肝汤 | 地黄饮 | 凉血四物汤 | 膈下逐瘀汤 | 会厌逐瘀汤,"It has the effects of tonifying the spleen and replenishing qi, clearing heat and detoxifying, dispelling phlegm and stopping cough, relieving spasm and alleviating pain, as well as harmonizing the actions of other herbs."
S006,咳声重浊、痰黄稠黏、气息粗促、久咳声哑、舌红苔黄腻,清肺汤,黄芩(Scutellariae Radix),COC1=CC=CC(=C1C2=CC(=O)C3=C(C(=C(C(=C3O2)OC)OC)OC)O)O | COC1=C(C2=C(C(=C1)O)C(=O)C=C(O2)C3=CC=CC=C3O)OC | COC1=C(C=C(C2=C1OC(=CC2=O)C3=CC=C(C=C3)O)O)O,二冬汤 | 半夏泻心汤 | 小续命汤 | 清心莲子饮 | 清金化痰汤 | 清肺汤 | 宣郁通经汤 | 当归六黄汤 | 保阴煎 | 达原饮 | 甘草泻心汤 | 甘露饮 | 大秦艽汤 | 桑白皮汤 | 清上蠲痛汤 | 凉血地黄汤 | 黄芩汤 | 附子泻心汤 | 柴胡桂枝汤 | 柴胡桂枝干姜汤 | 生姜泻心汤 | 当归散 | 泻心汤 | 芍药汤 | 普济消毒饮子 | 羌活胜风汤 | 茜根散 | 泰山磐石散 | 滋阴降火汤 | 清胃汤 | 柴葛解肌汤 | 柴胡清肝汤 | 凉血四物汤 | 柴胡陷胸汤,"It has the effects of clearing heat and drying dampness, purging fire and detoxifying, stopping bleeding, and preventing miscarriage."
S006,咳声重浊、痰黄稠黏、气息粗促、久咳声哑、舌红苔黄腻,清肺汤,桔梗（Platycodon Grandiforus）,CC[C@H](/C=C/[C@@H](C)[C@H]1CC[C@@H]2[C@@]1(CC[C@H]3C2=CC[C@@H]4[C@@]3(CC[C@@H](C4)O)C)C)C(C)C | C1=CC(=C(C=C1[C@H]2[C@H](C(=O)C3=C(C=C(C=C3O2)O)O)O)O)O | C[C@H]1[C@@H]([C@H]([C@H]([C@@H](O1)OC[C@@H]2[C@@H]([C@@H]([C@H]([C@@H](O2)OC3=C(OC4=CC(=CC(=C4C3=O)O)O[C@H]5[C@@H]([C@@H]([C@H]([C@@H](O5)C)O)O)O)C6=CC=C(C=C6)O)O)O)O)O)O)O,升陷汤 | 清金化痰汤 | 清肺汤 | 托里消毒散 | 桔梗汤 | 普济消毒饮子 | 羌活胜风汤 | 牛蒡甘桔汤 | 柴胡陷胸汤 | 会厌逐瘀汤,"It has the effects of diffusing the lungs, relieving sore throat, eliminating phlegm, and draining pus."
S006,咳声重浊、痰黄稠黏、气息粗促、久咳声哑、舌红苔黄腻,清肺汤,茯苓（Poria Cocos(Schw.) Wolf ）,CC(=CCC[C@H]([C@H]1CC[C@@]2([C@@]1(CCC3=C2CC[C@@H]4[C@@]3(CC[C@@H](C4(C)C)O)C)C)C)C(=O)O)C | C[C@H](/C=C/[C@H](C)C(C)C)[C@H]1CC[C@@H]2[C@@]1(CC[C@H]3C2=CC[C@@H]4[C@@]3(CC[C@@H](C4)O)C)C | C[C@H](/C=C/[C@H](C)C(C)C)[C@H]1CC[C@@H]2[C@@]1(CC[C@H]3[C@]24C=C[C@@]5([C@@]3(CC[C@@H](C5)O)C)OO4)C | CC(C)C(=C)CC[C@H]([C@H]1CC[C@@]2([C@@]1(CCC3=C2CC[C@@H]4[C@@]3(CC[C@@H](C4(C)C)O)C)C)C)C(=O)O | CC(C)C(=C)CC[C@H]([C@H]1CC[C@@]2([C@@]1(CC=C3C2=CC[C@@H]4[C@@]3(CC[C@@H](C4(C)C)O)C)C)C)C(=O)O,苓桂术甘汤 | 真武汤 | 开心散 | 清心莲子饮 | 地黄饮子 | 清金化痰汤 | 金水六君煎 | 清肺汤 | 半夏白术天麻汤 | 异功散 | 白术散 | 人参五味子汤 | 半夏厚朴汤 | 升阳益胃汤 | 厚朴温中汤 | 猪苓汤 | 附子汤 | 甘姜苓术汤 | 实脾散 | 三痹汤 | 大秦艽汤 | 暖肝煎 | 托里消毒散 | 养胃汤 | 清经散 | 茯苓桂枝甘 草大枣汤 | 小半夏加茯苓汤 | 苓甘五味姜辛汤 | 防己茯苓汤 | 六和汤 | 导痰汤 | 左归饮 | 解郁汤 | 定经汤 | 滋水清肝饮,"It has the effects of promoting diuresis and draining dampness, strengthening the spleen and harmonizing the stomach, as well as calming the heart and tranquilizing the mind."
S006,咳声重浊、痰黄稠黏、气息粗促、久咳声哑、舌红苔黄腻,清肺汤,橘红（Citri Exocarpium Rubrum）,C1[C@@H](OC2=CC(=CC(=C2C1=O)O)O)C3=CC=C(C=C3)O | COC1=CC(=CC(=C1)O)[C@@H]2CC(=O)C3=C(C=C(C=C3O2)O)O | CC(=CCOC1=C2C=CC(=O)OC2=CC3=C1C=CO3)C | C[C@@]12CC[C@@H]3[C@]4(C=CC(=O)OC([C@@H]4CC(=O)[C@]3([C@@]15[C@H](O5)C(=O)O[C@H]2C6=COC=C6)C)(C)C)C | C1[C@H](OC2=CC(=CC(=C2C1=O)O)O)C3=CC=C(C=C3)O,清金化痰汤 | 清肺汤 | 半夏白术天麻汤 | 厚朴温中汤 | 养胃汤 | 导痰汤 | 普济消毒饮子,"It has the effects of transforming phlegm, moving qi to relieve middle-jiao distension, dispelling cold, fortifying the stomach, regulating qi, and drying dampness."
S006,咳声重浊、痰黄稠黏、气息粗促、久咳声哑、舌红苔黄腻,清肺汤,浙贝母（Fritillariae Thunbrgii Bulbus）,C1=CC(=CC=C1C2=[O+]C3=CC(=CC(=C3C=C2O)O)O)O.[Cl-] | CC[C@H](CC[C@@H](C)[C@H]1CC[C@@H]2[C@@]1(CC[C@H]3[C@H]2CC=C4[C@@]3(CC[C@@H](C4)O)C)C)C(C)C | C[C@H]1C[C@@H]2[C@H]([C@H]([C@]3(O2)CC[C@H]4[C@@H]5CC(=O)[C@H]6C[C@H](CC[C@@]6([C@H]5CC4=C3C)C)O)C)NC1 | COC1=CC(=CC(=C1O)OC)[C@@H]2[C@H]3COC(=O)[C@H]3CO2 | C[C@@H]1CC[C@H]2[C@@H](C3=C(CN2C1)[C@@H]4C[C@H]5[C@H]([C@@H]4CC3)C[C@H]([C@@H]6[C@@]5(CC[C@H](C6)O)C)O)C,清金化痰汤 | 清肺汤 | 化肝煎 | 桑白皮汤 | 柴葛解肌汤 | 消瘰丸,"It has the effects of clearing heat to transform phlegm, relieving stagnation to dissipate nodules."
S006,咳声重浊、痰黄稠黏、气息粗促、久咳声哑、舌红苔黄腻,清肺汤,桑白皮(Mori Cortex),CC(C)([C@@H]1CC2=C(O1)C=C3C(=C2)C=C(O3)C4=CC(=CC(=C4)O)O)O | CC1(C(CC2=C(O1)C=C3C(=C2)C=C(O3)C4=CC(=CC(=C4)O[C@H]5[C@@H]([C@H]([C@@H](CO5)O)O)O)O)O)C | CC1(C=CC2=C(O1)C=CC(=C2O)C3CC(=O)C4=C(C=C(C=C4O3)O)O)C | CC(=CC[C@@]12C3=C(C=C(C=C3)O)O[C@@]1(C(=O)C4=C(O2)C5=C(C=C4O)OC(C=C5)(C)C)O)C | CC(=C)[C@@H]1CC[C@]2([C@H]1[C@H]3CC[C@@H]4[C@]5(CC[C@@H](C([C@@H]5CC[C@]4([C@@]3(CC2)C)C)(C)C)O)C)C(=O)O,枇杷清肺饮 | 泻白散 | 清金化痰汤 | 清肺汤 | 清宁散 | 华盖散 | 桑白皮汤,"It has the effects of relieving asthma, promoting diuresis to reduce edema, and clearing lung heat."
S006,咳声重浊、痰黄稠黏、气息粗促、久咳声哑、舌红苔黄腻,清肺汤,当归(Angelicae Sinensis Radix),CC1=CC[C@@]2(CCCC([C@]23[C@H]1C3)(C)C)C | CC[C@H](CC[C@@H](C)[C@H]1CC[C@@H]2[C@@]1(CC[C@H]3[C@H]2CC=C4[C@@]3(CC[C@@H](C4)O)C)C)C(C)C | CC[C@H](/C=C/[C@@H](C)[C@H]1CC[C@@H]2[C@@]1(CC[C@H]3[C@H]2CC=C4[C@@]3(CC[C@@H](C4)O)C)C)C(C)C | C[C@@H]1CC[C@@H]2[C@]13CC=C([C@H](C3)C2(C)C)C | C1=CC=C(C=C1)C2=CC(=S)C=C(S2)C3=CC=CC=C3,温经汤 | 一贯煎 | 桃红四物汤 | 当归饮子 | 当归补血汤 | 金水六君煎 | 济川煎 | 清肺汤 | 宣郁通经汤 | 当归四逆汤 | 当归建中汤 | 当归六黄汤 | 身痛逐瘀汤 | 三痹汤 | 清胃散 | 圣愈汤 | 乌药汤 | 大秦艽汤 | 暖肝煎 | 托里消毒散 | 清上蠲痛汤 | 蠲痹汤 | 清肝止淋汤 | 四妙勇安汤 | 黄连膏 | 凉血地黄汤 | 当归散 | 温脾丸 | 苏子降气汤 | 佛手散 | 芍药汤 | 门冬清肺饮 | 大补元煎 | 泰山磐石散 | 滋阴降火汤 | 清胃汤 | 解郁汤 | 固本止崩汤 | 养精种玉汤 | 定经汤 | 调肝汤 | 柴胡清肝汤 | 四物消风饮 | 地黄饮 | 凉血四物汤 | 滋水清肝饮 | 膈下逐瘀汤 | 会厌逐瘀汤 | 补肾活血汤 | 活络效灵丹,"It has the effects of nourishing blood, promoting blood circulation, regulating menstruation, relieving pain, and moistening intestines to relieve constipation."
S006,咳声重浊、痰黄稠黏、气息粗促、久咳声哑、舌红苔黄腻,清肺汤,天冬(Asparagi Radix),CC1=C(C(=O)C2=C(O1)C=C(C=C2)OC)C3=CC=CC=C3 | CC[C@H](/C=C/[C@@H](C)[C@H]1CC[C@@H]2[C@@]1(CC[C@H]3[C@H]2CC=C4[C@@]3(CC[C@@H](C4)O)C)C)C(C)C | C[C@@H]1CC[C@@]2([C@H]([C@H]3[C@@H](O2)C[C@@H]4[C@@]3(CC[C@H]5[C@H]4CC=C6[C@@]5(CC[C@@H](C6)O)C)C)C)OC1 | C1=CC(=C(C=C1C2=C(C(=O)C3=C(C=C(C=C3O2)O)O)O)O)O,二冬汤 | 清肺汤 | 甘露饮,"It has the effects of nourishing yin to promote fluid production, regulating the lungs and clearing heart heat."
S006,咳声重浊、痰黄稠黏、气息粗促、久咳声哑、舌红苔黄腻,清肺汤,栀子（Gardeniae Fructus）,CC[C@H](/C=C/[C@@H](C)[C@H]1CC[C@@H]2[C@@]1(CC[C@H]3[C@H]2CC=C4[C@@]3(CC[C@@H](C4)O)C)C)C(C)C | C1=CC(=C(C=C1C2=C(C(=O)C3=C(C=C(C=C3O2)O)O)O)O)O | COC1=CC(=C2C(=C1)OC(=CC2=O)C3=CC(=C(C(=C3)OC)OC)OC)O,清金化痰汤 | 清肺汤 | 宣郁通经汤 | 泻黄散 | 化肝煎 | 桑白皮汤 | 除湿胃苓汤 | 茵陈蒿汤 | 栀子柏皮汤 | 栀子豉汤 | 栀子大黄汤 | 清胃汤 | 解郁汤 | 柴胡清肝汤 | 滋水清肝饮 | 宣痹汤,"It has the effects of purging fire to relieve vexation, clearing heat to promote diuresis, and cooling blood to detoxify."
S006,咳声重浊、痰黄稠黏、气息粗促、久咳声哑、舌红苔黄腻,清肺汤,苦杏仁（Amygdalus Communis Vas）,CC(=C)[C@@H]1CC[C@]2([C@H]1[C@H]3CC[C@@H]4[C@]5(CC[C@@H](C([C@@H]5CC[C@]4([C@@]3(CC2)C)C)(C)C)O)C)C(=O)O | CC(=CCC1=C(C2=C(C=C1O)OC(=O)C3=C2OC4=C3C=CC(=C4)O)OC)C | C[C@H]1[C@@H]([C@H]([C@H]([C@@H](O1)O[C@@H]2[C@H]([C@H](CO[C@H]2O[C@H]3CC[C@@]4([C@H]5CC[C@@H]6[C@H]7[C@@](C[C@@H](O[C@@]78C[C@]6([C@@]5(CC[C@H]4C3(C)C)C)CO8)C=C(C)C)(C)O)C)O)O[C@H]9[C@@H]([C@H]([C@@H]([C@H](O9)CO)O)O)O[C@H]1[C@@H]([C@H]([C@@H](CO1)O)O)O)O)O)O | C1[C@H](OC2=C(C1=O)C=CC(=C2)O)C3=CC=C(C=C3)O[C@H]4[C@@H]([C@H]([C@@H]([C@H](O4)CO)O)O)O,小续命汤 | 清肺汤 | 麻黄汤 | 厚朴麻黄汤 | 华盖散 | 桑白皮汤 | 清燥救肺汤 | 桂枝加厚朴杏子汤 | 桂枝麻黄各半汤 | 麻黄杏仁薏苡甘草汤 | 六和汤 | 五虎汤 | 宣痹汤,"It has the effects of stopping cough and calming wheezing, moistening intestines to relieve constipation, and diffusing the lungs to release the exterior."
S006,咳声重浊、痰黄稠黏、气息粗促、久咳声哑、舌红苔黄腻,清肺汤,麦冬（Ophiopogon japonicus）,CC1CCC2(C(C3C(O2)CC4C3(CCC5C4CC=C6C5(C(CC(C6)O)OC7C(C(C(C(O7)C)O)OC8C(C(C(CO8)O)O)O)OC9C(C(C(C(O9)C)O)O)O)C)C)C)OC1 | C=CC(=O)NCCCCC1=NC=C(N1)CO | CC1=C(C(=C2C(=C1O)C(=O)[C@@H](CO2)CC3=CC=C(C=C3)OC)C)O | CC1=C(C(=C2C(=C1O)C(=O)C(=CO2)CC3=CC4=C(C=C3)OCO4)C=O)O,一贯煎 | 麦门冬汤 | 清心莲子饮 | 地黄饮子 | 清金化痰汤 | 清肺汤 | 人参五味子汤 | 竹叶石膏汤 | 玉女煎 | 沙参麦冬汤 | 甘露饮 | 清上蠲痛汤 | 三甲复脉汤 | 益胃汤 | 两地汤 | 清燥救肺汤 | 门冬清肺饮 | 滋阴降火汤 | 增液承气汤,"It has the effects of nourishing yin to promote fluid production, moistening the lungs, and clearing heart heat."
S006,咳声重浊、痰黄稠黏、气息粗促、久咳声哑、舌红苔黄腻,清肺汤,五味子（Fructus Schisandrae）,CC1CC2=CC(=C(C(=C2C3=C(C(=C(C=C3CC1C)OC)OC)OC)OC)OC)OC | C/C/1=C\CCC(=C)[C@H]2CC([C@@H]2CC1)(C)C | C[C@H]1CC2=CC(=C(C(=C2C3=C(C(=C(C=C3C[C@]1(C)O)OC)OC)OC)OC)OC)OC | CC1CC2=CC3=C(C(=C2C4=C(C(=C(C=C4CC1C)OC)OC)OC)OC)OCO3 | C[C@@H]1CC2=CC3=C(C(=C2C4=C(C5=C(C=C4C[C@@H]1C)OCO5)OC)OC)OCO3,地黄饮子 | 清肺汤 | 人参五味子汤 | 厚朴麻黄汤 | 固阴煎 | 射干麻黄汤 | 苓甘五味姜辛汤 | 延年薯蓣酒 | 门冬清肺饮,"It has the effects of astringing and consolidating, replenishing qi to promote fluid production, and tonifying the kidneys to calm the heart."
S006,咳声重浊、痰黄稠黏、气息粗促、久咳声哑、舌红苔黄腻,清肺汤,甘草(licorice ),CC(=CCC1=C(C2=C(C=C1O)OC(=O)C3=C2OC4=C3C=CC(=C4)O)OC)C | CC1(C=CC2=C(O1)C=CC3=C2OC[C@@H]4[C@H]3OC5=C4C=CC(=C5)O)C | CC1(CCC2=C(O1)C=C3C(=C2OC)C=C(C(=O)O3)C4=C(C=C(C=C4)O)O)CO | CC1(C=CC2=C(O1)C=CC(=C2O)C3COC4=C(C3=O)C(=CC(=C4)O)OC)C | CC(=CCC1=C(C=CC2=C1OC(=O)C3=C2OC4=C3C=CC(=C4)O)O)C,苓桂术甘汤 | 温经汤 | 枇杷清肺饮 | 二冬汤 | 桃核承气汤 | 芍药甘草汤 | 半夏泻心汤 | 麦门冬汤 | 温胆汤 | 小续命汤 | 当归饮子 | 泻白散 | 清心莲子饮 | 羌活胜湿汤 | 清金化痰汤 | 金水六君煎 | 清肺汤 | 保元汤 | 半夏白术天麻汤 | 宣郁通经汤 | 异功散 | 泻黄散 | 白术散 | 消乳丸 | 人参五味子汤 | 清宁散 | 竹叶石膏汤 | 麻黄汤 | 当归四逆汤 | 桂枝芍药知母汤 | 当归建中汤 | 升阳益胃汤 | 厚朴温中汤 | 保阴煎 | 固阴煎 | 清骨散 | 达原饮 | 沙参麦冬汤 | 完带汤 | 身痛逐瘀汤 | 散偏汤 | 旋覆代赭汤 | 甘草泻心汤 | 黄连汤 | 橘皮竹茹汤 | 甘姜苓术汤 | 厚朴七物汤 | 温脾汤 | 竹茹汤 | 辛夷散 | 实脾散 | 甘露饮 | 华盖散 | 三痹汤 | 乌药汤 | 大秦艽汤 | 托里消毒散 | 清上蠲痛汤 | 养胃汤 | 石决明散 | 三甲复脉汤 | 蠲痹汤 | 四妙勇安汤 | 除湿胃苓汤 | 清燥救肺汤 | 凉血地黄汤 | 桂枝甘草汤 | 栀子柏皮汤 | 黄芩汤 | 茯苓桂枝甘 草大枣汤 | 柴胡桂枝汤 | 通脉四逆汤 | 桂枝加厚朴杏子汤 | 桂枝麻黄各半汤 | 柴胡桂枝干姜汤 | 桂枝人参汤 | 生姜泻心汤 | 白虎加人参汤 | 调胃承气汤 | 桔梗汤 | 防己黄芪汤 | 苓甘五味姜辛汤 | 防己茯苓汤 | 越婢汤 | 麻黄杏仁薏苡甘草汤 | 瓜蒌桂枝汤 | 生姜甘草汤 | 苏子降气汤 | 香苏散 | 升麻葛根汤 | 平胃散 | 六和汤 | 五虎汤 | 芍药汤 | 门冬清肺饮 | 普济消毒饮子 | 羌活胜风汤 | 牛蒡甘桔汤 | 大补元煎 | 左归饮 | 举元煎 | 茜根散 | 泰山磐石散 | 滋阴降火汤 | 清胃汤 | 调肝汤 | 柴葛解肌汤 | 茵陈术附汤 | 阳和汤 | 柴胡清肝汤 | 地黄饮 | 凉血四物汤 | 膈下逐瘀汤 | 会厌逐瘀汤,"It has the effects of tonifying the spleen and replenishing qi, clearing heat and detoxifying, dispelling phlegm and stopping cough, relieving spasm and alleviating pain, as well as harmonizing the actions of other herbs."
S006,咳声重浊、痰黄稠黏、气息粗促、久咳声哑、舌红苔黄腻,清肺汤,生姜( Zingiber Officinale Roscoe),CC[C@H](CC[C@@H](C)[C@H]1CC[C@@H]2[C@@]1(CC[C@H]3[C@H]2CC=C4[C@@]3(CC[C@@H](C4)O)C)C)C(C)C | CC[C@H](/C=C/[C@@H](C)[C@H]1CC[C@@H]2[C@@]1(CC[C@H]3[C@H]2CC=C4[C@@]3(CC[C@@H](C4)O)C)C)C(C)C | CC[C@@H](CC[C@@H](C)[C@H]1CC[C@@H]2[C@@]1(CC[C@H]3[C@H]2CC=C4[C@@]3(CC[C@@H](C4)O)C)C)C(C)C | CC(C)CCCCCCC(=O)NCC1=CC(=C(C=C1)O)OC,真武汤 | 黄芪桂枝五物汤 | 温胆汤 | 小续命汤 | 当归饮子 | 地黄饮子 | 金水六君煎 | 清肺汤 | 保元汤 | 半夏白术天麻汤 | 异功散 | 人参五味子汤 | 清宁散 | 桂枝芍药知母汤 | 半夏厚朴汤 | 当归建中汤 | 升阳益胃汤 | 厚朴温中汤 | 旋覆代赭汤 | 吴茱萸汤 | 橘皮竹茹汤 | 厚朴七物汤 | 丁香柿蒂散 | 柴胡桂枝汤 | 桂枝加厚朴杏子汤 | 桂枝麻黄各半汤 | 生姜泻心汤 | 射干麻黄汤 | 小半夏加茯苓汤 | 越婢汤 | 瓜蒌桂枝汤 | 生姜甘草汤 | 延年薯蓣酒 | 柴胡陷胸汤 | 通窍活血汤,"It has the effects of resolving phlegm to stop cough, descending rebellion to arrest vomiting, releasing the exterior, and dispersing wind-cold."
S006,咳声重浊、痰黄稠黏、气息粗促、久咳声哑、舌红苔黄腻,清肺汤,大枣(Jujubae Fructus),C[C@@]12CCC[C@]34[C@@H]1[C@]5(C[C@]67[C@H]3C(=O)[C@H](CC6C4N5C2)C(=C)C7)O | CC(=C)[C@@H]1CC[C@]2([C@H]1[C@H]3CC[C@@H]4[C@]5(CC[C@@H](C([C@@H]5CC[C@]4([C@@]3(CC2)C)C)(C)C)O)C)C(=O)O | CC1CCC(C2(C13CC(C(C2OC(=O)C4=CC=CC=C4)OC(=O)C)C(O3)(C)C)CO)O | CN1CCC2=CC3=C(C=C2C(=O)CC4=C(C1)C5=C(C=C4)OCO5)OCO3 | CC(=C)[C@@H]1CC[C@]2([C@H]1[C@H]3CC[C@H]4[C@]([C@@]3(CC2)C)(CC[C@@H]5[C@@]4([C@H]([C@@H](C5(C)C)O)C(=O)O)C)C)C(=O)O,半夏泻心汤 | 黄芪桂枝五物汤 | 麦门冬汤 | 地黄饮子 | 清肺汤 | 半夏白术天麻汤 | 异功散 | 苏葶丸 | 人参五味子汤 | 清宁散 | 当归四逆汤 | 当归建中汤 | 升阳益胃汤 | 旋覆代赭汤 | 吴茱萸汤 | 甘草泻心汤 | 黄连汤 | 橘皮竹茹汤 | 厚朴七物汤 | 清肝止淋汤 | 黄芩汤 | 茯苓桂枝甘 草大枣汤 | 柴胡桂枝汤 | 桂枝加厚朴杏子汤 | 桂枝麻黄各半汤 | 生姜泻心汤 | 射干麻黄汤 | 葶苈大枣泻肺汤 | 越婢汤 | 瓜蒌桂枝汤 | 生姜甘草汤 | 通窍活血汤,"It has the effects of tonifying the spleen and stomach, harmonizing blood, calming the spirit, replenishing qi, and nourishing blood."
S007,眩晕如坐舟船、头痛昏蒙、恶心呕吐、胸膈痞闷、舌苔白腻水滑,半夏白术天麻汤,半夏（Arum Ternatum Thunb）,C1=CC=C(C=C1)C2=CC(=O)C3=C(C(=C(C=C3O2)O[C@H]4[C@@H]([C@H]([C@@H]([C@H](O4)C(=O)O)O)O)O)O)O | CC[C@H](/C=C/[C@@H](C)[C@H]1CC[C@@H]2[C@@]1(CC[C@H]3[C@H]2CC=C4[C@@]3(CC[C@@H](C4)O)C)C)C(C)C | COC(=O)[C@H](CC1=CC=CC=C1)NC(=O)N2CCN(CCN(CC2)C(=O)N[C@@H](CC3=CC=CC=C3)C(=O)OC)C(=O)N[C@@H](CC4=CC=CC=C4)C(=O)OC | C1=NC2=C(N1[C@H]3[C@@H]([C@@H]([C@H](O3)CO)O)O)NC(=O)NC2=O,半夏泻心汤 | 瓜蒌薤白半夏汤 | 麦门冬汤 | 温胆汤 | 金水六君煎 | 半夏白术天麻汤 | 竹叶石膏汤 | 半夏厚朴汤 | 厚朴麻黄汤 | 升阳益胃汤 | 旋覆代赭汤 | 甘草泻心汤 | 黄连汤 | 竹茹汤 | 桑白皮汤 | 养胃汤 | 柴胡桂枝汤 | 小陷胸汤 | 生姜泻心汤 | 射干麻黄汤 | 小半夏加茯苓汤 | 苏子降气汤 | 六和汤 | 导痰汤 | 蒿芩清胆汤 | 柴胡陷胸汤 | 宣痹汤 | 连朴饮,"It has the effects of descending rebellion to stop vomiting, drying dampness to transform phlegm, and dissipating masses to resolve stagnation."
S007,眩晕如坐舟船、头痛昏蒙、恶心呕吐、胸膈痞闷、舌苔白腻水滑,半夏白术天麻汤,天麻（Rhizoma Gastrodiae）,C1=CC(=CC=C1CC2=CC=C(C=C2)O)O | C1=CC(=CC=C1CO)O[C@H]2[C@@H]([C@H]([C@@H]([C@H](O2)CO)O)O)O | C1=CC(=CC=C1COCC2=CC=C(C=C2)O[C@H]3[C@@H]([C@H]([C@@H]([C@H](O3)CO)O)O)O)O | C(C(=O)O)C(CC(=O)O)(C(=O)O)O | COC(=O)CC(CC(=O)[O-])(C(=O)[O-])O,半夏白术天麻汤,"It has the effects of pacifying the liver to extinguish wind, and dispelling wind to calm convulsions."
S007,眩晕如坐舟船、头痛昏蒙、恶心呕吐、胸膈痞闷、舌苔白腻水滑,半夏白术天麻汤,茯苓（Poria Cocos(Schw.) Wolf ）,CC(=CCC[C@H]([C@H]1CC[C@@]2([C@@]1(CCC3=C2CC[C@@H]4[C@@]3(CC[C@@H](C4(C)C)O)C)C)C)C(=O)O)C | C[C@H](/C=C/[C@H](C)C(C)C)[C@H]1CC[C@@H]2[C@@]1(CC[C@H]3C2=CC[C@@H]4[C@@]3(CC[C@@H](C4)O)C)C | C[C@H](/C=C/[C@H](C)C(C)C)[C@H]1CC[C@@H]2[C@@]1(CC[C@H]3[C@]24C=C[C@@]5([C@@]3(CC[C@@H](C5)O)C)OO4)C | CC(C)C(=C)CC[C@H]([C@H]1CC[C@@]2([C@@]1(CCC3=C2CC[C@@H]4[C@@]3(CC[C@@H](C4(C)C)O)C)C)C)C(=O)O | CC(C)C(=C)CC[C@H]([C@H]1CC[C@@]2([C@@]1(CC=C3C2=CC[C@@H]4[C@@]3(CC[C@@H](C4(C)C)O)C)C)C)C(=O)O,苓桂术甘汤 | 真武汤 | 开心散 | 清心莲子饮 | 地黄饮子 | 清金化痰汤 | 金水六君煎 | 清肺汤 | 半夏白术天麻汤 | 异功散 | 白术散 | 人参五味子汤 | 半夏厚朴汤 | 升阳益胃汤 | 厚朴温中汤 | 猪苓汤 | 附子汤 | 甘姜苓术汤 | 实脾散 | 三痹汤 | 大秦艽汤 | 暖肝煎 | 托里消毒散 | 养胃汤 | 清经散 | 茯苓桂枝甘 草大枣汤 | 小半夏加茯苓汤 | 苓甘五味姜辛汤 | 防己茯苓汤 | 六和汤 | 导痰汤 | 左归饮 | 解郁汤 | 定经汤 | 滋水清肝饮,"It has the effects of promoting diuresis and draining dampness, strengthening the spleen and harmonizing the stomach, as well as calming the heart and tranquilizing the mind."
S007,眩晕如坐舟船、头痛昏蒙、恶心呕吐、胸膈痞闷、舌苔白腻水滑,半夏白术天麻汤,橘红（Citri Exocarpium Rubrum）,C1[C@@H](OC2=CC(=CC(=C2C1=O)O)O)C3=CC=C(C=C3)O | COC1=CC(=CC(=C1)O)[C@@H]2CC(=O)C3=C(C=C(C=C3O2)O)O | CC(=CCOC1=C2C=CC(=O)OC2=CC3=C1C=CO3)C | C[C@@]12CC[C@@H]3[C@]4(C=CC(=O)OC([C@@H]4CC(=O)[C@]3([C@@]15[C@H](O5)C(=O)O[C@H]2C6=COC=C6)C)(C)C)C | C1[C@H](OC2=CC(=CC(=C2C1=O)O)O)C3=CC=C(C=C3)O,清金化痰汤 | 清肺汤 | 半夏白术天麻汤 | 厚朴温中汤 | 养胃汤 | 导痰汤 | 普济消毒饮子,"It has the effects of transforming phlegm, moving qi to relieve middle-jiao distension, dispelling cold, fortifying the stomach, regulating qi, and drying dampness."
S007,眩晕如坐舟船、头痛昏蒙、恶心呕吐、胸膈痞闷、舌苔白腻水滑,半夏白术天麻汤,白术(Atractylodes Macrocephala Koidz),C[C@@H]1CC[C@@]2(CC[C@@]3(C(=CC[C@H]4[C@]3(CC[C@@H]5[C@@]4(CC[C@@H](C5(C)C)O)C)C)[C@@H]2[C@H]1C)C)C | CC1=COC2=C1C[C@H]3C(=C)[C@H](CC[C@@]3(C2)C)OC(=O)C | CCC[C@@H](CC[C@@H](C)[C@H]1CC[C@@H]2[C@@]1(CC[C@H]3[C@H]2CC=C4[C@@]3(CC[C@@H](C4)O)C)C)C(C)C | CCO[C@]12C[C@]3(CCCC(=C)[C@@H]3CC1=C(C(=O)O2)C)C,苓桂术甘汤 | 真武汤 | 半夏白术天麻汤 | 异功散 | 白术散 | 人参五味子汤 | 桂枝芍药知母汤 | 升阳益胃汤 | 完带汤 | 附子汤 | 泽泻汤 | 甘姜苓术汤 | 实脾散 | 大秦艽汤 | 托里消毒散 | 除湿胃苓汤 | 桂枝人参汤 | 当归散 | 防己黄芪汤 | 延年薯蓣酒 | 羌活胜风汤 | 举元煎 | 泰山磐石散 | 解郁汤 | 固本止崩汤 | 茵陈术附汤 | 理冲汤,"It has the effects of strengthening the spleen and tonifying qi, drying dampness and promoting diuresis, stopping sweating, and preventing miscarriage."
S007,眩晕如坐舟船、头痛昏蒙、恶心呕吐、胸膈痞闷、舌苔白腻水滑,半夏白术天麻汤,甘草(licorice ),CC(=CCC1=C(C2=C(C=C1O)OC(=O)C3=C2OC4=C3C=CC(=C4)O)OC)C | CC1(C=CC2=C(O1)C=CC3=C2OC[C@@H]4[C@H]3OC5=C4C=CC(=C5)O)C | CC1(CCC2=C(O1)C=C3C(=C2OC)C=C(C(=O)O3)C4=C(C=C(C=C4)O)O)CO | CC1(C=CC2=C(O1)C=CC(=C2O)C3COC4=C(C3=O)C(=CC(=C4)O)OC)C | CC(=CCC1=C(C=CC2=C1OC(=O)C3=C2OC4=C3C=CC(=C4)O)O)C,苓桂术甘汤 | 温经汤 | 枇杷清肺饮 | 二冬汤 | 桃核承气汤 | 芍药甘草汤 | 半夏泻心汤 | 麦门冬汤 | 温胆汤 | 小续命汤 | 当归饮子 | 泻白散 | 清心莲子饮 | 羌活胜湿汤 | 清金化痰汤 | 金水六君煎 | 清肺汤 | 保元汤 | 半夏白术天麻汤 | 宣郁通经汤 | 异功散 | 泻黄散 | 白术散 | 消乳丸 | 人参五味子汤 | 清宁散 | 竹叶石膏汤 | 麻黄汤 | 当归四逆汤 | 桂枝芍药知母汤 | 当归建中汤 | 升阳益胃汤 | 厚朴温中汤 | 保阴煎 | 固阴煎 | 清骨散 | 达原饮 | 沙参麦冬汤 | 完带汤 | 身痛逐瘀汤 | 散偏汤 | 旋覆代赭汤 | 甘草泻心汤 | 黄连汤 | 橘皮竹茹汤 | 甘姜苓术汤 | 厚朴七物汤 | 温脾汤 | 竹茹汤 | 辛夷散 | 实脾散 | 甘露饮 | 华盖散 | 三痹汤 | 乌药汤 | 大秦艽汤 | 托里消毒散 | 清上蠲痛汤 | 养胃汤 | 石决明散 | 三甲复脉汤 | 蠲痹汤 | 四妙勇安汤 | 除湿胃苓汤 | 清燥救肺汤 | 凉血地黄汤 | 桂枝甘草汤 | 栀子柏皮汤 | 黄芩汤 | 茯苓桂枝甘 草大枣汤 | 柴胡桂枝汤 | 通脉四逆汤 | 桂枝加厚朴杏子汤 | 桂枝麻黄各半汤 | 柴胡桂枝干姜汤 | 桂枝人参汤 | 生姜泻心汤 | 白虎加人参汤 | 调胃承气汤 | 桔梗汤 | 防己黄芪汤 | 苓甘五味姜辛汤 | 防己茯苓汤 | 越婢汤 | 麻黄杏仁薏苡甘草汤 | 瓜蒌桂枝汤 | 生姜甘草汤 | 苏子降气汤 | 香苏散 | 升麻葛根汤 | 平胃散 | 六和汤 | 五虎汤 | 芍药汤 | 门冬清肺饮 | 普济消毒饮子 | 羌活胜风汤 | 牛蒡甘桔汤 | 大补元煎 | 左归饮 | 举元煎 | 茜根散 | 泰山磐石散 | 滋阴降火汤 | 清胃汤 | 调肝汤 | 柴葛解肌汤 | 茵陈术附汤 | 阳和汤 | 柴胡清肝汤 | 地黄饮 | 凉血四物汤 | 膈下逐瘀汤 | 会厌逐瘀汤,"It has the effects of tonifying the spleen and replenishing qi, clearing heat and detoxifying, dispelling phlegm and stopping cough, relieving spasm and alleviating pain, as well as harmonizing the actions of other herbs."
S007,眩晕如坐舟船、头痛昏蒙、恶心呕吐、胸膈痞闷、舌苔白腻水滑,半夏白术天麻汤,生姜( Zingiber Officinale Roscoe),CC[C@H](CC[C@@H](C)[C@H]1CC[C@@H]2[C@@]1(CC[C@H]3[C@H]2CC=C4[C@@]3(CC[C@@H](C4)O)C)C)C(C)C | CC[C@H](/C=C/[C@@H](C)[C@H]1CC[C@@H]2[C@@]1(CC[C@H]3[C@H]2CC=C4[C@@]3(CC[C@@H](C4)O)C)C)C(C)C | CC[C@@H](CC[C@@H](C)[C@H]1CC[C@@H]2[C@@]1(CC[C@H]3[C@H]2CC=C4[C@@]3(CC[C@@H](C4)O)C)C)C(C)C | CC(C)CCCCCCC(=O)NCC1=CC(=C(C=C1)O)OC,真武汤 | 黄芪桂枝五物汤 | 温胆汤 | 小续命汤 | 当归饮子 | 地黄饮子 | 金水六君煎 | 清肺汤 | 保元汤 | 半夏白术天麻汤 | 异功散 | 人参五味子汤 | 清宁散 | 桂枝芍药知母汤 | 半夏厚朴汤 | 当归建中汤 | 升阳益胃汤 | 厚朴温中汤 | 旋覆代赭汤 | 吴茱萸汤 | 橘皮竹茹汤 | 厚朴七物汤 | 丁香柿蒂散 | 柴胡桂枝汤 | 桂枝加厚朴杏子汤 | 桂枝麻黄各半汤 | 生姜泻心汤 | 射干麻黄汤 | 小半夏加茯苓汤 | 越婢汤 | 瓜蒌桂枝汤 | 生姜甘草汤 | 延年薯蓣酒 | 柴胡陷胸汤 | 通窍活血汤,"It has the effects of resolving phlegm to stop cough, descending rebellion to arrest vomiting, releasing the exterior, and dispersing wind-cold."
S007,眩晕如坐舟船、头痛昏蒙、恶心呕吐、胸膈痞闷、舌苔白腻水滑,半夏白术天麻汤,大枣(Jujubae Fructus),C[C@@]12CCC[C@]34[C@@H]1[C@]5(C[C@]67[C@H]3C(=O)[C@H](CC6C4N5C2)C(=C)C7)O | CC(=C)[C@@H]1CC[C@]2([C@H]1[C@H]3CC[C@@H]4[C@]5(CC[C@@H](C([C@@H]5CC[C@]4([C@@]3(CC2)C)C)(C)C)O)C)C(=O)O | CC1CCC(C2(C13CC(C(C2OC(=O)C4=CC=CC=C4)OC(=O)C)C(O3)(C)C)CO)O | CN1CCC2=CC3=C(C=C2C(=O)CC4=C(C1)C5=C(C=C4)OCO5)OCO3 | CC(=C)[C@@H]1CC[C@]2([C@H]1[C@H]3CC[C@H]4[C@]([C@@]3(CC2)C)(CC[C@@H]5[C@@]4([C@H]([C@@H](C5(C)C)O)C(=O)O)C)C)C(=O)O,半夏泻心汤 | 黄芪桂枝五物汤 | 麦门冬汤 | 地黄饮子 | 清肺汤 | 半夏白术天麻汤 | 异功散 | 苏葶丸 | 人参五味子汤 | 清宁散 | 当归四逆汤 | 当归建中汤 | 升阳益胃汤 | 旋覆代赭汤 | 吴茱萸汤 | 甘草泻心汤 | 黄连汤 | 橘皮竹茹汤 | 厚朴七物汤 | 清肝止淋汤 | 黄芩汤 | 茯苓桂枝甘 草大枣汤 | 柴胡桂枝汤 | 桂枝加厚朴杏子汤 | 桂枝麻黄各半汤 | 生姜泻心汤 | 射干麻黄汤 | 葶苈大枣泻肺汤 | 越婢汤 | 瓜蒌桂枝汤 | 生姜甘草汤 | 通窍活血汤,"It has the effects of tonifying the spleen and stomach, harmonizing blood, calming the spirit, replenishing qi, and nourishing blood."
S008,经前少腹灼痛、得热反剧、经前乳胀、烦躁易怒、肝郁气滞,宣郁通经汤,白芍(Paeoniae Radix Alba),C[C@@]12CC(=O)[C@H]3C[C@@]1(O[C@@H]([C@@H]3COC(=O)C4=CC=CC=C4)O2)O | C[C@]12C[C@@]3([C@@H]4C[C@]1([C@@]4([C@H](O2)O3)COC(=O)C5=CC=CC=C5)O[C@H]6[C@@H]([C@H]([C@@H]([C@H](O6)CO)O)O)O)O | C[C@]12C[C@H]([C@@H]3C[C@]1([C@@]3(C(=O)O2)COC(=O)C4=CC=CC=C4)O[C@H]5[C@@H]([C@H]([C@@H]([C@H](O5)CO)O)O)O)O | CC(=C)[C@@H]1CC[C@]2([C@H]1[C@H]3CC[C@@H]4[C@]5(CC[C@@H](C([C@@H]5CC[C@]4([C@@]3(CC2)C)C)(C)C)O)C)C(=O)O,温经汤 | 桃红四物汤 | 芍药甘草汤 | 真武汤 | 黄芪桂枝五物汤 | 小续命汤 | 当归饮子 | 宣郁通经汤 | 当归四逆汤 | 桂枝芍药知母汤 | 当归建中汤 | 升阳益胃汤 | 保阴煎 | 化肝煎 | 达原饮 | 完带汤 | 散偏汤 | 附子汤 | 三痹汤 | 大秦艽汤 | 托里消毒散 | 三甲复脉汤 | 清经散 | 清肝止淋汤 | 两地汤 | 黄芩汤 | 柴胡桂枝汤 | 桂枝加厚朴杏子汤 | 桂枝麻黄各半汤 | 当归散 | 枳实芍药散 | 瓜蒌桂枝汤 | 升麻葛根汤 | 芍药汤 | 门冬清肺饮 | 泰山磐石散 | 滋阴降火汤 | 解郁汤 | 养精种玉汤 | 定经汤 | 调肝汤 | 滋水清肝饮,"It has the effects of pacifying the liver to relieve pain, nourishing blood to regulate menstruation, and astringing yin to stop sweating."
S008,经前少腹灼痛、得热反剧、经前乳胀、烦躁易怒、肝郁气滞,宣郁通经汤,当归(Angelicae Sinensis Radix),CC1=CC[C@@]2(CCCC([C@]23[C@H]1C3)(C)C)C | CC[C@H](CC[C@@H](C)[C@H]1CC[C@@H]2[C@@]1(CC[C@H]3[C@H]2CC=C4[C@@]3(CC[C@@H](C4)O)C)C)C(C)C | CC[C@H](/C=C/[C@@H](C)[C@H]1CC[C@@H]2[C@@]1(CC[C@H]3[C@H]2CC=C4[C@@]3(CC[C@@H](C4)O)C)C)C(C)C | C[C@@H]1CC[C@@H]2[C@]13CC=C([C@H](C3)C2(C)C)C | C1=CC=C(C=C1)C2=CC(=S)C=C(S2)C3=CC=CC=C3,温经汤 | 一贯煎 | 桃红四物汤 | 当归饮子 | 当归补血汤 | 金水六君煎 | 济川煎 | 清肺汤 | 宣郁通经汤 | 当归四逆汤 | 当归建中汤 | 当归六黄汤 | 身痛逐瘀汤 | 三痹汤 | 清胃散 | 圣愈汤 | 乌药汤 | 大秦艽汤 | 暖肝煎 | 托里消毒散 | 清上蠲痛汤 | 蠲痹汤 | 清肝止淋汤 | 四妙勇安汤 | 黄连膏 | 凉血地黄汤 | 当归散 | 温脾丸 | 苏子降气汤 | 佛手散 | 芍药汤 | 门冬清肺饮 | 大补元煎 | 泰山磐石散 | 滋阴降火汤 | 清胃汤 | 解郁汤 | 固本止崩汤 | 养精种玉汤 | 定经汤 | 调肝汤 | 柴胡清肝汤 | 四物消风饮 | 地黄饮 | 凉血四物汤 | 滋水清肝饮 | 膈下逐瘀汤 | 会厌逐瘀汤 | 补肾活血汤 | 活络效灵丹,"It has the effects of nourishing blood, promoting blood circulation, regulating menstruation, relieving pain, and moistening intestines to relieve constipation."
S008,经前少腹灼痛、得热反剧、经前乳胀、烦躁易怒、肝郁气滞,宣郁通经汤,牡丹皮（Cortex Moutan）,C[C@]12C[C@@]3([C@@H]4C[C@]1([C@@]4([C@H](O2)O3)COC(=O)C5=CC=CC=C5)O[C@H]6[C@@H]([C@H]([C@@H]([C@H](O6)CO)O)O)O)O | CC(=C)[C@@H]1CC[C@]2([C@H]1[C@H]3CC[C@@H]4[C@]5(CC[C@@H](C([C@@H]5CC[C@]4([C@@]3(CC2)C)C)(C)C)O)C)C(=O)O | C1[C@@H]([C@H](OC2=CC(=CC(=C21)O)O)C3=CC(=C(C=C3)O)O)O | C1=CC(=C(C=C1C2=C(C(=O)C3=C(C=C(C=C3O2)O)O)O)O)O,温经汤 | 宣郁通经汤 | 化肝煎 | 清胃散 | 清经散 | 清肝止淋汤 | 柴葛解肌汤 | 地黄饮 | 滋水清肝饮 | 膈下逐瘀汤,"It has the effects of clearing heat and cooling blood, activating blood circulation and dissipating blood stasis."
S008,经前少腹灼痛、得热反剧、经前乳胀、烦躁易怒、肝郁气滞,宣郁通经汤,栀子（Gardeniae Fructus）,CC[C@H](/C=C/[C@@H](C)[C@H]1CC[C@@H]2[C@@]1(CC[C@H]3[C@H]2CC=C4[C@@]3(CC[C@@H](C4)O)C)C)C(C)C | C1=CC(=C(C=C1C2=C(C(=O)C3=C(C=C(C=C3O2)O)O)O)O)O | COC1=CC(=C2C(=C1)OC(=CC2=O)C3=CC(=C(C(=C3)OC)OC)OC)O,清金化痰汤 | 清肺汤 | 宣郁通经汤 | 泻黄散 | 化肝煎 | 桑白皮汤 | 除湿胃苓汤 | 茵陈蒿汤 | 栀子柏皮汤 | 栀子豉汤 | 栀子大黄汤 | 清胃汤 | 解郁汤 | 柴胡清肝汤 | 滋水清肝饮 | 宣痹汤,"It has the effects of purging fire to relieve vexation, clearing heat to promote diuresis, and cooling blood to detoxify."
S008,经前少腹灼痛、得热反剧、经前乳胀、烦躁易怒、肝郁气滞,宣郁通经汤,白芥子（Sinapis alba L. ）,C1=CC(=CC=C1CC(=NOS(=O)(=O)O)S[C@H]2[C@@H]([C@H]([C@@H]([C@H](O2)CO)O)O)O)O | CN1CCC23C4C1CC5=C2C(=C(C=C5C(=O)O)OC)OC3C(C=C4)O | C[N+](C)(C)CCOC(=O)/C=C/C1=CC(=C(C(=C1)OC)O)OC | COC1=CC(=CC(=C1O)OC)/C=C/C(=O)O,宣郁通经汤 | 散偏汤 | 阳和汤,"It has the effects of eliminating phlegm to stop cough, exerting anti-inflammatory and antibacterial actions, and promoting bowel movements."
S008,经前少腹灼痛、得热反剧、经前乳胀、烦躁易怒、肝郁气滞,宣郁通经汤,甘草(licorice ),CC(=CCC1=C(C2=C(C=C1O)OC(=O)C3=C2OC4=C3C=CC(=C4)O)OC)C | CC1(C=CC2=C(O1)C=CC3=C2OC[C@@H]4[C@H]3OC5=C4C=CC(=C5)O)C | CC1(CCC2=C(O1)C=C3C(=C2OC)C=C(C(=O)O3)C4=C(C=C(C=C4)O)O)CO | CC1(C=CC2=C(O1)C=CC(=C2O)C3COC4=C(C3=O)C(=CC(=C4)O)OC)C | CC(=CCC1=C(C=CC2=C1OC(=O)C3=C2OC4=C3C=CC(=C4)O)O)C,苓桂术甘汤 | 温经汤 | 枇杷清肺饮 | 二冬汤 | 桃核承气汤 | 芍药甘草汤 | 半夏泻心汤 | 麦门冬汤 | 温胆汤 | 小续命汤 | 当归饮子 | 泻白散 | 清心莲子饮 | 羌活胜湿汤 | 清金化痰汤 | 金水六君煎 | 清肺汤 | 保元汤 | 半夏白术天麻汤 | 宣郁通经汤 | 异功散 | 泻黄散 | 白术散 | 消乳丸 | 人参五味子汤 | 清宁散 | 竹叶石膏汤 | 麻黄汤 | 当归四逆汤 | 桂枝芍药知母汤 | 当归建中汤 | 升阳益胃汤 | 厚朴温中汤 | 保阴煎 | 固阴煎 | 清骨散 | 达原饮 | 沙参麦冬汤 | 完带汤 | 身痛逐瘀汤 | 散偏汤 | 旋覆代赭汤 | 甘草泻心汤 | 黄连汤 | 橘皮竹茹汤 | 甘姜苓术汤 | 厚朴七物汤 | 温脾汤 | 竹茹汤 | 辛夷散 | 实脾散 | 甘露饮 | 华盖散 | 三痹汤 | 乌药汤 | 大秦艽汤 | 托里消毒散 | 清上蠲痛汤 | 养胃汤 | 石决明散 | 三甲复脉汤 | 蠲痹汤 | 四妙勇安汤 | 除湿胃苓汤 | 清燥救肺汤 | 凉血地黄汤 | 桂枝甘草汤 | 栀子柏皮汤 | 黄芩汤 | 茯苓桂枝甘 草大枣汤 | 柴胡桂枝汤 | 通脉四逆汤 | 桂枝加厚朴杏子汤 | 桂枝麻黄各半汤 | 柴胡桂枝干姜汤 | 桂枝人参汤 | 生姜泻心汤 | 白虎加人参汤 | 调胃承气汤 | 桔梗汤 | 防己黄芪汤 | 苓甘五味姜辛汤 | 防己茯苓汤 | 越婢汤 | 麻黄杏仁薏苡甘草汤 | 瓜蒌桂枝汤 | 生姜甘草汤 | 苏子降气汤 | 香苏散 | 升麻葛根汤 | 平胃散 | 六和汤 | 五虎汤 | 芍药汤 | 门冬清肺饮 | 普济消毒饮子 | 羌活胜风汤 | 牛蒡甘桔汤 | 大补元煎 | 左归饮 | 举元煎 | 茜根散 | 泰山磐石散 | 滋阴降火汤 | 清胃汤 | 调肝汤 | 柴葛解肌汤 | 茵陈术附汤 | 阳和汤 | 柴胡清肝汤 | 地黄饮 | 凉血四物汤 | 膈下逐瘀汤 | 会厌逐瘀汤,"It has the effects of tonifying the spleen and replenishing qi, clearing heat and detoxifying, dispelling phlegm and stopping cough, relieving spasm and alleviating pain, as well as harmonizing the actions of other herbs."
S008,经前少腹灼痛、得热反剧、经前乳胀、烦躁易怒、肝郁气滞,宣郁通经汤,柴胡（Radix Bupleuri）,COC1=C(C=CC(=C1)C2=C(C(=O)C3=C(C=C(C=C3O2)O)O)O)O | COC1=C(C=C(C(=C1)C2=CC(=O)C3=C(C(=C(C=C3O2)OC)OC)O)O)O | C1[C@@H]([C@H]([C@H](O1)O)CC2=CC3=C(C=C2)OCO3)CC4=CC5=C(C=C4)OCO5 | CC1(CCCC23[C@@H]1[C@@H](C([C@]45[C@H]2CC[C@H](C4O)C(=C)C5=O)(OC3)O)O)C | C/C=C(\C)/C(=O)O[C@H]1[C@H](C(OC2=C1C3=C(C=C2)C=CC(=O)O3)(C)C)OC(=O)/C(=C/C)/C,升陷汤 | 宣郁通经汤 | 升阳益胃汤 | 完带汤 | 散偏汤 | 柴胡桂枝汤 | 柴胡桂枝干姜汤 | 佛手散 | 普济消毒饮子 | 羌活胜风汤 | 滋阴降火汤 | 定经汤 | 柴葛解肌汤 | 柴胡清肝汤 | 四物消风饮 | 滋水清肝饮 | 柴胡陷胸汤 | 会厌逐瘀汤,"It has the effects of dispersing and reducing fever, soothing the liver, and lifting yang."
S008,经前少腹灼痛、得热反剧、经前乳胀、烦躁易怒、肝郁气滞,宣郁通经汤,香附（Cyperi Rhizoma ）,COC1=C(C=CC(=C1)C2=C(C(=O)C3=C(C=C(C=C3O2)O)O)O)O | COC1=C2C=COC2=CC3=C1C(=O)C=C(O3)CO[C@@H]4[C@H]([C@@H]([C@H]([C@@H](O4)CO)O)O)O | C[C@]1(CC[C@@]2([C@@H](C1)C(=O)C[C@@H]3[C@]24CCC[C@@]3(C(=O)O4)C)C)C=C | COC1=C(C2=C(C[C@H]3C4=CC(=C(C=C4CCN3C2)OC)OC)C=C1)OC | CC[C@H](/C=C/[C@@H](C)[C@H]1CC[C@@H]2[C@@]1(CC[C@H]3[C@H]2CC=C4[C@@]3(CC[C@@H](C4)O)C)C)C(C)C,宣郁通经汤 | 消乳丸 | 身痛逐瘀汤 | 散偏汤 | 清肝止淋汤 | 膈下逐瘀汤,"It has the effects of relieving pain, moving qi to soothe the liver, preventing miscarriage, and regulating menstruation."
S008,经前少腹灼痛、得热反剧、经前乳胀、烦躁易怒、肝郁气滞,宣郁通经汤,姜黄（Curcumaelongae Rhizoma ）,CC[C@H](/C=C/[C@@H](C)[C@H]1CC[C@@H]2[C@@]1(CC[C@H]3[C@H]2CC=C4[C@@]3(CC[C@@H](C4)O)C)C)C(C)C | C[C@H](CC[C@H](C)C(C)C)[C@H]1CC[C@@H]2[C@@]1(CC[C@H]3[C@H]2CC=C4[C@@]3(CC[C@H](C4)O)C)C | [B-]1(N2C=CC=C2C(=C3[N+]1=CC=C3)C4=CC=C(C=C4)CCCCCCCCCCCCCCCCCCP(=O)([O-])OCC[N+](C)(C)C)(F)F,宣郁通经汤 | 黄连膏 | 升降散,"It has the effects of relieving pain, moving qi, breaking blood stasis, and unblocking menstruation."
S008,经前少腹灼痛、得热反剧、经前乳胀、烦躁易怒、肝郁气滞,宣郁通经汤,黄芩(Scutellariae Radix),COC1=CC=CC(=C1C2=CC(=O)C3=C(C(=C(C(=C3O2)OC)OC)OC)O)O | COC1=C(C2=C(C(=C1)O)C(=O)C=C(O2)C3=CC=CC=C3O)OC | COC1=C(C=C(C2=C1OC(=CC2=O)C3=CC=C(C=C3)O)O)O,二冬汤 | 半夏泻心汤 | 小续命汤 | 清心莲子饮 | 清金化痰汤 | 清肺汤 | 宣郁通经汤 | 当归六黄汤 | 保阴煎 | 达原饮 | 甘草泻心汤 | 甘露饮 | 大秦艽汤 | 桑白皮汤 | 清上蠲痛汤 | 凉血地黄汤 | 黄芩汤 | 附子泻心汤 | 柴胡桂枝汤 | 柴胡桂枝干姜汤 | 生姜泻心汤 | 当归散 | 泻心汤 | 芍药汤 | 普济消毒饮子 | 羌活胜风汤 | 茜根散 | 泰山磐石散 | 滋阴降火汤 | 清胃汤 | 柴葛解肌汤 | 柴胡清肝汤 | 凉血四物汤 | 柴胡陷胸汤,"It has the effects of clearing heat and drying dampness, purging fire and detoxifying, stopping bleeding, and preventing miscarriage."
S009,全身关节游走性疼痛、关节肿胀麻木、身体羸瘦、头晕气短、恶心欲吐,桂枝芍药知母汤,桂枝 (Cinnamomi Ramulus),C[C@H](/C=C/[C@H](C)C(C)C)[C@H]1CC[C@@H]2[C@@]1(CC[C@H]3[C@]24C=C[C@@]5([C@@]3(CC[C@@H](C5)O)C)OO4)C | C1[C@@H]([C@H](OC2=CC(=CC(=C21)O)O)C3=CC(=C(C=C3)O)O)O | C1[C@@H]([C@@H](OC2=CC(=CC(=C21)O)O)C3=CC(=C(C=C3)O)O)O | C1=CC(=C(C=C1[C@@H]2[C@H](C(=O)C3=C(C=C(C=C3O2)O)O)O)O)O,苓桂术甘汤 | 桃核承气汤 | 黄芪桂枝五物汤 | 麻黄汤 | 当归四逆汤 | 桂枝芍药知母汤 | 枳实薤白桂枝汤 | 黄连汤 | 厚朴七物汤 | 桂枝甘草汤 | 茯苓桂枝甘 草大枣汤 | 柴胡桂枝汤 | 桂枝加厚朴杏子汤 | 桂枝麻黄各半汤 | 柴胡桂枝干姜汤 | 桂枝人参汤 | 防己茯苓汤 | 瓜蒌桂枝汤 | 芍药汤,"It has the effects of warming meridians and dredging collaterals, releasing the exterior, dispersing wind-cold, and unblocking yang."
S009,全身关节游走性疼痛、关节肿胀麻木、身体羸瘦、头晕气短、恶心欲吐,桂枝芍药知母汤,白芍(Paeoniae Radix Alba),C[C@@]12CC(=O)[C@H]3C[C@@]1(O[C@@H]([C@@H]3COC(=O)C4=CC=CC=C4)O2)O | C[C@]12C[C@@]3([C@@H]4C[C@]1([C@@]4([C@H](O2)O3)COC(=O)C5=CC=CC=C5)O[C@H]6[C@@H]([C@H]([C@@H]([C@H](O6)CO)O)O)O)O | C[C@]12C[C@H]([C@@H]3C[C@]1([C@@]3(C(=O)O2)COC(=O)C4=CC=CC=C4)O[C@H]5[C@@H]([C@H]([C@@H]([C@H](O5)CO)O)O)O)O | CC(=C)[C@@H]1CC[C@]2([C@H]1[C@H]3CC[C@@H]4[C@]5(CC[C@@H](C([C@@H]5CC[C@]4([C@@]3(CC2)C)C)(C)C)O)C)C(=O)O,温经汤 | 桃红四物汤 | 芍药甘草汤 | 真武汤 | 黄芪桂枝五物汤 | 小续命汤 | 当归饮子 | 宣郁通经汤 | 当归四逆汤 | 桂枝芍药知母汤 | 当归建中汤 | 升阳益胃汤 | 保阴煎 | 化肝煎 | 达原饮 | 完带汤 | 散偏汤 | 附子汤 | 三痹汤 | 大秦艽汤 | 托里消毒散 | 三甲复脉汤 | 清经散 | 清肝止淋汤 | 两地汤 | 黄芩汤 | 柴胡桂枝汤 | 桂枝加厚朴杏子汤 | 桂枝麻黄各半汤 | 当归散 | 枳实芍药散 | 瓜蒌桂枝汤 | 升麻葛根汤 | 芍药汤 | 门冬清肺饮 | 泰山磐石散 | 滋阴降火汤 | 解郁汤 | 养精种玉汤 | 定经汤 | 调肝汤 | 滋水清肝饮,"It has the effects of pacifying the liver to relieve pain, nourishing blood to regulate menstruation, and astringing yin to stop sweating."
S009,全身关节游走性疼痛、关节肿胀麻木、身体羸瘦、头晕气短、恶心欲吐,桂枝芍药知母汤,甘草(licorice ),CC(=CCC1=C(C2=C(C=C1O)OC(=O)C3=C2OC4=C3C=CC(=C4)O)OC)C | CC1(C=CC2=C(O1)C=CC3=C2OC[C@@H]4[C@H]3OC5=C4C=CC(=C5)O)C | CC1(CCC2=C(O1)C=C3C(=C2OC)C=C(C(=O)O3)C4=C(C=C(C=C4)O)O)CO | CC1(C=CC2=C(O1)C=CC(=C2O)C3COC4=C(C3=O)C(=CC(=C4)O)OC)C | CC(=CCC1=C(C=CC2=C1OC(=O)C3=C2OC4=C3C=CC(=C4)O)O)C,苓桂术甘汤 | 温经汤 | 枇杷清肺饮 | 二冬汤 | 桃核承气汤 | 芍药甘草汤 | 半夏泻心汤 | 麦门冬汤 | 温胆汤 | 小续命汤 | 当归饮子 | 泻白散 | 清心莲子饮 | 羌活胜湿汤 | 清金化痰汤 | 金水六君煎 | 清肺汤 | 保元汤 | 半夏白术天麻汤 | 宣郁通经汤 | 异功散 | 泻黄散 | 白术散 | 消乳丸 | 人参五味子汤 | 清宁散 | 竹叶石膏汤 | 麻黄汤 | 当归四逆汤 | 桂枝芍药知母汤 | 当归建中汤 | 升阳益胃汤 | 厚朴温中汤 | 保阴煎 | 固阴煎 | 清骨散 | 达原饮 | 沙参麦冬汤 | 完带汤 | 身痛逐瘀汤 | 散偏汤 | 旋覆代赭汤 | 甘草泻心汤 | 黄连汤 | 橘皮竹茹汤 | 甘姜苓术汤 | 厚朴七物汤 | 温脾汤 | 竹茹汤 | 辛夷散 | 实脾散 | 甘露饮 | 华盖散 | 三痹汤 | 乌药汤 | 大秦艽汤 | 托里消毒散 | 清上蠲痛汤 | 养胃汤 | 石决明散 | 三甲复脉汤 | 蠲痹汤 | 四妙勇安汤 | 除湿胃苓汤 | 清燥救肺汤 | 凉血地黄汤 | 桂枝甘草汤 | 栀子柏皮汤 | 黄芩汤 | 茯苓桂枝甘 草大枣汤 | 柴胡桂枝汤 | 通脉四逆汤 | 桂枝加厚朴杏子汤 | 桂枝麻黄各半汤 | 柴胡桂枝干姜汤 | 桂枝人参汤 | 生姜泻心汤 | 白虎加人参汤 | 调胃承气汤 | 桔梗汤 | 防己黄芪汤 | 苓甘五味姜辛汤 | 防己茯苓汤 | 越婢汤 | 麻黄杏仁薏苡甘草汤 | 瓜蒌桂枝汤 | 生姜甘草汤 | 苏子降气汤 | 香苏散 | 升麻葛根汤 | 平胃散 | 六和汤 | 五虎汤 | 芍药汤 | 门冬清肺饮 | 普济消毒饮子 | 羌活胜风汤 | 牛蒡甘桔汤 | 大补元煎 | 左归饮 | 举元煎 | 茜根散 | 泰山磐石散 | 滋阴降火汤 | 清胃汤 | 调肝汤 | 柴葛解肌汤 | 茵陈术附汤 | 阳和汤 | 柴胡清肝汤 | 地黄饮 | 凉血四物汤 | 膈下逐瘀汤 | 会厌逐瘀汤,"It has the effects of tonifying the spleen and replenishing qi, clearing heat and detoxifying, dispelling phlegm and stopping cough, relieving spasm and alleviating pain, as well as harmonizing the actions of other herbs."
S009,全身关节游走性疼痛、关节肿胀麻木、身体羸瘦、头晕气短、恶心欲吐,桂枝芍药知母汤,麻黄（Ephedra Herba）,C1=CC(=CC=C1C2C(C(C3=C(C=C(C=C3O2)O)O)O)O)O | C1[C@@H]([C@H](OC2=CC(=CC(=C21)O)O)C3=CC(=C(C=C3)O)O)O | C1[C@H](OC2=CC(=CC(=C2C1=O)O)O)C3=CC=C(C=C3)O | C1=CC(=C(C=C1[C@@H]2[C@H](C(=O)C3=C(C=C(C=C3O2)O)O)O)O)O | C1[C@H](OC2=CC(=CC(=C2C1=O)O)O)C3=CC(=C(C=C3)O)O,小续命汤 | 麻黄汤 | 桂枝芍药知母汤 | 厚朴麻黄汤 | 华盖散 | 麻黄细辛附子汤 | 桂枝麻黄各半汤 | 射干麻黄汤 | 越婢汤 | 麻黄杏仁薏苡甘草汤 | 牡蛎散 | 五虎汤 | 阳和汤,"It has the effects of inducing sweating to disperse cold, diffusing the lungs to relieve wheezing, and promoting diuresis to reduce edema."
S009,全身关节游走性疼痛、关节肿胀麻木、身体羸瘦、头晕气短、恶心欲吐,桂枝芍药知母汤,生姜( Zingiber Officinale Roscoe),CC[C@H](CC[C@@H](C)[C@H]1CC[C@@H]2[C@@]1(CC[C@H]3[C@H]2CC=C4[C@@]3(CC[C@@H](C4)O)C)C)C(C)C | CC[C@H](/C=C/[C@@H](C)[C@H]1CC[C@@H]2[C@@]1(CC[C@H]3[C@H]2CC=C4[C@@]3(CC[C@@H](C4)O)C)C)C(C)C | CC[C@@H](CC[C@@H](C)[C@H]1CC[C@@H]2[C@@]1(CC[C@H]3[C@H]2CC=C4[C@@]3(CC[C@@H](C4)O)C)C)C(C)C | CC(C)CCCCCCC(=O)NCC1=CC(=C(C=C1)O)OC,真武汤 | 黄芪桂枝五物汤 | 温胆汤 | 小续命汤 | 当归饮子 | 地黄饮子 | 金水六君煎 | 清肺汤 | 保元汤 | 半夏白术天麻汤 | 异功散 | 人参五味子汤 | 清宁散 | 桂枝芍药知母汤 | 半夏厚朴汤 | 当归建中汤 | 升阳益胃汤 | 厚朴温中汤 | 旋覆代赭汤 | 吴茱萸汤 | 橘皮竹茹汤 | 厚朴七物汤 | 丁香柿蒂散 | 柴胡桂枝汤 | 桂枝加厚朴杏子汤 | 桂枝麻黄各半汤 | 生姜泻心汤 | 射干麻黄汤 | 小半夏加茯苓汤 | 越婢汤 | 瓜蒌桂枝汤 | 生姜甘草汤 | 延年薯蓣酒 | 柴胡陷胸汤 | 通窍活血汤,"It has the effects of resolving phlegm to stop cough, descending rebellion to arrest vomiting, releasing the exterior, and dispersing wind-cold."
S009,全身关节游走性疼痛、关节肿胀麻木、身体羸瘦、头晕气短、恶心欲吐,桂枝芍药知母汤,白术(Atractylodes Macrocephala Koidz),C[C@@H]1CC[C@@]2(CC[C@@]3(C(=CC[C@H]4[C@]3(CC[C@@H]5[C@@]4(CC[C@@H](C5(C)C)O)C)C)[C@@H]2[C@H]1C)C)C | CC1=COC2=C1C[C@H]3C(=C)[C@H](CC[C@@]3(C2)C)OC(=O)C | CCC[C@@H](CC[C@@H](C)[C@H]1CC[C@@H]2[C@@]1(CC[C@H]3[C@H]2CC=C4[C@@]3(CC[C@@H](C4)O)C)C)C(C)C | CCO[C@]12C[C@]3(CCCC(=C)[C@@H]3CC1=C(C(=O)O2)C)C,苓桂术甘汤 | 真武汤 | 半夏白术天麻汤 | 异功散 | 白术散 | 人参五味子汤 | 桂枝芍药知母汤 | 升阳益胃汤 | 完带汤 | 附子汤 | 泽泻汤 | 甘姜苓术汤 | 实脾散 | 大秦艽汤 | 托里消毒散 | 除湿胃苓汤 | 桂枝人参汤 | 当归散 | 防己黄芪汤 | 延年薯蓣酒 | 羌活胜风汤 | 举元煎 | 泰山磐石散 | 解郁汤 | 固本止崩汤 | 茵陈术附汤 | 理冲汤,"It has the effects of strengthening the spleen and tonifying qi, drying dampness and promoting diuresis, stopping sweating, and preventing miscarriage."
S009,全身关节游走性疼痛、关节肿胀麻木、身体羸瘦、头晕气短、恶心欲吐,桂枝芍药知母汤,知母（Anemarrhenae Rhizoma）,CC(=O)OC[C@H](CC1=CC=CC=C1)NC(=O)[C@@H](CC2=CC=CC=C2)NC(=O)C3=CC=CC=C3 | CN1CCC2=C[C@@H]([C@@H]3[C@H]([C@@H]21)C4=CC5=C(C=C4C(=O)O3)OCO5)O | COC1=C(C=CC(=C1)/C=C\C(=O)NCCC2=CC=C(C=C2)O)O | C[C@@H]1CC[C@@]2([C@H]([C@H]3[C@@H](O2)C[C@@H]4[C@@]3(CC[C@H]5[C@H]4CC=C6[C@@]5(CC[C@@H](C6)O)C)C)C)OC1 | C1=CC(=CC=C1CCNC(=O)/C=C\C2=CC=C(C=C2)O)O,升陷汤 | 二冬汤 | 清金化痰汤 | 桂枝芍药知母汤 | 玉女煎 | 清骨散 | 达原饮 | 白虎加人参汤 | 滋阴降火汤 | 柴葛解肌汤 | 理冲汤,"It has the effects of clearing heat and purging fire, promoting fluid production and moistening dryness."
S009,全身关节游走性疼痛、关节肿胀麻木、身体羸瘦、头晕气短、恶心欲吐,桂枝芍药知母汤,防风（Saposhnikoviae Radix）,COC1=C(C=CC(=C1)[C@@H]2[C@H](OC3=C4C(=CC(=C3O2)OC)C=CC(=O)O4)CO)O | C/C=C(\C)/C(=O)O[C@H]1[C@@H](C(OC2=C1C3=C(C=C2)C=CC(=O)O3)(C)C)OC(=O)/C(=C/C)/C | C/C=C(/C)\C(=O)O[C@H]1CC2=C(C=C3C(=C2O)C(=O)C=C(O3)CO)OC1(C)C | CC[C@H](CC[C@@H](C)[C@H]1CC[C@@H]2[C@@]1(CC[C@H]3[C@H]2CC=C4[C@@]3(CC[C@H](C4)O)C)C)C(C)C | CC[C@H](CC[C@@H](C)[C@H]1CC[C@@H]2[C@@]1(CC[C@H]3[C@H]2CC=C4[C@@]3(CC[C@@H](C4)O)C)C)C(C)C,小续命汤 | 当归饮子 | 羌活胜湿汤 | 泻黄散 | 桂枝芍药知母汤 | 升阳益胃汤 | 辛夷散 | 三痹汤 | 大秦艽汤 | 清上蠲痛汤 | 除湿胃苓汤 | 延年薯蓣酒 | 羌活胜风汤 | 清胃汤 | 柴胡清肝汤 | 四物消风饮,"It has the effects of releasing the exterior and dispelling wind, overcoming dampness, and stopping convulsions."
S009,全身关节游走性疼痛、关节肿胀麻木、身体羸瘦、头晕气短、恶心欲吐,桂枝芍药知母汤,附子(Aconiti Lateralis Radix Praeparata),C[C@@]12CC[C@H]([C@@]([C@@H]1CCC(=C)[C@H]2CCC3=CCOC3=O)(C)CO)O | CCN1C[C@@]2(CC[C@@H]([C@@]34[C@@H]2C[C@@H](C31)[C@]5(C[C@@H]([C@H]6C[C@@H]4[C@@H]5[C@H]6O)OC)O)O)C | COC1=C(OC2=C(C1=O)C=CC3=C2C=CO3)C4=CC=CC=C4 | CCN1C[C@@]2(CC[C@@H]([C@@]34[C@@H]2C[C@@H](C31)[C@]5(C[C@@H]([C@H]6C[C@@H]4[C@@H]5[C@H]6O)OC)O)O)COC,真武汤 | 小续命汤 | 地黄饮子 | 桂枝芍药知母汤 | 附子汤 | 温脾汤 | 实脾散 | 乌药汤 | 麻黄细辛附子汤 | 附子泻心汤 | 通脉四逆汤 | 大黄附子汤 | 薏苡附子败酱散 | 温脾丸 | 香苏散 | 茵陈术附汤,"It has the effects of tonifying the life-gate fire, warming and transforming cold-dampness, restoring yang, supplementing yang, and strengthening spleen yang."
S010,恶寒无汗、头身疼痛、咳喘痰多、喉中痰鸣、胸腹胀憋闷,厚朴麻黄汤,厚朴（Magnolia Officinalis Rehd Et Wils．）,C[C@@]12CCC3=C([C@@H]1CCC2=O)C=CC4=C3C=CC(=C4)O | C[C@H]1[C@@H]([C@H]([C@H]([C@@H](O1)O[C@@H]2[C@H]([C@@H]([C@H](O[C@H]2OC3=CC(=C4C(=O)C[C@H](OC4=C3)C5=CC(=C(C=C5)OC)O)O)CO)O)O)O)O)O,小承气汤 | 半夏厚朴汤 | 枳实薤白桂枝汤 | 厚朴麻黄汤 | 厚朴温中汤 | 达原饮 | 厚朴七物汤 | 实脾散 | 三化汤 | 养胃汤 | 新加香薷饮 | 除湿胃苓汤 | 桂枝加厚朴杏子汤 | 厚朴三物汤 | 苏子降气汤 | 平胃散 | 六和汤 | 连朴饮,"It has the effects of drying dampness to eliminate phlegm, descending qi to relieve fullness."
S010,恶寒无汗、头身疼痛、咳喘痰多、喉中痰鸣、胸腹胀憋闷,厚朴麻黄汤,麻黄（Ephedra Herba）,C1=CC(=CC=C1C2C(C(C3=C(C=C(C=C3O2)O)O)O)O)O | C1[C@@H]([C@H](OC2=CC(=CC(=C21)O)O)C3=CC(=C(C=C3)O)O)O | C1[C@H](OC2=CC(=CC(=C2C1=O)O)O)C3=CC=C(C=C3)O | C1=CC(=C(C=C1[C@@H]2[C@H](C(=O)C3=C(C=C(C=C3O2)O)O)O)O)O | C1[C@H](OC2=CC(=CC(=C2C1=O)O)O)C3=CC(=C(C=C3)O)O,小续命汤 | 麻黄汤 | 桂枝芍药知母汤 | 厚朴麻黄汤 | 华盖散 | 麻黄细辛附子汤 | 桂枝麻黄各半汤 | 射干麻黄汤 | 越婢汤 | 麻黄杏仁薏苡甘草汤 | 牡蛎散 | 五虎汤 | 阳和汤,"It has the effects of inducing sweating to disperse cold, diffusing the lungs to relieve wheezing, and promoting diuresis to reduce edema."
S010,恶寒无汗、头身疼痛、咳喘痰多、喉中痰鸣、胸腹胀憋闷,厚朴麻黄汤,石膏（Gypsum）,O.O.[O-]S(=O)(=O)[O-].[Ca+2],泻黄散 | 竹叶石膏汤 | 厚朴麻黄汤 | 玉女煎 | 大秦艽汤 | 清燥救肺汤 | 白虎加人参汤 | 越婢汤 | 五虎汤 | 清胃汤,"It has the effects of clearing heat and purging fire, exerting anti-inflammatory and anti-swelling actions, and quenching thirst to promote fluid production."
S010,恶寒无汗、头身疼痛、咳喘痰多、喉中痰鸣、胸腹胀憋闷,厚朴麻黄汤,苦杏仁（Amygdalus Communis Vas）,CC(=C)[C@@H]1CC[C@]2([C@H]1[C@H]3CC[C@@H]4[C@]5(CC[C@@H](C([C@@H]5CC[C@]4([C@@]3(CC2)C)C)(C)C)O)C)C(=O)O | CC(=CCC1=C(C2=C(C=C1O)OC(=O)C3=C2OC4=C3C=CC(=C4)O)OC)C | C[C@H]1[C@@H]([C@H]([C@H]([C@@H](O1)O[C@@H]2[C@H]([C@H](CO[C@H]2O[C@H]3CC[C@@]4([C@H]5CC[C@@H]6[C@H]7[C@@](C[C@@H](O[C@@]78C[C@]6([C@@]5(CC[C@H]4C3(C)C)C)CO8)C=C(C)C)(C)O)C)O)O[C@H]9[C@@H]([C@H]([C@@H]([C@H](O9)CO)O)O)O[C@H]1[C@@H]([C@H]([C@@H](CO1)O)O)O)O)O)O | C1[C@H](OC2=C(C1=O)C=CC(=C2)O)C3=CC=C(C=C3)O[C@H]4[C@@H]([C@H]([C@@H]([C@H](O4)CO)O)O)O,小续命汤 | 清肺汤 | 麻黄汤 | 厚朴麻黄汤 | 华盖散 | 桑白皮汤 | 清燥救肺汤 | 桂枝加厚朴杏子汤 | 桂枝麻黄各半汤 | 麻黄杏仁薏苡甘草汤 | 六和汤 | 五虎汤 | 宣痹汤,"It has the effects of stopping cough and calming wheezing, moistening intestines to relieve constipation, and diffusing the lungs to release the exterior."
S010,恶寒无汗、头身疼痛、咳喘痰多、喉中痰鸣、胸腹胀憋闷,厚朴麻黄汤,半夏（Arum Ternatum Thunb）,C1=CC=C(C=C1)C2=CC(=O)C3=C(C(=C(C=C3O2)O[C@H]4[C@@H]([C@H]([C@@H]([C@H](O4)C(=O)O)O)O)O)O)O | CC[C@H](/C=C/[C@@H](C)[C@H]1CC[C@@H]2[C@@]1(CC[C@H]3[C@H]2CC=C4[C@@]3(CC[C@@H](C4)O)C)C)C(C)C | COC(=O)[C@H](CC1=CC=CC=C1)NC(=O)N2CCN(CCN(CC2)C(=O)N[C@@H](CC3=CC=CC=C3)C(=O)OC)C(=O)N[C@@H](CC4=CC=CC=C4)C(=O)OC | C1=NC2=C(N1[C@H]3[C@@H]([C@@H]([C@H](O3)CO)O)O)NC(=O)NC2=O,半夏泻心汤 | 瓜蒌薤白半夏汤 | 麦门冬汤 | 温胆汤 | 金水六君煎 | 半夏白术天麻汤 | 竹叶石膏汤 | 半夏厚朴汤 | 厚朴麻黄汤 | 升阳益胃汤 | 旋覆代赭汤 | 甘草泻心汤 | 黄连汤 | 竹茹汤 | 桑白皮汤 | 养胃汤 | 柴胡桂枝汤 | 小陷胸汤 | 生姜泻心汤 | 射干麻黄汤 | 小半夏加茯苓汤 | 苏子降气汤 | 六和汤 | 导痰汤 | 蒿芩清胆汤 | 柴胡陷胸汤 | 宣痹汤 | 连朴饮,"It has the effects of descending rebellion to stop vomiting, drying dampness to transform phlegm, and dissipating masses to resolve stagnation."
S010,恶寒无汗、头身疼痛、咳喘痰多、喉中痰鸣、胸腹胀憋闷,厚朴麻黄汤,干姜(Zingiberis Rhizoma),CCCCC/C=C\C/C=C\CCCCCCCC(=O)OC[C@H](CO)O | C/C=C/CC1=C([C@H](CC1=O)OC(=O)[C@@H]2[C@H](C2(C)C)/C=C(\C)/C(=O)OC)C | COC1=C(C=C(C2=C1OC(=C(C2=O)O)C3=CC=C(C=C3)O)O)O | CC[C@H](CC[C@@H](C)[C@H]1CC[C@@H]2[C@@]1(CC[C@H]3[C@H]2CC=C4[C@@]3(CC[C@@H](C4)O)C)C)C(C)C | CC[C@H](CC[C@@H](C)[C@H]1CC[C@@H]2[C@@]1(CC[C@H]3[C@H]2CC=C4[C@@]3(CC[C@H](C4)O)C)C)C(C)C,半夏泻心汤 | 大建中汤 | 厚朴麻黄汤 | 厚朴温中汤 | 甘草泻心汤 | 黄连汤 | 甘姜苓术汤 | 温脾汤 | 实脾散 | 通脉四逆汤 | 柴胡桂枝干姜汤 | 桂枝人参汤 | 生姜泻心汤 | 苓甘五味姜辛汤 | 温脾丸 | 茵陈术附汤,"It has the effects of warming the middle jiao, warming the lungs to transform retained fluid, restoring yang, tonifying yang, strengthening spleen yang, and unblocking collaterals."
S010,恶寒无汗、头身疼痛、咳喘痰多、喉中痰鸣、胸腹胀憋闷,厚朴麻黄汤,细辛（Asari Radix Et Rhizoma）,CN1CCC2=CC(=C(C=C2C(=O)CC3=C(C1)C4=C(C=C3)OCO4)OC)OC | C1[C@H]2[C@H](CO[C@@H]2C3=CC4=C(C=C3)OCO4)[C@H](O1)C5=CC6=C(C=C5)OCO6 | C/C=C/CC1=C([C@H](CC1=O)OC(=O)[C@@H]2[C@H](C2(C)C)/C=C(\C)/C(=O)OC)C | COC1=C(C(=C(C=C1)[C@H]2COC3=C(C2=O)C=CC(=C3)O)OC)OC | C1=CC(=CC=C1C2=C(C(=O)C3=C(C=C(C=C3O2)O)O)O)O,当归四逆汤 | 厚朴麻黄汤 | 辛夷散 | 三痹汤 | 大秦艽汤 | 清上蠲痛汤 | 麻黄细辛附子汤 | 大黄附子汤 | 射干麻黄汤 | 苓甘五味姜辛汤 | 温脾丸,"It has the effects of dispelling wind and scattering cold, unblocking orifices to relieve pain, and warming the lungs to transform retained fluid."
S010,恶寒无汗、头身疼痛、咳喘痰多、喉中痰鸣、胸腹胀憋闷,厚朴麻黄汤,小麦（Semen Tritici aestivi）,CCCCC/C=C\C/C=C\CCCCCCCC(=O)O | C1(C(=O)NC(=O)N1)NC(=O)N | C[C@H]1[C@@H]([C@H]([C@H]([C@@H](O1)OC[C@@H]2[C@H]([C@@H]([C@H]([C@@H](O2)OC3=CC(=C4C(=O)C[C@H](OC4=C3)C5=CC(=C(C=C5)OC)O)O)O)O)O)O)O)O | C(C[C@@H](C(=O)O)N)CN=C(N)N,厚朴麻黄汤,"It has the effects of nourishing the heart to calm the spirit, clearing heat, promoting fluid production to quench thirst, and tonifying the kidneys."
S010,恶寒无汗、头身疼痛、咳喘痰多、喉中痰鸣、胸腹胀憋闷,厚朴麻黄汤,五味子（Fructus Schisandrae）,CC1CC2=CC(=C(C(=C2C3=C(C(=C(C=C3CC1C)OC)OC)OC)OC)OC)OC | C/C/1=C\CCC(=C)[C@H]2CC([C@@H]2CC1)(C)C | C[C@H]1CC2=CC(=C(C(=C2C3=C(C(=C(C=C3C[C@]1(C)O)OC)OC)OC)OC)OC)OC | CC1CC2=CC3=C(C(=C2C4=C(C(=C(C=C4CC1C)OC)OC)OC)OC)OCO3 | C[C@@H]1CC2=CC3=C(C(=C2C4=C(C5=C(C=C4C[C@@H]1C)OCO5)OC)OC)OCO3,地黄饮子 | 清肺汤 | 人参五味子汤 | 厚朴麻黄汤 | 固阴煎 | 射干麻黄汤 | 苓甘五味姜辛汤 | 延年薯蓣酒 | 门冬清肺饮,"It has the effects of astringing and consolidating, replenishing qi to promote fluid production, and tonifying the kidneys to calm the heart."
S011,食不知味、食后腹胀、口燥舌干、肢体困重、面色㿠白,升阳益胃汤,黄芪（Hedysarum Multijugum Maxim）,CC(=C)[C@@H]1CC[C@]2([C@H]1[C@H]3CC[C@@H]4[C@]5(CC[C@@H](C([C@@H]5CC[C@]4([C@@]3(CC2)C)C)(C)C)O)C)C(=O)O | COC1=CC2=C(C=C1)[C@H]3[C@@H](CO2)C4=C(O3)C(=C(C=C4)OC)OC | COC1=C(C2=C(C=C1)[C@@H]3COC4=C([C@@H]3O2)C=CC(=C4)O)OC | C1=CC(=CC=C1C(=O)N[C@@H](CCC(=O)O)C(=O)O)NCC2=CN=C3C(=N2)C(=O)N=C(N3)N | COC1=C(C(=C(C=C1)[C@H]2CC3=C(C=C(C=C3)O[C@H]4[C@@H]([C@H]([C@@H]([C@H](O4)CO)O)O)O)OC2)O[C@H]5[C@@H]([C@H]([C@@H]([C@H](O5)CO)O)O)O)OC,升陷汤 | 黄芪桂枝五物汤 | 当归饮子 | 清心莲子饮 | 当归补血汤 | 保元汤 | 升阳益胃汤 | 当归六黄汤 | 三痹汤 | 圣愈汤 | 托里消毒散 | 防己黄芪汤 | 防己茯苓汤 | 牡蛎散 | 佛手散 | 门冬清肺饮 | 举元煎 | 泰山磐石散 | 固本止崩汤 | 黄芪汤 | 理冲汤,"It has the effects of tonifying qi to secure the exterior, stopping sweating, expelling toxins, promoting tissue regeneration, and inducing diuresis to reduce swelling."
S011,食不知味、食后腹胀、口燥舌干、肢体困重、面色㿠白,升阳益胃汤,半夏（Arum Ternatum Thunb）,C1=CC=C(C=C1)C2=CC(=O)C3=C(C(=C(C=C3O2)O[C@H]4[C@@H]([C@H]([C@@H]([C@H](O4)C(=O)O)O)O)O)O)O | CC[C@H](/C=C/[C@@H](C)[C@H]1CC[C@@H]2[C@@]1(CC[C@H]3[C@H]2CC=C4[C@@]3(CC[C@@H](C4)O)C)C)C(C)C | COC(=O)[C@H](CC1=CC=CC=C1)NC(=O)N2CCN(CCN(CC2)C(=O)N[C@@H](CC3=CC=CC=C3)C(=O)OC)C(=O)N[C@@H](CC4=CC=CC=C4)C(=O)OC | C1=NC2=C(N1[C@H]3[C@@H]([C@@H]([C@H](O3)CO)O)O)NC(=O)NC2=O,半夏泻心汤 | 瓜蒌薤白半夏汤 | 麦门冬汤 | 温胆汤 | 金水六君煎 | 半夏白术天麻汤 | 竹叶石膏汤 | 半夏厚朴汤 | 厚朴麻黄汤 | 升阳益胃汤 | 旋覆代赭汤 | 甘草泻心汤 | 黄连汤 | 竹茹汤 | 桑白皮汤 | 养胃汤 | 柴胡桂枝汤 | 小陷胸汤 | 生姜泻心汤 | 射干麻黄汤 | 小半夏加茯苓汤 | 苏子降气汤 | 六和汤 | 导痰汤 | 蒿芩清胆汤 | 柴胡陷胸汤 | 宣痹汤 | 连朴饮,"It has the effects of descending rebellion to stop vomiting, drying dampness to transform phlegm, and dissipating masses to resolve stagnation."
S011,食不知味、食后腹胀、口燥舌干、肢体困重、面色㿠白,升阳益胃汤,人参(Panax Ginseng C. A. Mey.),C1[C@H]2[C@@H](C3=C(O1)C=C(C=C3)O)OC4=CC5=C(C=C24)OCO5 | C1CCN(CCCNC(=O)C[C@H](NC1)C2=CC=CC=C2)C(=O)C3=CC=CC=C3 | C1=CC=C2C(=C1)C3=C(C(=O)C4=CC=CC=C4O3)C(=O)O2 | CC1=CC2=C(C3=C1OC(C=C3)(C)C)NC4=CC=CC=C42 | COC1=C(C=C(C=C1)C[C@@H]\2COC(=O)/C2=C/C3=CC4=C(C=C3)OCO4)OC,温经汤 | 枇杷清肺饮 | 二冬汤 | 半夏泻心汤 | 大建中汤 | 麦门冬汤 | 小续命汤 | 开心散 | 清心莲子饮 | 保元汤 | 异功散 | 白术散 | 人参五味子汤 | 竹叶石膏汤 | 升阳益胃汤 | 固阴煎 | 完带汤 | 旋覆代赭汤 | 吴茱萸汤 | 黄连汤 | 附子汤 | 橘皮竹茹汤 | 温脾汤 | 三痹汤 | 圣愈汤 | 托里消毒散 | 养胃汤 | 丁香柿蒂散 | 清燥救肺汤 | 柴胡桂枝汤 | 桂枝人参汤 | 生姜泻心汤 | 白虎加人参汤 | 生姜甘草汤 | 延年薯蓣酒 | 六和汤 | 门冬清肺饮 | 普济消毒饮子 | 大补元煎 | 举元煎 | 泰山磐石散 | 解郁汤 | 固本止崩汤,"It has the effects of greatly tonifying primordial qi, restoring pulses and securing collapse, tonifying the spleen and nourishing the lungs, promoting fluid production, and tranquilizing the mind."
S011,食不知味、食后腹胀、口燥舌干、肢体困重、面色㿠白,升阳益胃汤,甘草(licorice ),CC(=CCC1=C(C2=C(C=C1O)OC(=O)C3=C2OC4=C3C=CC(=C4)O)OC)C | CC1(C=CC2=C(O1)C=CC3=C2OC[C@@H]4[C@H]3OC5=C4C=CC(=C5)O)C | CC1(CCC2=C(O1)C=C3C(=C2OC)C=C(C(=O)O3)C4=C(C=C(C=C4)O)O)CO | CC1(C=CC2=C(O1)C=CC(=C2O)C3COC4=C(C3=O)C(=CC(=C4)O)OC)C | CC(=CCC1=C(C=CC2=C1OC(=O)C3=C2OC4=C3C=CC(=C4)O)O)C,苓桂术甘汤 | 温经汤 | 枇杷清肺饮 | 二冬汤 | 桃核承气汤 | 芍药甘草汤 | 半夏泻心汤 | 麦门冬汤 | 温胆汤 | 小续命汤 | 当归饮子 | 泻白散 | 清心莲子饮 | 羌活胜湿汤 | 清金化痰汤 | 金水六君煎 | 清肺汤 | 保元汤 | 半夏白术天麻汤 | 宣郁通经汤 | 异功散 | 泻黄散 | 白术散 | 消乳丸 | 人参五味子汤 | 清宁散 | 竹叶石膏汤 | 麻黄汤 | 当归四逆汤 | 桂枝芍药知母汤 | 当归建中汤 | 升阳益胃汤 | 厚朴温中汤 | 保阴煎 | 固阴煎 | 清骨散 | 达原饮 | 沙参麦冬汤 | 完带汤 | 身痛逐瘀汤 | 散偏汤 | 旋覆代赭汤 | 甘草泻心汤 | 黄连汤 | 橘皮竹茹汤 | 甘姜苓术汤 | 厚朴七物汤 | 温脾汤 | 竹茹汤 | 辛夷散 | 实脾散 | 甘露饮 | 华盖散 | 三痹汤 | 乌药汤 | 大秦艽汤 | 托里消毒散 | 清上蠲痛汤 | 养胃汤 | 石决明散 | 三甲复脉汤 | 蠲痹汤 | 四妙勇安汤 | 除湿胃苓汤 | 清燥救肺汤 | 凉血地黄汤 | 桂枝甘草汤 | 栀子柏皮汤 | 黄芩汤 | 茯苓桂枝甘 草大枣汤 | 柴胡桂枝汤 | 通脉四逆汤 | 桂枝加厚朴杏子汤 | 桂枝麻黄各半汤 | 柴胡桂枝干姜汤 | 桂枝人参汤 | 生姜泻心汤 | 白虎加人参汤 | 调胃承气汤 | 桔梗汤 | 防己黄芪汤 | 苓甘五味姜辛汤 | 防己茯苓汤 | 越婢汤 | 麻黄杏仁薏苡甘草汤 | 瓜蒌桂枝汤 | 生姜甘草汤 | 苏子降气汤 | 香苏散 | 升麻葛根汤 | 平胃散 | 六和汤 | 五虎汤 | 芍药汤 | 门冬清肺饮 | 普济消毒饮子 | 羌活胜风汤 | 牛蒡甘桔汤 | 大补元煎 | 左归饮 | 举元煎 | 茜根散 | 泰山磐石散 | 滋阴降火汤 | 清胃汤 | 调肝汤 | 柴葛解肌汤 | 茵陈术附汤 | 阳和汤 | 柴胡清肝汤 | 地黄饮 | 凉血四物汤 | 膈下逐瘀汤 | 会厌逐瘀汤,"It has the effects of tonifying the spleen and replenishing qi, clearing heat and detoxifying, dispelling phlegm and stopping cough, relieving spasm and alleviating pain, as well as harmonizing the actions of other herbs."
S011,食不知味、食后腹胀、口燥舌干、肢体困重、面色㿠白,升阳益胃汤,防风（Saposhnikoviae Radix）,COC1=C(C=CC(=C1)[C@@H]2[C@H](OC3=C4C(=CC(=C3O2)OC)C=CC(=O)O4)CO)O | C/C=C(\C)/C(=O)O[C@H]1[C@@H](C(OC2=C1C3=C(C=C2)C=CC(=O)O3)(C)C)OC(=O)/C(=C/C)/C | C/C=C(/C)\C(=O)O[C@H]1CC2=C(C=C3C(=C2O)C(=O)C=C(O3)CO)OC1(C)C | CC[C@H](CC[C@@H](C)[C@H]1CC[C@@H]2[C@@]1(CC[C@H]3[C@H]2CC=C4[C@@]3(CC[C@H](C4)O)C)C)C(C)C | CC[C@H](CC[C@@H](C)[C@H]1CC[C@@H]2[C@@]1(CC[C@H]3[C@H]2CC=C4[C@@]3(CC[C@@H](C4)O)C)C)C(C)C,小续命汤 | 当归饮子 | 羌活胜湿汤 | 泻黄散 | 桂枝芍药知母汤 | 升阳益胃汤 | 辛夷散 | 三痹汤 | 大秦艽汤 | 清上蠲痛汤 | 除湿胃苓汤 | 延年薯蓣酒 | 羌活胜风汤 | 清胃汤 | 柴胡清肝汤 | 四物消风饮,"It has the effects of releasing the exterior and dispelling wind, overcoming dampness, and stopping convulsions."
S011,食不知味、食后腹胀、口燥舌干、肢体困重、面色㿠白,升阳益胃汤,白芍(Paeoniae Radix Alba),C[C@@]12CC(=O)[C@H]3C[C@@]1(O[C@@H]([C@@H]3COC(=O)C4=CC=CC=C4)O2)O | C[C@]12C[C@@]3([C@@H]4C[C@]1([C@@]4([C@H](O2)O3)COC(=O)C5=CC=CC=C5)O[C@H]6[C@@H]([C@H]([C@@H]([C@H](O6)CO)O)O)O)O | C[C@]12C[C@H]([C@@H]3C[C@]1([C@@]3(C(=O)O2)COC(=O)C4=CC=CC=C4)O[C@H]5[C@@H]([C@H]([C@@H]([C@H](O5)CO)O)O)O)O | CC(=C)[C@@H]1CC[C@]2([C@H]1[C@H]3CC[C@@H]4[C@]5(CC[C@@H](C([C@@H]5CC[C@]4([C@@]3(CC2)C)C)(C)C)O)C)C(=O)O,温经汤 | 桃红四物汤 | 芍药甘草汤 | 真武汤 | 黄芪桂枝五物汤 | 小续命汤 | 当归饮子 | 宣郁通经汤 | 当归四逆汤 | 桂枝芍药知母汤 | 当归建中汤 | 升阳益胃汤 | 保阴煎 | 化肝煎 | 达原饮 | 完带汤 | 散偏汤 | 附子汤 | 三痹汤 | 大秦艽汤 | 托里消毒散 | 三甲复脉汤 | 清经散 | 清肝止淋汤 | 两地汤 | 黄芩汤 | 柴胡桂枝汤 | 桂枝加厚朴杏子汤 | 桂枝麻黄各半汤 | 当归散 | 枳实芍药散 | 瓜蒌桂枝汤 | 升麻葛根汤 | 芍药汤 | 门冬清肺饮 | 泰山磐石散 | 滋阴降火汤 | 解郁汤 | 养精种玉汤 | 定经汤 | 调肝汤 | 滋水清肝饮,"It has the effects of pacifying the liver to relieve pain, nourishing blood to regulate menstruation, and astringing yin to stop sweating."
S011,食不知味、食后腹胀、口燥舌干、肢体困重、面色㿠白,升阳益胃汤,羌活（Notopterygii Rhizoma Et Radix）,C/C(=C\COC1=CC2=C(C=C1)C=CC(=O)O2)/CC[C@@H](C(C)(C)O)O | C/C(=C\COC1=C2C=CC(=O)OC2=CC3=C1C=CO3)/C/C=C/C(C)(C)O | CC(C)([C@H]1CC2=C(O1)C=C3C(=C2)C=CC(=O)O3)O[C@H]4[C@@H]([C@H]([C@@H]([C@H](O4)CO)O)O)O | CC(C)CC(=O)OCC1=CC2=C(C=C1)OCO2,羌活胜湿汤 | 升阳益胃汤 | 身痛逐瘀汤 | 辛夷散 | 大秦艽汤 | 三化汤 | 清上蠲痛汤 | 石决明散 | 蠲痹汤 | 羌活胜风汤,"It has the effects of dispersing cold, dispelling wind, eliminating dampness, and relieving pain."
S011,食不知味、食后腹胀、口燥舌干、肢体困重、面色㿠白,升阳益胃汤,独活（Radix Angelicae Biseratae）,C/C=C(/C)\C(=O)O[C@H](C1=C(C=C2C(=C1)C=CC(=O)O2)OC)[C@H](C(C)(C)O)O | CC(C)CC(=O)O[C@H](C1=C(C=C2C(=C1)C=CC(=O)O2)OC)[C@H](C(C)(C)O)O | CC(=CCOC1=C2C=CC(=O)OC2=CC3=C1C=CO3)C | CC(=O)OC(C)(C)[C@@H]1CC2=C(O1)C=CC3=C2OC(=O)C=C3 | CC(C)([C@H]1CC2=C(O1)C=C3C(=C2)C=CC(=O)O3)O[C@H]4[C@@H]([C@H]([C@@H]([C@H](O4)CO)O)O)O,羌活胜湿汤 | 升阳益胃汤 | 三痹汤 | 大秦艽汤 | 清上蠲痛汤 | 蠲痹汤 | 羌活胜风汤 | 四物消风饮 | 补肾活血汤,"It has the effects of dispelling wind and eliminating dampness, unblocking impediment and relieving pain."
S011,食不知味、食后腹胀、口燥舌干、肢体困重、面色㿠白,升阳益胃汤,陈皮(Citrus Reticulata),CC[C@H](CC[C@@H](C)[C@H]1CC[C@@H]2[C@@]1(CC[C@H]3[C@H]2CC=C4[C@@]3(CC[C@H](C4)O)C)C)C(C)C | C1[C@H](OC2=CC(=CC(=C2C1=O)O)O)C3=CC=C(C=C3)O | COC1=C(C=C(C=C1)[C@H]2CC(=O)C3=C(C=C(C=C3O2)O)O)O | COC1=C(C=C(C=C1)C2CC(=O)C3=C(O2)C(=C(C(=C3OC)OC)OC)OC)OC | COC1=C(C=C(C=C1)C2=CC(=O)C3=C(O2)C(=C(C(=C3OC)OC)OC)OC)OC,温胆汤 | 金水六君煎 | 异功散 | 消乳丸 | 升阳益胃汤 | 化肝煎 | 完带汤 | 橘皮竹茹汤 | 华盖散 | 除湿胃苓汤 | 香苏散 | 平胃散 | 牛蒡甘桔汤 | 清胃汤 | 凉血四物汤 | 黄芪汤 | 蒿芩清胆汤,"It has the effects of harmonizing the stomach, descending rebellion to stop vomiting, regulating qi, and drying dampness to transform phlegm."
S011,食不知味、食后腹胀、口燥舌干、肢体困重、面色㿠白,升阳益胃汤,茯苓（Poria Cocos(Schw.) Wolf ）,CC(=CCC[C@H]([C@H]1CC[C@@]2([C@@]1(CCC3=C2CC[C@@H]4[C@@]3(CC[C@@H](C4(C)C)O)C)C)C)C(=O)O)C | C[C@H](/C=C/[C@H](C)C(C)C)[C@H]1CC[C@@H]2[C@@]1(CC[C@H]3C2=CC[C@@H]4[C@@]3(CC[C@@H](C4)O)C)C | C[C@H](/C=C/[C@H](C)C(C)C)[C@H]1CC[C@@H]2[C@@]1(CC[C@H]3[C@]24C=C[C@@]5([C@@]3(CC[C@@H](C5)O)C)OO4)C | CC(C)C(=C)CC[C@H]([C@H]1CC[C@@]2([C@@]1(CCC3=C2CC[C@@H]4[C@@]3(CC[C@@H](C4(C)C)O)C)C)C)C(=O)O | CC(C)C(=C)CC[C@H]([C@H]1CC[C@@]2([C@@]1(CC=C3C2=CC[C@@H]4[C@@]3(CC[C@@H](C4(C)C)O)C)C)C)C(=O)O,苓桂术甘汤 | 真武汤 | 开心散 | 清心莲子饮 | 地黄饮子 | 清金化痰汤 | 金水六君煎 | 清肺汤 | 半夏白术天麻汤 | 异功散 | 白术散 | 人参五味子汤 | 半夏厚朴汤 | 升阳益胃汤 | 厚朴温中汤 | 猪苓汤 | 附子汤 | 甘姜苓术汤 | 实脾散 | 三痹汤 | 大秦艽汤 | 暖肝煎 | 托里消毒散 | 养胃汤 | 清经散 | 茯苓桂枝甘 草大枣汤 | 小半夏加茯苓汤 | 苓甘五味姜辛汤 | 防己茯苓汤 | 六和汤 | 导痰汤 | 左归饮 | 解郁汤 | 定经汤 | 滋水清肝饮,"It has the effects of promoting diuresis and draining dampness, strengthening the spleen and harmonizing the stomach, as well as calming the heart and tranquilizing the mind."
S011,食不知味、食后腹胀、口燥舌干、肢体困重、面色㿠白,升阳益胃汤,泽泻（Alisma Orientale (Sam.) Juz）,CC[C@H](CC[C@@H](C)[C@H]1CC[C@@H]2[C@@]1(CC[C@H]3[C@H]2CC=C4[C@@]3(CC[C@H](C4)O)C)C)C(C)C | C[C@H](C[C@@H]([C@@H]1C(O1)(C)C)OC(=O)C)C2=C3C[C@@H]([C@H]4[C@]5(CCC(=O)C([C@@H]5CC[C@@]4([C@]3(CC2)C)C)(C)C)C)O | C[C@H](C[C@@H]([C@@H]1C(O1)(C)C)O)C2=C3C[C@@H]([C@H]4[C@]5(CCC(=O)C([C@@H]5CC[C@@]4([C@]3(CC2)C)C)(C)C)C)O | CCCCC/C=C\C/C=C\CCCCCCCC(=O)OC[C@H](CO)O,济川煎 | 升阳益胃汤 | 化肝煎 | 猪苓汤 | 泽泻汤 | 除湿胃苓汤 | 滋水清肝饮,It has the effects of promoting urination and clearing dampness-heat.
S011,食不知味、食后腹胀、口燥舌干、肢体困重、面色㿠白,升阳益胃汤,柴胡（Radix Bupleuri）,COC1=C(C=CC(=C1)C2=C(C(=O)C3=C(C=C(C=C3O2)O)O)O)O | COC1=C(C=C(C(=C1)C2=CC(=O)C3=C(C(=C(C=C3O2)OC)OC)O)O)O | C1[C@@H]([C@H]([C@H](O1)O)CC2=CC3=C(C=C2)OCO3)CC4=CC5=C(C=C4)OCO5 | CC1(CCCC23[C@@H]1[C@@H](C([C@]45[C@H]2CC[C@H](C4O)C(=C)C5=O)(OC3)O)O)C | C/C=C(\C)/C(=O)O[C@H]1[C@H](C(OC2=C1C3=C(C=C2)C=CC(=O)O3)(C)C)OC(=O)/C(=C/C)/C,升陷汤 | 宣郁通经汤 | 升阳益胃汤 | 完带汤 | 散偏汤 | 柴胡桂枝汤 | 柴胡桂枝干姜汤 | 佛手散 | 普济消毒饮子 | 羌活胜风汤 | 滋阴降火汤 | 定经汤 | 柴葛解肌汤 | 柴胡清肝汤 | 四物消风饮 | 滋水清肝饮 | 柴胡陷胸汤 | 会厌逐瘀汤,"It has the effects of dispersing and reducing fever, soothing the liver, and lifting yang."
S011,食不知味、食后腹胀、口燥舌干、肢体困重、面色㿠白,升阳益胃汤,白术(Atractylodes Macrocephala Koidz),C[C@@H]1CC[C@@]2(CC[C@@]3(C(=CC[C@H]4[C@]3(CC[C@@H]5[C@@]4(CC[C@@H](C5(C)C)O)C)C)[C@@H]2[C@H]1C)C)C | CC1=COC2=C1C[C@H]3C(=C)[C@H](CC[C@@]3(C2)C)OC(=O)C | CCC[C@@H](CC[C@@H](C)[C@H]1CC[C@@H]2[C@@]1(CC[C@H]3[C@H]2CC=C4[C@@]3(CC[C@@H](C4)O)C)C)C(C)C | CCO[C@]12C[C@]3(CCCC(=C)[C@@H]3CC1=C(C(=O)O2)C)C,苓桂术甘汤 | 真武汤 | 半夏白术天麻汤 | 异功散 | 白术散 | 人参五味子汤 | 桂枝芍药知母汤 | 升阳益胃汤 | 完带汤 | 附子汤 | 泽泻汤 | 甘姜苓术汤 | 实脾散 | 大秦艽汤 | 托里消毒散 | 除湿胃苓汤 | 桂枝人参汤 | 当归散 | 防己黄芪汤 | 延年薯蓣酒 | 羌活胜风汤 | 举元煎 | 泰山磐石散 | 解郁汤 | 固本止崩汤 | 茵陈术附汤 | 理冲汤,"It has the effects of strengthening the spleen and tonifying qi, drying dampness and promoting diuresis, stopping sweating, and preventing miscarriage."
S011,食不知味、食后腹胀、口燥舌干、肢体困重、面色㿠白,升阳益胃汤,黄连(Coptidis Rhizoma),C[C@@]12CC[C@@H]3[C@]4(C=CC(=O)OC([C@@H]4CC(=O)[C@]3([C@@]15[C@H](O5)C(=O)O[C@H]2C6=COC=C6)C)(C)C)C | COC1=C(C=C2C(=C1)CC[N+]3=C2C=C4C=CC5=C(C4=C3)OCO5)OC | COC1=C(C2=C(CC3C4=CC5=C(C=C4CCN3C2)OCO5)C=C1)OC | COC1=C(C2=C[N+]3=C(C=C2C=C1)C4=CC(=C(C=C4CC3)OC)OC)OC | CC1=C2C3=CC4=C(C=C3CC[N+]2=CC5=CC6=C(C=C15)OCO6)OCO4,枇杷清肺饮 | 半夏泻心汤 | 升阳益胃汤 | 当归六黄汤 | 甘草泻心汤 | 黄连汤 | 清胃散 | 桑白皮汤 | 黄连膏 | 凉血地黄汤 | 附子泻心汤 | 小陷胸汤 | 生姜泻心汤 | 大黄黄连泻心汤 | 泻心汤 | 温脾丸 | 芍药汤 | 普济消毒饮子 | 牛蒡甘桔汤 | 清胃汤 | 柴胡陷胸汤 | 连朴饮,"It has the effects of clearing heat and drying dampness, purging fire and detoxifying."
S011,食不知味、食后腹胀、口燥舌干、肢体困重、面色㿠白,升阳益胃汤,生姜( Zingiber Officinale Roscoe),CC[C@H](CC[C@@H](C)[C@H]1CC[C@@H]2[C@@]1(CC[C@H]3[C@H]2CC=C4[C@@]3(CC[C@@H](C4)O)C)C)C(C)C | CC[C@H](/C=C/[C@@H](C)[C@H]1CC[C@@H]2[C@@]1(CC[C@H]3[C@H]2CC=C4[C@@]3(CC[C@@H](C4)O)C)C)C(C)C | CC[C@@H](CC[C@@H](C)[C@H]1CC[C@@H]2[C@@]1(CC[C@H]3[C@H]2CC=C4[C@@]3(CC[C@@H](C4)O)C)C)C(C)C | CC(C)CCCCCCC(=O)NCC1=CC(=C(C=C1)O)OC,真武汤 | 黄芪桂枝五物汤 | 温胆汤 | 小续命汤 | 当归饮子 | 地黄饮子 | 金水六君煎 | 清肺汤 | 保元汤 | 半夏白术天麻汤 | 异功散 | 人参五味子汤 | 清宁散 | 桂枝芍药知母汤 | 半夏厚朴汤 | 当归建中汤 | 升阳益胃汤 | 厚朴温中汤 | 旋覆代赭汤 | 吴茱萸汤 | 橘皮竹茹汤 | 厚朴七物汤 | 丁香柿蒂散 | 柴胡桂枝汤 | 桂枝加厚朴杏子汤 | 桂枝麻黄各半汤 | 生姜泻心汤 | 射干麻黄汤 | 小半夏加茯苓汤 | 越婢汤 | 瓜蒌桂枝汤 | 生姜甘草汤 | 延年薯蓣酒 | 柴胡陷胸汤 | 通窍活血汤,"It has the effects of resolving phlegm to stop cough, descending rebellion to arrest vomiting, releasing the exterior, and dispersing wind-cold."
S011,食不知味、食后腹胀、口燥舌干、肢体困重、面色㿠白,升阳益胃汤,大枣(Jujubae Fructus),C[C@@]12CCC[C@]34[C@@H]1[C@]5(C[C@]67[C@H]3C(=O)[C@H](CC6C4N5C2)C(=C)C7)O | CC(=C)[C@@H]1CC[C@]2([C@H]1[C@H]3CC[C@@H]4[C@]5(CC[C@@H](C([C@@H]5CC[C@]4([C@@]3(CC2)C)C)(C)C)O)C)C(=O)O | CC1CCC(C2(C13CC(C(C2OC(=O)C4=CC=CC=C4)OC(=O)C)C(O3)(C)C)CO)O | CN1CCC2=CC3=C(C=C2C(=O)CC4=C(C1)C5=C(C=C4)OCO5)OCO3 | CC(=C)[C@@H]1CC[C@]2([C@H]1[C@H]3CC[C@H]4[C@]([C@@]3(CC2)C)(CC[C@@H]5[C@@]4([C@H]([C@@H](C5(C)C)O)C(=O)O)C)C)C(=O)O,半夏泻心汤 | 黄芪桂枝五物汤 | 麦门冬汤 | 地黄饮子 | 清肺汤 | 半夏白术天麻汤 | 异功散 | 苏葶丸 | 人参五味子汤 | 清宁散 | 当归四逆汤 | 当归建中汤 | 升阳益胃汤 | 旋覆代赭汤 | 吴茱萸汤 | 甘草泻心汤 | 黄连汤 | 橘皮竹茹汤 | 厚朴七物汤 | 清肝止淋汤 | 黄芩汤 | 茯苓桂枝甘 草大枣汤 | 柴胡桂枝汤 | 桂枝加厚朴杏子汤 | 桂枝麻黄各半汤 | 生姜泻心汤 | 射干麻黄汤 | 葶苈大枣泻肺汤 | 越婢汤 | 瓜蒌桂枝汤 | 生姜甘草汤 | 通窍活血汤,"It has the effects of tonifying the spleen and stomach, harmonizing blood, calming the spirit, replenishing qi, and nourishing blood."
S012,色㿠白、大便溏薄、胁胀嗳气、舌淡胖有齿痕、脉弦缓无力,完带汤,白术(Atractylodes Macrocephala Koidz),C[C@@H]1CC[C@@]2(CC[C@@]3(C(=CC[C@H]4[C@]3(CC[C@@H]5[C@@]4(CC[C@@H](C5(C)C)O)C)C)[C@@H]2[C@H]1C)C)C | CC1=COC2=C1C[C@H]3C(=C)[C@H](CC[C@@]3(C2)C)OC(=O)C | CCC[C@@H](CC[C@@H](C)[C@H]1CC[C@@H]2[C@@]1(CC[C@H]3[C@H]2CC=C4[C@@]3(CC[C@@H](C4)O)C)C)C(C)C | CCO[C@]12C[C@]3(CCCC(=C)[C@@H]3CC1=C(C(=O)O2)C)C,苓桂术甘汤 | 真武汤 | 半夏白术天麻汤 | 异功散 | 白术散 | 人参五味子汤 | 桂枝芍药知母汤 | 升阳益胃汤 | 完带汤 | 附子汤 | 泽泻汤 | 甘姜苓术汤 | 实脾散 | 大秦艽汤 | 托里消毒散 | 除湿胃苓汤 | 桂枝人参汤 | 当归散 | 防己黄芪汤 | 延年薯蓣酒 | 羌活胜风汤 | 举元煎 | 泰山磐石散 | 解郁汤 | 固本止崩汤 | 茵陈术附汤 | 理冲汤,"It has the effects of strengthening the spleen and tonifying qi, drying dampness and promoting diuresis, stopping sweating, and preventing miscarriage."
S012,色㿠白、大便溏薄、胁胀嗳气、舌淡胖有齿痕、脉弦缓无力,完带汤,山药（Rhizoma Dioscoreae）,C1=CC(=C(C=C1[C@H]2[C@@H](C(=O)C3=C(C=C(C=C3O2)O)O)O)O)O | C[C@@H]1[C@H](OC2=CC(=O)C(=C[C@@]12OC)CC=C)C3=CC(=C(C=C3)OC)OC | C[C@@H]1[C@H](OC2=CC(=O)C(=C[C@]12OC)CC=C)C3=CC(=C(C=C3)OC)OC | C[C@H]1C([C@H]2C(=O)[C@@]1(C=C([C@]2(C)O)OC)CC=C)C3=CC(=C(C=C3)OC)OC | C/C(=C\C1=CC(=C(C(=C1)OC)OC)OC)/C2(C=C(C(=O)C=C2OC)CC=C)OC,易黄汤 | 保阴煎 | 固阴煎 | 完带汤 | 延年薯蓣酒 | 大补元煎 | 左归饮 | 定经汤 | 调肝汤 | 滋水清肝饮 | 理冲汤,"It has the effects of tonifying the spleen and nourishing the stomach, promoting fluid production to benefit the lungs, and tonifying the kidneys to astringe essence."
S012,色㿠白、大便溏薄、胁胀嗳气、舌淡胖有齿痕、脉弦缓无力,完带汤,人参(Panax Ginseng C. A. Mey.),C1[C@H]2[C@@H](C3=C(O1)C=C(C=C3)O)OC4=CC5=C(C=C24)OCO5 | C1CCN(CCCNC(=O)C[C@H](NC1)C2=CC=CC=C2)C(=O)C3=CC=CC=C3 | C1=CC=C2C(=C1)C3=C(C(=O)C4=CC=CC=C4O3)C(=O)O2 | CC1=CC2=C(C3=C1OC(C=C3)(C)C)NC4=CC=CC=C42 | COC1=C(C=C(C=C1)C[C@@H]\2COC(=O)/C2=C/C3=CC4=C(C=C3)OCO4)OC,温经汤 | 枇杷清肺饮 | 二冬汤 | 半夏泻心汤 | 大建中汤 | 麦门冬汤 | 小续命汤 | 开心散 | 清心莲子饮 | 保元汤 | 异功散 | 白术散 | 人参五味子汤 | 竹叶石膏汤 | 升阳益胃汤 | 固阴煎 | 完带汤 | 旋覆代赭汤 | 吴茱萸汤 | 黄连汤 | 附子汤 | 橘皮竹茹汤 | 温脾汤 | 三痹汤 | 圣愈汤 | 托里消毒散 | 养胃汤 | 丁香柿蒂散 | 清燥救肺汤 | 柴胡桂枝汤 | 桂枝人参汤 | 生姜泻心汤 | 白虎加人参汤 | 生姜甘草汤 | 延年薯蓣酒 | 六和汤 | 门冬清肺饮 | 普济消毒饮子 | 大补元煎 | 举元煎 | 泰山磐石散 | 解郁汤 | 固本止崩汤,"It has the effects of greatly tonifying primordial qi, restoring pulses and securing collapse, tonifying the spleen and nourishing the lungs, promoting fluid production, and tranquilizing the mind."
S012,色㿠白、大便溏薄、胁胀嗳气、舌淡胖有齿痕、脉弦缓无力,完带汤,白芍(Paeoniae Radix Alba),C[C@@]12CC(=O)[C@H]3C[C@@]1(O[C@@H]([C@@H]3COC(=O)C4=CC=CC=C4)O2)O | C[C@]12C[C@@]3([C@@H]4C[C@]1([C@@]4([C@H](O2)O3)COC(=O)C5=CC=CC=C5)O[C@H]6[C@@H]([C@H]([C@@H]([C@H](O6)CO)O)O)O)O | C[C@]12C[C@H]([C@@H]3C[C@]1([C@@]3(C(=O)O2)COC(=O)C4=CC=CC=C4)O[C@H]5[C@@H]([C@H]([C@@H]([C@H](O5)CO)O)O)O)O | CC(=C)[C@@H]1CC[C@]2([C@H]1[C@H]3CC[C@@H]4[C@]5(CC[C@@H](C([C@@H]5CC[C@]4([C@@]3(CC2)C)C)(C)C)O)C)C(=O)O,温经汤 | 桃红四物汤 | 芍药甘草汤 | 真武汤 | 黄芪桂枝五物汤 | 小续命汤 | 当归饮子 | 宣郁通经汤 | 当归四逆汤 | 桂枝芍药知母汤 | 当归建中汤 | 升阳益胃汤 | 保阴煎 | 化肝煎 | 达原饮 | 完带汤 | 散偏汤 | 附子汤 | 三痹汤 | 大秦艽汤 | 托里消毒散 | 三甲复脉汤 | 清经散 | 清肝止淋汤 | 两地汤 | 黄芩汤 | 柴胡桂枝汤 | 桂枝加厚朴杏子汤 | 桂枝麻黄各半汤 | 当归散 | 枳实芍药散 | 瓜蒌桂枝汤 | 升麻葛根汤 | 芍药汤 | 门冬清肺饮 | 泰山磐石散 | 滋阴降火汤 | 解郁汤 | 养精种玉汤 | 定经汤 | 调肝汤 | 滋水清肝饮,"It has the effects of pacifying the liver to relieve pain, nourishing blood to regulate menstruation, and astringing yin to stop sweating."
S012,色㿠白、大便溏薄、胁胀嗳气、舌淡胖有齿痕、脉弦缓无力,完带汤,车前子（Plantaginis Semen）,CC[C@H](CC[C@@H](C)[C@H]1CC[C@@H]2[C@@]1(CC[C@H]3[C@H]2CC=C4[C@@]3(CC[C@H](C4)O)C)C)C(C)C | CC[C@H](CC[C@@H](C)[C@H]1CC[C@@H]2[C@@]1(CC[C@H]3[C@H]2CC=C4[C@@]3(CC[C@@H](C4)O[C@H]5[C@@H]([C@H]([C@@H]([C@H](O5)CO)O)O)O)C)C)C(C)C | C1[C@H](OC2=CC(=CC(=C2C1=O)O)O)C3=CC(=C(C(=C3)O)O)O | C1=CC(=C(C=C1C2=C(C(=O)C3=C(C=C(C=C3O2)O)O)O)O)O,清心莲子饮 | 易黄汤 | 清宁散 | 完带汤 | 驻景丸,"It has the effects of cooling blood, clearing heat and draining dampness, and detoxifying."
S012,色㿠白、大便溏薄、胁胀嗳气、舌淡胖有齿痕、脉弦缓无力,完带汤,苍术（Atractylodes Lancea (Thunb.)Dc.）,COC1=C(C=C(C2=C1OC(=CC2=O)C3=CC=CC=C3)O)O | CC(=CCC1=C2C(=CC(=C1)C(=O)O)[C@@H]([C@H](O2)C(C)(C)O)O)C | CC[C@H](/C=C/[C@@H](C)[C@H]1CC[C@@H]2[C@@]1(CC[C@H]3[C@H]2CC[C@H]4[C@@]3(CCC(=O)C4)C)C)C(C)C | CC1=COC2=C1C[C@H]3C(=C)[C@H](CC[C@@]3(C2)C)OC(=O)C | CC[C@H](CC[C@@H](C)[C@H]1CC[C@@H]2[C@@]1(CC[C@H]3[C@H]2CC=C4[C@@]3(CC[C@@H](C4)O[C@H]5[C@@H]([C@H]([C@@H]([C@H](O5)CO)O)O)O)C)C)C(C)C,完带汤 | 清上蠲痛汤 | 养胃汤 | 除湿胃苓汤 | 平胃散,"It has the effects of drying dampness to fortify the spleen, dispelling wind, scattering cold, and improving vision."
S012,色㿠白、大便溏薄、胁胀嗳气、舌淡胖有齿痕、脉弦缓无力,完带汤,甘草(licorice ),CC(=CCC1=C(C2=C(C=C1O)OC(=O)C3=C2OC4=C3C=CC(=C4)O)OC)C | CC1(C=CC2=C(O1)C=CC3=C2OC[C@@H]4[C@H]3OC5=C4C=CC(=C5)O)C | CC1(CCC2=C(O1)C=C3C(=C2OC)C=C(C(=O)O3)C4=C(C=C(C=C4)O)O)CO | CC1(C=CC2=C(O1)C=CC(=C2O)C3COC4=C(C3=O)C(=CC(=C4)O)OC)C | CC(=CCC1=C(C=CC2=C1OC(=O)C3=C2OC4=C3C=CC(=C4)O)O)C,苓桂术甘汤 | 温经汤 | 枇杷清肺饮 | 二冬汤 | 桃核承气汤 | 芍药甘草汤 | 半夏泻心汤 | 麦门冬汤 | 温胆汤 | 小续命汤 | 当归饮子 | 泻白散 | 清心莲子饮 | 羌活胜湿汤 | 清金化痰汤 | 金水六君煎 | 清肺汤 | 保元汤 | 半夏白术天麻汤 | 宣郁通经汤 | 异功散 | 泻黄散 | 白术散 | 消乳丸 | 人参五味子汤 | 清宁散 | 竹叶石膏汤 | 麻黄汤 | 当归四逆汤 | 桂枝芍药知母汤 | 当归建中汤 | 升阳益胃汤 | 厚朴温中汤 | 保阴煎 | 固阴煎 | 清骨散 | 达原饮 | 沙参麦冬汤 | 完带汤 | 身痛逐瘀汤 | 散偏汤 | 旋覆代赭汤 | 甘草泻心汤 | 黄连汤 | 橘皮竹茹汤 | 甘姜苓术汤 | 厚朴七物汤 | 温脾汤 | 竹茹汤 | 辛夷散 | 实脾散 | 甘露饮 | 华盖散 | 三痹汤 | 乌药汤 | 大秦艽汤 | 托里消毒散 | 清上蠲痛汤 | 养胃汤 | 石决明散 | 三甲复脉汤 | 蠲痹汤 | 四妙勇安汤 | 除湿胃苓汤 | 清燥救肺汤 | 凉血地黄汤 | 桂枝甘草汤 | 栀子柏皮汤 | 黄芩汤 | 茯苓桂枝甘 草大枣汤 | 柴胡桂枝汤 | 通脉四逆汤 | 桂枝加厚朴杏子汤 | 桂枝麻黄各半汤 | 柴胡桂枝干姜汤 | 桂枝人参汤 | 生姜泻心汤 | 白虎加人参汤 | 调胃承气汤 | 桔梗汤 | 防己黄芪汤 | 苓甘五味姜辛汤 | 防己茯苓汤 | 越婢汤 | 麻黄杏仁薏苡甘草汤 | 瓜蒌桂枝汤 | 生姜甘草汤 | 苏子降气汤 | 香苏散 | 升麻葛根汤 | 平胃散 | 六和汤 | 五虎汤 | 芍药汤 | 门冬清肺饮 | 普济消毒饮子 | 羌活胜风汤 | 牛蒡甘桔汤 | 大补元煎 | 左归饮 | 举元煎 | 茜根散 | 泰山磐石散 | 滋阴降火汤 | 清胃汤 | 调肝汤 | 柴葛解肌汤 | 茵陈术附汤 | 阳和汤 | 柴胡清肝汤 | 地黄饮 | 凉血四物汤 | 膈下逐瘀汤 | 会厌逐瘀汤,"It has the effects of tonifying the spleen and replenishing qi, clearing heat and detoxifying, dispelling phlegm and stopping cough, relieving spasm and alleviating pain, as well as harmonizing the actions of other herbs."
S012,色㿠白、大便溏薄、胁胀嗳气、舌淡胖有齿痕、脉弦缓无力,完带汤,陈皮(Citrus Reticulata),CC[C@H](CC[C@@H](C)[C@H]1CC[C@@H]2[C@@]1(CC[C@H]3[C@H]2CC=C4[C@@]3(CC[C@H](C4)O)C)C)C(C)C | C1[C@H](OC2=CC(=CC(=C2C1=O)O)O)C3=CC=C(C=C3)O | COC1=C(C=C(C=C1)[C@H]2CC(=O)C3=C(C=C(C=C3O2)O)O)O | COC1=C(C=C(C=C1)C2CC(=O)C3=C(O2)C(=C(C(=C3OC)OC)OC)OC)OC | COC1=C(C=C(C=C1)C2=CC(=O)C3=C(O2)C(=C(C(=C3OC)OC)OC)OC)OC,温胆汤 | 金水六君煎 | 异功散 | 消乳丸 | 升阳益胃汤 | 化肝煎 | 完带汤 | 橘皮竹茹汤 | 华盖散 | 除湿胃苓汤 | 香苏散 | 平胃散 | 牛蒡甘桔汤 | 清胃汤 | 凉血四物汤 | 黄芪汤 | 蒿芩清胆汤,"It has the effects of harmonizing the stomach, descending rebellion to stop vomiting, regulating qi, and drying dampness to transform phlegm."
S012,色㿠白、大便溏薄、胁胀嗳气、舌淡胖有齿痕、脉弦缓无力,完带汤,荆芥穗炭（Schizonepeta tenuifolia）,CC1CCC(/C(=N/NC(=S)NC2=CC=C(C=C2)C)/C1)C(C)C,完带汤,"It has the effects of astringing to stop bleeding, exerting antibacterial and anti-inflammatory actions, and repairing mucous membranes."
S012,色㿠白、大便溏薄、胁胀嗳气、舌淡胖有齿痕、脉弦缓无力,完带汤,柴胡（Radix Bupleuri）,COC1=C(C=CC(=C1)C2=C(C(=O)C3=C(C=C(C=C3O2)O)O)O)O | COC1=C(C=C(C(=C1)C2=CC(=O)C3=C(C(=C(C=C3O2)OC)OC)O)O)O | C1[C@@H]([C@H]([C@H](O1)O)CC2=CC3=C(C=C2)OCO3)CC4=CC5=C(C=C4)OCO5 | CC1(CCCC23[C@@H]1[C@@H](C([C@]45[C@H]2CC[C@H](C4O)C(=C)C5=O)(OC3)O)O)C | C/C=C(\C)/C(=O)O[C@H]1[C@H](C(OC2=C1C3=C(C=C2)C=CC(=O)O3)(C)C)OC(=O)/C(=C/C)/C,升陷汤 | 宣郁通经汤 | 升阳益胃汤 | 完带汤 | 散偏汤 | 柴胡桂枝汤 | 柴胡桂枝干姜汤 | 佛手散 | 普济消毒饮子 | 羌活胜风汤 | 滋阴降火汤 | 定经汤 | 柴葛解肌汤 | 柴胡清肝汤 | 四物消风饮 | 滋水清肝饮 | 柴胡陷胸汤 | 会厌逐瘀汤,"It has the effects of dispersing and reducing fever, soothing the liver, and lifting yang."
S013,痛如锥刺、夜间加重、舌紫黯瘀斑、脉沉涩、久痛不愈,身痛逐瘀汤,秦艽（Gentiana Macrophylla Pall）,CC[C@H](CC[C@@H](C)[C@H]1CC[C@@H]2[C@@]1(CC[C@H]3[C@H]2CC=C4[C@@]3(CC[C@@H](C4)O)C)C)C(C)C | CC[C@H](CC[C@@H](C)[C@H]1CC[C@@H]2[C@@]1(CC[C@H]3[C@H]2CC=C4[C@@]3(CC[C@H](C4)O)C)C)C(C)C,清骨散 | 身痛逐瘀汤 | 三痹汤 | 大秦艽汤 | 蠲痹汤,"It has the effects of dispelling wind-dampness, harmonizing blood and relaxing sinews, and clearing heat to promote diuresis."
S013,痛如锥刺、夜间加重、舌紫黯瘀斑、脉沉涩、久痛不愈,身痛逐瘀汤,川芎(Chuanxiong Rhizoma),CCCCC/C=C\C/C=C\CCCCCCCC(=O)OCC | C1=CC=C2C(=C1)C3=C(N2)C(=NC=C3)C4=CC=C(O4)CO | CC1=CC(=O)C=C(C1=O)C/C=C(\C)/CC/C=C(\C)/CCC=C(C)C | C1=CC(=CC=C1C(=O)N[C@@H](CCC(=O)O)C(=O)O)NCC2=CN=C3C(=N2)C(=O)NC(=N3)N | COC1=C2C=C(CCCCC(=O)CCC3=CC2=C(C=C3)O)C(=C1OC)O,温经汤 | 桃红四物汤 | 小续命汤 | 当归饮子 | 羌活胜湿汤 | 身痛逐瘀汤 | 散偏汤 | 辛夷散 | 三痹汤 | 圣愈汤 | 大秦艽汤 | 托里消毒散 | 清上蠲痛汤 | 蠲痹汤 | 当归散 | 佛手散 | 羌活胜风汤 | 牛蒡甘桔汤 | 泰山磐石散 | 滋阴降火汤 | 柴胡清肝汤 | 四物消风饮 | 凉血四物汤 | 通窍活血汤 | 膈下逐瘀汤,"It has the effects of activating blood circulation, promoting qi movement, dispelling wind, and relieving pain."
S013,痛如锥刺、夜间加重、舌紫黯瘀斑、脉沉涩、久痛不愈,身痛逐瘀汤,桃仁（Persicae Semen）,CC12C=CC[C@@]3([C@@H]1[C@@H]([C@]45[C@H]3C[C@H]([C@](C4)(C(=C)C5)O[Si](C)(C)C)O[Si](C)(C)C)C(=O)OC)OC2=O | CC12CC=C[C@]3([C@@H]1[C@@H]([C@]45[C@H]3C[C@H](C(C4)C(=C)C5)O[Si](C)(C)C)C(=O)OC)OC2=O | C[C@@]12CCC[C@@]3([C@@H]1[C@@H]([C@]45[C@H]3CC[C@](C4)(C(=C)C5)O)C(=O)O)COC2=O | C[C@@]12CCC[C@@]3([C@@H]1[C@@H]([C@]45[C@H]3C[C@@H]([C@](C4)(C(=C)C5)O)O)C(=O)O)OC2=O | C[C@@]12CC[C@H]([C@@]3([C@@H]1[C@@H]([C@]45[C@H]3CC[C@](C4)(C(=C)C5)O)C(=O)O)OC2=O)O,桃红四物汤 | 桃核承气汤 | 身痛逐瘀汤 | 通窍活血汤 | 膈下逐瘀汤 | 会厌逐瘀汤,"It has the effects of activating blood circulation to dispel stasis, and moistening intestines to relieve constipation."
S013,痛如锥刺、夜间加重、舌紫黯瘀斑、脉沉涩、久痛不愈,身痛逐瘀汤,红花（Carthami Flos）,CC1=C[C@@H](CC([C@H]1/C=C/C(=C/C=C/C(=C/C=C/C=C(\C)/C=C/C=C(\C)/[C@H]2C=C3[C@](O2)(C[C@H](CC3(C)C)O)C)/C)/C)(C)C)O | COC1=CC(=C/C=C/C=C2C=C(C(=O)C(=C2)OC)OC)C=C(C1=O)OC | CC1=C(C(=O)C[C@@H]1OC(=O)[C@@H]2[C@H](C2(C)C)/C=C(\C)/C(=O)OC)C/C=C\C=C | C1=CC(=CC=C1C2=C(C(=O)C3=C(O2)C=C(C(=C3O)O)O)O)O,桃红四物汤 | 身痛逐瘀汤 | 地黄饮 | 凉血四物汤 | 通窍活血汤 | 膈下逐瘀汤 | 会厌逐瘀汤 | 补肾活血汤,"It has the effects of activating blood circulation to promote menstruation, dissipating blood stasis and alleviating pain."
S013,痛如锥刺、夜间加重、舌紫黯瘀斑、脉沉涩、久痛不愈,身痛逐瘀汤,甘草(licorice ),CC(=CCC1=C(C2=C(C=C1O)OC(=O)C3=C2OC4=C3C=CC(=C4)O)OC)C | CC1(C=CC2=C(O1)C=CC3=C2OC[C@@H]4[C@H]3OC5=C4C=CC(=C5)O)C | CC1(CCC2=C(O1)C=C3C(=C2OC)C=C(C(=O)O3)C4=C(C=C(C=C4)O)O)CO | CC1(C=CC2=C(O1)C=CC(=C2O)C3COC4=C(C3=O)C(=CC(=C4)O)OC)C | CC(=CCC1=C(C=CC2=C1OC(=O)C3=C2OC4=C3C=CC(=C4)O)O)C,苓桂术甘汤 | 温经汤 | 枇杷清肺饮 | 二冬汤 | 桃核承气汤 | 芍药甘草汤 | 半夏泻心汤 | 麦门冬汤 | 温胆汤 | 小续命汤 | 当归饮子 | 泻白散 | 清心莲子饮 | 羌活胜湿汤 | 清金化痰汤 | 金水六君煎 | 清肺汤 | 保元汤 | 半夏白术天麻汤 | 宣郁通经汤 | 异功散 | 泻黄散 | 白术散 | 消乳丸 | 人参五味子汤 | 清宁散 | 竹叶石膏汤 | 麻黄汤 | 当归四逆汤 | 桂枝芍药知母汤 | 当归建中汤 | 升阳益胃汤 | 厚朴温中汤 | 保阴煎 | 固阴煎 | 清骨散 | 达原饮 | 沙参麦冬汤 | 完带汤 | 身痛逐瘀汤 | 散偏汤 | 旋覆代赭汤 | 甘草泻心汤 | 黄连汤 | 橘皮竹茹汤 | 甘姜苓术汤 | 厚朴七物汤 | 温脾汤 | 竹茹汤 | 辛夷散 | 实脾散 | 甘露饮 | 华盖散 | 三痹汤 | 乌药汤 | 大秦艽汤 | 托里消毒散 | 清上蠲痛汤 | 养胃汤 | 石决明散 | 三甲复脉汤 | 蠲痹汤 | 四妙勇安汤 | 除湿胃苓汤 | 清燥救肺汤 | 凉血地黄汤 | 桂枝甘草汤 | 栀子柏皮汤 | 黄芩汤 | 茯苓桂枝甘 草大枣汤 | 柴胡桂枝汤 | 通脉四逆汤 | 桂枝加厚朴杏子汤 | 桂枝麻黄各半汤 | 柴胡桂枝干姜汤 | 桂枝人参汤 | 生姜泻心汤 | 白虎加人参汤 | 调胃承气汤 | 桔梗汤 | 防己黄芪汤 | 苓甘五味姜辛汤 | 防己茯苓汤 | 越婢汤 | 麻黄杏仁薏苡甘草汤 | 瓜蒌桂枝汤 | 生姜甘草汤 | 苏子降气汤 | 香苏散 | 升麻葛根汤 | 平胃散 | 六和汤 | 五虎汤 | 芍药汤 | 门冬清肺饮 | 普济消毒饮子 | 羌活胜风汤 | 牛蒡甘桔汤 | 大补元煎 | 左归饮 | 举元煎 | 茜根散 | 泰山磐石散 | 滋阴降火汤 | 清胃汤 | 调肝汤 | 柴葛解肌汤 | 茵陈术附汤 | 阳和汤 | 柴胡清肝汤 | 地黄饮 | 凉血四物汤 | 膈下逐瘀汤 | 会厌逐瘀汤,"It has the effects of tonifying the spleen and replenishing qi, clearing heat and detoxifying, dispelling phlegm and stopping cough, relieving spasm and alleviating pain, as well as harmonizing the actions of other herbs."
S013,痛如锥刺、夜间加重、舌紫黯瘀斑、脉沉涩、久痛不愈,身痛逐瘀汤,羌活（Notopterygii Rhizoma Et Radix）,C/C(=C\COC1=CC2=C(C=C1)C=CC(=O)O2)/CC[C@@H](C(C)(C)O)O | C/C(=C\COC1=C2C=CC(=O)OC2=CC3=C1C=CO3)/C/C=C/C(C)(C)O | CC(C)([C@H]1CC2=C(O1)C=C3C(=C2)C=CC(=O)O3)O[C@H]4[C@@H]([C@H]([C@@H]([C@H](O4)CO)O)O)O | CC(C)CC(=O)OCC1=CC2=C(C=C1)OCO2,羌活胜湿汤 | 升阳益胃汤 | 身痛逐瘀汤 | 辛夷散 | 大秦艽汤 | 三化汤 | 清上蠲痛汤 | 石决明散 | 蠲痹汤 | 羌活胜风汤,"It has the effects of dispersing cold, dispelling wind, eliminating dampness, and relieving pain."
S013,痛如锥刺、夜间加重、舌紫黯瘀斑、脉沉涩、久痛不愈,身痛逐瘀汤,没药（Myrrha）,CC[C@H]1[C@@H](C[C@@H]2[C@@]1(CC[C@H]3[C@H]2CCC4=CC(=O)CC[C@]34C)C)O | COC1=CC(=CC(=C1OC)OC)[C@@H]2[C@@H]3CO[C@@H]([C@@H]3CO2)C4=CC(=C(C(=C4)OC)OC)OC | CC(=CCC1=C(C=C(C2=C1O[C@@H]([C@H](C2=O)O)C3=CC=C(C=C3)O)O)O[C@H]4[C@@H]([C@H]([C@@H]([C@H](O4)CO)O)O)O)C | C/C=C/1\[C@@]2([C@H]([C@H]3[C@@H]([C@@]4(C(=CC(=O)CC4)CC3)C)CC2)CC1=O)C.C/C=C/1\[C@@]2([C@H]([C@H]3[C@@H]([C@@]4(C(=CC(=O)CC4)CC3)C)CC2)CC1=O)C,身痛逐瘀汤 | 补肾活血汤 | 活络效灵丹,"It has the effects of activating blood circulation to relieve pain, reducing swelling, and promoting tissue regeneration."
S013,痛如锥刺、夜间加重、舌紫黯瘀斑、脉沉涩、久痛不愈,身痛逐瘀汤,当归(Angelicae Sinensis Radix),CC1=CC[C@@]2(CCCC([C@]23[C@H]1C3)(C)C)C | CC[C@H](CC[C@@H](C)[C@H]1CC[C@@H]2[C@@]1(CC[C@H]3[C@H]2CC=C4[C@@]3(CC[C@@H](C4)O)C)C)C(C)C | CC[C@H](/C=C/[C@@H](C)[C@H]1CC[C@@H]2[C@@]1(CC[C@H]3[C@H]2CC=C4[C@@]3(CC[C@@H](C4)O)C)C)C(C)C | C[C@@H]1CC[C@@H]2[C@]13CC=C([C@H](C3)C2(C)C)C | C1=CC=C(C=C1)C2=CC(=S)C=C(S2)C3=CC=CC=C3,温经汤 | 一贯煎 | 桃红四物汤 | 当归饮子 | 当归补血汤 | 金水六君煎 | 济川煎 | 清肺汤 | 宣郁通经汤 | 当归四逆汤 | 当归建中汤 | 当归六黄汤 | 身痛逐瘀汤 | 三痹汤 | 清胃散 | 圣愈汤 | 乌药汤 | 大秦艽汤 | 暖肝煎 | 托里消毒散 | 清上蠲痛汤 | 蠲痹汤 | 清肝止淋汤 | 四妙勇安汤 | 黄连膏 | 凉血地黄汤 | 当归散 | 温脾丸 | 苏子降气汤 | 佛手散 | 芍药汤 | 门冬清肺饮 | 大补元煎 | 泰山磐石散 | 滋阴降火汤 | 清胃汤 | 解郁汤 | 固本止崩汤 | 养精种玉汤 | 定经汤 | 调肝汤 | 柴胡清肝汤 | 四物消风饮 | 地黄饮 | 凉血四物汤 | 滋水清肝饮 | 膈下逐瘀汤 | 会厌逐瘀汤 | 补肾活血汤 | 活络效灵丹,"It has the effects of nourishing blood, promoting blood circulation, regulating menstruation, relieving pain, and moistening intestines to relieve constipation."
S013,痛如锥刺、夜间加重、舌紫黯瘀斑、脉沉涩、久痛不愈,身痛逐瘀汤,五灵脂（Oletum Trogopterori）,C[C@]1(CC[C@@]2(CC[C@@]3(C(=CC[C@H]4[C@]3(CC[C@@H]5[C@@]4(CC[C@@H](C5(C)C)O)C)C)[C@@H]2C1)C)C(=O)O)C(=O)O | C[C@@]12CC[C@@H]3[C@@]([C@H]1CC=C4[C@]2(CC[C@@]5([C@H]4CC(CC5)(C)C)C(=O)O)C)(C[C@H]([C@@H](C3(C)C)O)O)C | CC1(CCC2C(=CCC3C2(CCC(C3C(=O)OC)O)C)C1)C(CO)O | COC1=CC(=CC2=C1C=CC(=O)O2)O | C1=NC2=C(N1)C(=O)NC=N2,身痛逐瘀汤 | 膈下逐瘀汤,"It has the effects of activating blood circulation to relieve pain, resolving food stagnation, transforming stasis to stop bleeding, and detoxifying."
S013,痛如锥刺、夜间加重、舌紫黯瘀斑、脉沉涩、久痛不愈,身痛逐瘀汤,香附（Cyperi Rhizoma ）,COC1=C(C=CC(=C1)C2=C(C(=O)C3=C(C=C(C=C3O2)O)O)O)O | COC1=C2C=COC2=CC3=C1C(=O)C=C(O3)CO[C@@H]4[C@H]([C@@H]([C@H]([C@@H](O4)CO)O)O)O | C[C@]1(CC[C@@]2([C@@H](C1)C(=O)C[C@@H]3[C@]24CCC[C@@]3(C(=O)O4)C)C)C=C | COC1=C(C2=C(C[C@H]3C4=CC(=C(C=C4CCN3C2)OC)OC)C=C1)OC | CC[C@H](/C=C/[C@@H](C)[C@H]1CC[C@@H]2[C@@]1(CC[C@H]3[C@H]2CC=C4[C@@]3(CC[C@@H](C4)O)C)C)C(C)C,宣郁通经汤 | 消乳丸 | 身痛逐瘀汤 | 散偏汤 | 清肝止淋汤 | 膈下逐瘀汤,"It has the effects of relieving pain, moving qi to soothe the liver, preventing miscarriage, and regulating menstruation."
S013,痛如锥刺、夜间加重、舌紫黯瘀斑、脉沉涩、久痛不愈,身痛逐瘀汤,牛膝(Achyranthis Bidentatae Radix),COC1=C(C2=C[N+]3=C(C=C2C=C1)C4=CC(=C(C=C4CC3)OC)OC)OC | C[C@@]12CC[C@H]3C(=CC(=O)[C@H]4[C@]3(C[C@@H]([C@@H](C4)O)O)C)[C@@]1(CC[C@@H]2[C@](C)([C@@H](CCC(C)(C)O)O)O)O | C1=CC(=C(C=C1C2=C(C(=O)C3=C(C=C(C=C3O2)O)O)O)O)O,温经汤 | 济川煎 | 玉女煎 | 身痛逐瘀汤 | 三痹汤 | 清肝止淋汤,"It has the effects of tonifying the liver and kidneys, strengthening tendons and bones, dispelling stasis to unblock menstruation, and guiding blood downward."
S013,痛如锥刺、夜间加重、舌紫黯瘀斑、脉沉涩、久痛不愈,身痛逐瘀汤,地龙（ Allolobophora caliginosa trapezoides）,C([C@@H](C(=O)O)N)C(=O)O | C[C@H]([C@@H](C(=O)O)N)O | CC(C)C[C@@H](C(=O)O)N | C(CCN)C[C@@H](C(=O)O)N | C(C[C@@H](C(=O)O)N)CN=C(N)N,身痛逐瘀汤,"It has the effects of stopping convulsions, clearing heat, pacifying the liver to extinguish wind, calming wheezing, promoting diuresis, and unblocking collaterals."
S014,鼻塞涕多、外邪夹杂(或伴风寒、湿热）、肺虚、气短声低,辛夷散,辛夷（Magnoliae Flos）,C[C@@H]1[C@H]([C@@H]2C(=O)C(=C[C@]1(OC2=O)OC)CC=C)C3=CC(=C(C=C3)O)OC | C[C@@H]1[C@H]([C@@H]2C(=O)C(=C[C@]1(OC2=O)OC)CC=C)C3=CC(=C(C=C3)OC)OC | C[C@H](CC1=CC2=C(C=C1)OCO2)[C@]3(C=C(C(=O)C=C3OC)CC=C)OC | C[C@@H]1[C@H](OC2=CC(=O)C(=C[C@@]12OC)CC=C)C3=CC(=C(C=C3)OC)OC | 10713269,辛夷散,"""It has the effects of dispersing wind-cold and unblocking the nasal passages."
S014,鼻塞涕多、外邪夹杂(或伴风寒、湿热）、肺虚、气短声低,辛夷散,细辛（Asari Radix Et Rhizoma）,CN1CCC2=CC(=C(C=C2C(=O)CC3=C(C1)C4=C(C=C3)OCO4)OC)OC | C1[C@H]2[C@H](CO[C@@H]2C3=CC4=C(C=C3)OCO4)[C@H](O1)C5=CC6=C(C=C5)OCO6 | C/C=C/CC1=C([C@H](CC1=O)OC(=O)[C@@H]2[C@H](C2(C)C)/C=C(\C)/C(=O)OC)C | COC1=C(C(=C(C=C1)[C@H]2COC3=C(C2=O)C=CC(=C3)O)OC)OC | C1=CC(=CC=C1C2=C(C(=O)C3=C(C=C(C=C3O2)O)O)O)O,当归四逆汤 | 厚朴麻黄汤 | 辛夷散 | 三痹汤 | 大秦艽汤 | 清上蠲痛汤 | 麻黄细辛附子汤 | 大黄附子汤 | 射干麻黄汤 | 苓甘五味姜辛汤 | 温脾丸,"It has the effects of dispelling wind and scattering cold, unblocking orifices to relieve pain, and warming the lungs to transform retained fluid."
S014,鼻塞涕多、外邪夹杂(或伴风寒、湿热）、肺虚、气短声低,辛夷散,藁本（Ligustici Rhizoma Et Radix）,CCCCC/C=C\C/C=C\CCCCCCCC(=O)O | CC[C@H](CC[C@@H](C)[C@H]1CC[C@@H]2[C@@]1(CC[C@H]3[C@H]2CC=C4[C@@]3(CC[C@H](C4)O)C)C)C(C)C,羌活胜湿汤 | 辛夷散,"It has the effects of expelling wind, scattering cold, eliminating dampness, and relieving pain."
S014,鼻塞涕多、外邪夹杂(或伴风寒、湿热）、肺虚、气短声低,辛夷散,升麻（Cimicifugae Rhizoma）,COC1=C(C=CC(=C1)CCNC(=O)/C=C\C2=CC(=C(C=C2)O)OC)O | C1=CC(=CC=C1/C=C/C(=O)O[C@H](C(=O)O)[C@](CC2=CC(=C(C=C2)O)O)(C(=O)O)O)O | CC1=CC(=O)C2=C(C3=C(C=C2O1)OC(C3)C(C)(C)O)O | C[C@]12C[C@@]3([C@@H]4C[C@]1([C@@]4([C@H](O2)O3)COC(=O)C5=CC=CC=C5)O[C@H]6[C@@H]([C@H]([C@@H]([C@H](O6)CO)O)O)O)O | COC1=C(C=CC(=C1)/C=C\C(=O)NCCC2=CC=C(C=C2)O)O,升陷汤 | 济川煎 | 辛夷散 | 清胃散 | 凉血地黄汤 | 升麻葛根汤 | 普济消毒饮子 | 举元煎,"It has the effects of sedation and hypnosis, analgesia, antipyresis and temperature reduction, liver protection, immunomodulation, anti-inflammation, and antiviral effects."
S014,鼻塞涕多、外邪夹杂(或伴风寒、湿热）、肺虚、气短声低,辛夷散,川芎(Chuanxiong Rhizoma),CCCCC/C=C\C/C=C\CCCCCCCC(=O)OCC | C1=CC=C2C(=C1)C3=C(N2)C(=NC=C3)C4=CC=C(O4)CO | CC1=CC(=O)C=C(C1=O)C/C=C(\C)/CC/C=C(\C)/CCC=C(C)C | C1=CC(=CC=C1C(=O)N[C@@H](CCC(=O)O)C(=O)O)NCC2=CN=C3C(=N2)C(=O)NC(=N3)N | COC1=C2C=C(CCCCC(=O)CCC3=CC2=C(C=C3)O)C(=C1OC)O,温经汤 | 桃红四物汤 | 小续命汤 | 当归饮子 | 羌活胜湿汤 | 身痛逐瘀汤 | 散偏汤 | 辛夷散 | 三痹汤 | 圣愈汤 | 大秦艽汤 | 托里消毒散 | 清上蠲痛汤 | 蠲痹汤 | 当归散 | 佛手散 | 羌活胜风汤 | 牛蒡甘桔汤 | 泰山磐石散 | 滋阴降火汤 | 柴胡清肝汤 | 四物消风饮 | 凉血四物汤 | 通窍活血汤 | 膈下逐瘀汤,"It has the effects of activating blood circulation, promoting qi movement, dispelling wind, and relieving pain."
S014,鼻塞涕多、外邪夹杂(或伴风寒、湿热）、肺虚、气短声低,辛夷散,木通（Caulis Akebiae ）,COC1=C(C2=C(C(=C1)C(=O)OC)C(=CC3=CC=CC=C32)[N+](=O)[O-])OC | COC1=CC=CC2=C3C(=C(C=C21)C(=O)O)C(=CC4=C3OCO4)C(=O)O | CC[C@H](/C=C/[C@@H](C)[C@H]1CC[C@@H]2[C@@]1(CC[C@H]3[C@H]2CC=C4[C@@]3(CC[C@@H](C4)O)C)C)C(C)C | COC1=CC(=CC2=C3C(=C(C=C12)[N+](=O)[O-])C(=CC4=C3OCO4)C(=O)O)O,当归四逆汤 | 辛夷散 | 除湿胃苓汤,"It has the effects of activating blood circulation to unblock menstruation, and clearing heat to drain dampness."
S014,鼻塞涕多、外邪夹杂(或伴风寒、湿热）、肺虚、气短声低,辛夷散,防风（Saposhnikoviae Radix）,COC1=C(C=CC(=C1)[C@@H]2[C@H](OC3=C4C(=CC(=C3O2)OC)C=CC(=O)O4)CO)O | C/C=C(\C)/C(=O)O[C@H]1[C@@H](C(OC2=C1C3=C(C=C2)C=CC(=O)O3)(C)C)OC(=O)/C(=C/C)/C | C/C=C(/C)\C(=O)O[C@H]1CC2=C(C=C3C(=C2O)C(=O)C=C(O3)CO)OC1(C)C | CC[C@H](CC[C@@H](C)[C@H]1CC[C@@H]2[C@@]1(CC[C@H]3[C@H]2CC=C4[C@@]3(CC[C@H](C4)O)C)C)C(C)C | CC[C@H](CC[C@@H](C)[C@H]1CC[C@@H]2[C@@]1(CC[C@H]3[C@H]2CC=C4[C@@]3(CC[C@@H](C4)O)C)C)C(C)C,小续命汤 | 当归饮子 | 羌活胜湿汤 | 泻黄散 | 桂枝芍药知母汤 | 升阳益胃汤 | 辛夷散 | 三痹汤 | 大秦艽汤 | 清上蠲痛汤 | 除湿胃苓汤 | 延年薯蓣酒 | 羌活胜风汤 | 清胃汤 | 柴胡清肝汤 | 四物消风饮,"It has the effects of releasing the exterior and dispelling wind, overcoming dampness, and stopping convulsions."
S014,鼻塞涕多、外邪夹杂(或伴风寒、湿热）、肺虚、气短声低,辛夷散,羌活（Notopterygii Rhizoma Et Radix）,C/C(=C\COC1=CC2=C(C=C1)C=CC(=O)O2)/CC[C@@H](C(C)(C)O)O | C/C(=C\COC1=C2C=CC(=O)OC2=CC3=C1C=CO3)/C/C=C/C(C)(C)O | CC(C)([C@H]1CC2=C(O1)C=C3C(=C2)C=CC(=O)O3)O[C@H]4[C@@H]([C@H]([C@@H]([C@H](O4)CO)O)O)O | CC(C)CC(=O)OCC1=CC2=C(C=C1)OCO2,羌活胜湿汤 | 升阳益胃汤 | 身痛逐瘀汤 | 辛夷散 | 大秦艽汤 | 三化汤 | 清上蠲痛汤 | 石决明散 | 蠲痹汤 | 羌活胜风汤,"It has the effects of dispersing cold, dispelling wind, eliminating dampness, and relieving pain."
S014,鼻塞涕多、外邪夹杂(或伴风寒、湿热）、肺虚、气短声低,辛夷散,甘草(licorice ),CC(=CCC1=C(C2=C(C=C1O)OC(=O)C3=C2OC4=C3C=CC(=C4)O)OC)C | CC1(C=CC2=C(O1)C=CC3=C2OC[C@@H]4[C@H]3OC5=C4C=CC(=C5)O)C | CC1(CCC2=C(O1)C=C3C(=C2OC)C=C(C(=O)O3)C4=C(C=C(C=C4)O)O)CO | CC1(C=CC2=C(O1)C=CC(=C2O)C3COC4=C(C3=O)C(=CC(=C4)O)OC)C | CC(=CCC1=C(C=CC2=C1OC(=O)C3=C2OC4=C3C=CC(=C4)O)O)C,苓桂术甘汤 | 温经汤 | 枇杷清肺饮 | 二冬汤 | 桃核承气汤 | 芍药甘草汤 | 半夏泻心汤 | 麦门冬汤 | 温胆汤 | 小续命汤 | 当归饮子 | 泻白散 | 清心莲子饮 | 羌活胜湿汤 | 清金化痰汤 | 金水六君煎 | 清肺汤 | 保元汤 | 半夏白术天麻汤 | 宣郁通经汤 | 异功散 | 泻黄散 | 白术散 | 消乳丸 | 人参五味子汤 | 清宁散 | 竹叶石膏汤 | 麻黄汤 | 当归四逆汤 | 桂枝芍药知母汤 | 当归建中汤 | 升阳益胃汤 | 厚朴温中汤 | 保阴煎 | 固阴煎 | 清骨散 | 达原饮 | 沙参麦冬汤 | 完带汤 | 身痛逐瘀汤 | 散偏汤 | 旋覆代赭汤 | 甘草泻心汤 | 黄连汤 | 橘皮竹茹汤 | 甘姜苓术汤 | 厚朴七物汤 | 温脾汤 | 竹茹汤 | 辛夷散 | 实脾散 | 甘露饮 | 华盖散 | 三痹汤 | 乌药汤 | 大秦艽汤 | 托里消毒散 | 清上蠲痛汤 | 养胃汤 | 石决明散 | 三甲复脉汤 | 蠲痹汤 | 四妙勇安汤 | 除湿胃苓汤 | 清燥救肺汤 | 凉血地黄汤 | 桂枝甘草汤 | 栀子柏皮汤 | 黄芩汤 | 茯苓桂枝甘 草大枣汤 | 柴胡桂枝汤 | 通脉四逆汤 | 桂枝加厚朴杏子汤 | 桂枝麻黄各半汤 | 柴胡桂枝干姜汤 | 桂枝人参汤 | 生姜泻心汤 | 白虎加人参汤 | 调胃承气汤 | 桔梗汤 | 防己黄芪汤 | 苓甘五味姜辛汤 | 防己茯苓汤 | 越婢汤 | 麻黄杏仁薏苡甘草汤 | 瓜蒌桂枝汤 | 生姜甘草汤 | 苏子降气汤 | 香苏散 | 升麻葛根汤 | 平胃散 | 六和汤 | 五虎汤 | 芍药汤 | 门冬清肺饮 | 普济消毒饮子 | 羌活胜风汤 | 牛蒡甘桔汤 | 大补元煎 | 左归饮 | 举元煎 | 茜根散 | 泰山磐石散 | 滋阴降火汤 | 清胃汤 | 调肝汤 | 柴葛解肌汤 | 茵陈术附汤 | 阳和汤 | 柴胡清肝汤 | 地黄饮 | 凉血四物汤 | 膈下逐瘀汤 | 会厌逐瘀汤,"It has the effects of tonifying the spleen and replenishing qi, clearing heat and detoxifying, dispelling phlegm and stopping cough, relieving spasm and alleviating pain, as well as harmonizing the actions of other herbs."
S014,鼻塞涕多、外邪夹杂(或伴风寒、湿热）、肺虚、气短声低,辛夷散,白芷（A. Dahurica (Fisch.) Benth. Et Hook ）,CC1([C@H](O1)COC2=C3C(=C(C4=C2OC(=O)C=C4)OC)C=CO3)C | CC1(C(O1)COC2=C3C=COC3=C(C4=C2C=CC(=O)O4)OCC5C(O5)(C)C)C | CC[C@H](/C=C/[C@@H](C)[C@H]1CC[C@@H]2[C@@]1(CC[C@H]3[C@H]2CC=C4[C@@]3(CC[C@@H](C4)O)C)C)C(C)C | CCCC[C@@H](CC)COC(=O)C1=CC=CC=C1C(=O)OC[C@H](CC)CCCC,散偏汤 | 辛夷散 | 大秦艽汤 | 托里消毒散 | 清上蠲痛汤 | 羌活胜风汤,"It has the effects of dispersing wind and eliminating dampness, unblocking orifices to relieve pain, and reducing swelling to drain pus."
S015,腰以下肿甚、腹胀便溏、四肢不温、痰湿引起的症状、胸闷不适,实脾散,厚朴（Magnolia Officinalis Rehd Et Wils．）,C[C@@]12CCC3=C([C@@H]1CCC2=O)C=CC4=C3C=CC(=C4)O | C[C@H]1[C@@H]([C@H]([C@H]([C@@H](O1)O[C@@H]2[C@H]([C@@H]([C@H](O[C@H]2OC3=CC(=C4C(=O)C[C@H](OC4=C3)C5=CC(=C(C=C5)OC)O)O)CO)O)O)O)O)O,小承气汤 | 半夏厚朴汤 | 枳实薤白桂枝汤 | 厚朴麻黄汤 | 厚朴温中汤 | 达原饮 | 厚朴七物汤 | 实脾散 | 三化汤 | 养胃汤 | 新加香薷饮 | 除湿胃苓汤 | 桂枝加厚朴杏子汤 | 厚朴三物汤 | 苏子降气汤 | 平胃散 | 六和汤 | 连朴饮,"It has the effects of drying dampness to eliminate phlegm, descending qi to relieve fullness."
S015,腰以下肿甚、腹胀便溏、四肢不温、痰湿引起的症状、胸闷不适,实脾散,白术(Atractylodes Macrocephala Koidz),C[C@@H]1CC[C@@]2(CC[C@@]3(C(=CC[C@H]4[C@]3(CC[C@@H]5[C@@]4(CC[C@@H](C5(C)C)O)C)C)[C@@H]2[C@H]1C)C)C | CC1=COC2=C1C[C@H]3C(=C)[C@H](CC[C@@]3(C2)C)OC(=O)C | CCC[C@@H](CC[C@@H](C)[C@H]1CC[C@@H]2[C@@]1(CC[C@H]3[C@H]2CC=C4[C@@]3(CC[C@@H](C4)O)C)C)C(C)C | CCO[C@]12C[C@]3(CCCC(=C)[C@@H]3CC1=C(C(=O)O2)C)C,苓桂术甘汤 | 真武汤 | 半夏白术天麻汤 | 异功散 | 白术散 | 人参五味子汤 | 桂枝芍药知母汤 | 升阳益胃汤 | 完带汤 | 附子汤 | 泽泻汤 | 甘姜苓术汤 | 实脾散 | 大秦艽汤 | 托里消毒散 | 除湿胃苓汤 | 桂枝人参汤 | 当归散 | 防己黄芪汤 | 延年薯蓣酒 | 羌活胜风汤 | 举元煎 | 泰山磐石散 | 解郁汤 | 固本止崩汤 | 茵陈术附汤 | 理冲汤,"It has the effects of strengthening the spleen and tonifying qi, drying dampness and promoting diuresis, stopping sweating, and preventing miscarriage."
S015,腰以下肿甚、腹胀便溏、四肢不温、痰湿引起的症状、胸闷不适,实脾散,木瓜（ Chaenomeles Sinensis (Thouin) Koehne）,CC(=C)[C@@H]1CC[C@]2([C@H]1[C@H]3CC[C@@H]4[C@]5(CC[C@@H](C([C@@H]5CC[C@]4([C@@]3(CC2)C)C)(C)C)O)C)C(=O)O | CCCCCCCC/C=C\CCCCCCCC(=O)OCC | C1[C@@H]([C@@H](OC2=CC(=CC(=C21)O)O)C3=CC(=C(C=C3)O)O)O | C1=CC(=C(C=C1C2=C(C(=O)C3=C(C=C(C=C3O2)O)O)O)O)O,实脾散 | 六和汤,"It has the effects of pacifying the liver to relax sinews, and harmonizing the stomach to transform dampness."
S015,腰以下肿甚、腹胀便溏、四肢不温、痰湿引起的症状、胸闷不适,实脾散,木香（Aucklandiae Radix）,C1=CC=C2C(=C1)C=CC3=C2NC4=CC=CC=C34 | C=C1C[C@@H]([C@@H]2[C@@H]([C@@H]3[C@H]1C[C@@H](C3=C)O)OC(=O)C2=C)OC(=O)C(=C)CO | C[C@]1(CCC(=O)[C@]2([C@H]1[C@@H]3[C@@H](CC2)C(=C)C(=O)O3)C)C[C@]4([C@@H]5CCC(=C)[C@@H]6CCC(=C)[C@@H]6[C@H]5OC4=O)O | CC(=C)[C@@H]1CC[C@]2([C@H]1[C@H]3CC[C@@H]4[C@]5(CC[C@@H](C([C@@H]5CC[C@]4([C@@]3(CC2)C)C)(C)C)O)C)C(=O)O | CC[C@H](CC[C@@H](C)[C@H]1CC[C@@H]2[C@@]1(CC[C@H]3[C@H]2CC=C4[C@@]3(CC[C@H](C4)O)C)C)C(C)C,白术散 | 厚朴温中汤 | 实脾散 | 乌药汤 | 暖肝煎 | 蠲痹汤 | 芍药汤 | 六磨汤,"It has the effects of moving qi to relieve pain, and fortifying the spleen to promote digestion."
S015,腰以下肿甚、腹胀便溏、四肢不温、痰湿引起的症状、胸闷不适,实脾散,草果（Amomum Tsao-Ko Crevostet）,C1[C@@H]([C@@H](OC2=CC(=CC(=C21)O)O)C3=CC(=C(C=C3)O)O)O | C1=CC(=CC=C1CCC(=O)/C=C/C=C/C2=CC=C(C=C2)O)O | CC1=C(C=CC(=C1)C2(C3=CC=CC=C3S(=O)(=O)O2)C4=CC(=C(C=C4)O)C)O | C1=CC(=C(C=C1C2=C(C(=O)C3=C(C=C(C=C3O2)O)O)O)O)O,达原饮 | 实脾散 | 养胃汤,"It has the effects of drying dampness and warming the middle jiao, eliminating phlegm and stopping malaria."
S015,腰以下肿甚、腹胀便溏、四肢不温、痰湿引起的症状、胸闷不适,实脾散,槟榔（Arecae Semen）,CCCCCCOC(=O)C1=CC=CC=C1C(=O)OCCCCCC | CC/C=C\C/C=C\C/C=C\C/C=C\C/C=C\CCCC(=O)O | C1=CC(=C(C=C1[C@@H]2[C@H]([C@H](C3=C(C=C(C=C3O2)O)O)O)O)O)O | CCCCCCCCOC(=O)C1=CC=CC=C1C(=O)OCCCCCCCC | C1[C@@H]([C@@H](OC2=CC(=CC(=C21)O)O)C3=CC(=C(C=C3)O)O)O,达原饮 | 实脾散 | 芍药汤 | 六磨汤,"It has the effects of killing parasites and resolving accumulation, descending qi, moving water, and stopping malaria."
S015,腰以下肿甚、腹胀便溏、四肢不温、痰湿引起的症状、胸闷不适,实脾散,附子(Aconiti Lateralis Radix Praeparata),C[C@@]12CC[C@H]([C@@]([C@@H]1CCC(=C)[C@H]2CCC3=CCOC3=O)(C)CO)O | CCN1C[C@@]2(CC[C@@H]([C@@]34[C@@H]2C[C@@H](C31)[C@]5(C[C@@H]([C@H]6C[C@@H]4[C@@H]5[C@H]6O)OC)O)O)C | COC1=C(OC2=C(C1=O)C=CC3=C2C=CO3)C4=CC=CC=C4 | CCN1C[C@@]2(CC[C@@H]([C@@]34[C@@H]2C[C@@H](C31)[C@]5(C[C@@H]([C@H]6C[C@@H]4[C@@H]5[C@H]6O)OC)O)O)COC,真武汤 | 小续命汤 | 地黄饮子 | 桂枝芍药知母汤 | 附子汤 | 温脾汤 | 实脾散 | 乌药汤 | 麻黄细辛附子汤 | 附子泻心汤 | 通脉四逆汤 | 大黄附子汤 | 薏苡附子败酱散 | 温脾丸 | 香苏散 | 茵陈术附汤,"It has the effects of tonifying the life-gate fire, warming and transforming cold-dampness, restoring yang, supplementing yang, and strengthening spleen yang."
S015,腰以下肿甚、腹胀便溏、四肢不温、痰湿引起的症状、胸闷不适,实脾散,茯苓（Poria Cocos(Schw.) Wolf ）,CC(=CCC[C@H]([C@H]1CC[C@@]2([C@@]1(CCC3=C2CC[C@@H]4[C@@]3(CC[C@@H](C4(C)C)O)C)C)C)C(=O)O)C | C[C@H](/C=C/[C@H](C)C(C)C)[C@H]1CC[C@@H]2[C@@]1(CC[C@H]3C2=CC[C@@H]4[C@@]3(CC[C@@H](C4)O)C)C | C[C@H](/C=C/[C@H](C)C(C)C)[C@H]1CC[C@@H]2[C@@]1(CC[C@H]3[C@]24C=C[C@@]5([C@@]3(CC[C@@H](C5)O)C)OO4)C | CC(C)C(=C)CC[C@H]([C@H]1CC[C@@]2([C@@]1(CCC3=C2CC[C@@H]4[C@@]3(CC[C@@H](C4(C)C)O)C)C)C)C(=O)O | CC(C)C(=C)CC[C@H]([C@H]1CC[C@@]2([C@@]1(CC=C3C2=CC[C@@H]4[C@@]3(CC[C@@H](C4(C)C)O)C)C)C)C(=O)O,苓桂术甘汤 | 真武汤 | 开心散 | 清心莲子饮 | 地黄饮子 | 清金化痰汤 | 金水六君煎 | 清肺汤 | 半夏白术天麻汤 | 异功散 | 白术散 | 人参五味子汤 | 半夏厚朴汤 | 升阳益胃汤 | 厚朴温中汤 | 猪苓汤 | 附子汤 | 甘姜苓术汤 | 实脾散 | 三痹汤 | 大秦艽汤 | 暖肝煎 | 托里消毒散 | 养胃汤 | 清经散 | 茯苓桂枝甘 草大枣汤 | 小半夏加茯苓汤 | 苓甘五味姜辛汤 | 防己茯苓汤 | 六和汤 | 导痰汤 | 左归饮 | 解郁汤 | 定经汤 | 滋水清肝饮,"It has the effects of promoting diuresis and draining dampness, strengthening the spleen and harmonizing the stomach, as well as calming the heart and tranquilizing the mind."
S015,腰以下肿甚、腹胀便溏、四肢不温、痰湿引起的症状、胸闷不适,实脾散,干姜(Zingiberis Rhizoma),CCCCC/C=C\C/C=C\CCCCCCCC(=O)OC[C@H](CO)O | C/C=C/CC1=C([C@H](CC1=O)OC(=O)[C@@H]2[C@H](C2(C)C)/C=C(\C)/C(=O)OC)C | COC1=C(C=C(C2=C1OC(=C(C2=O)O)C3=CC=C(C=C3)O)O)O | CC[C@H](CC[C@@H](C)[C@H]1CC[C@@H]2[C@@]1(CC[C@H]3[C@H]2CC=C4[C@@]3(CC[C@@H](C4)O)C)C)C(C)C | CC[C@H](CC[C@@H](C)[C@H]1CC[C@@H]2[C@@]1(CC[C@H]3[C@H]2CC=C4[C@@]3(CC[C@H](C4)O)C)C)C(C)C,半夏泻心汤 | 大建中汤 | 厚朴麻黄汤 | 厚朴温中汤 | 甘草泻心汤 | 黄连汤 | 甘姜苓术汤 | 温脾汤 | 实脾散 | 通脉四逆汤 | 柴胡桂枝干姜汤 | 桂枝人参汤 | 生姜泻心汤 | 苓甘五味姜辛汤 | 温脾丸 | 茵陈术附汤,"It has the effects of warming the middle jiao, warming the lungs to transform retained fluid, restoring yang, tonifying yang, strengthening spleen yang, and unblocking collaterals."
S015,腰以下肿甚、腹胀便溏、四肢不温、痰湿引起的症状、胸闷不适,实脾散,甘草(licorice ),CC(=CCC1=C(C2=C(C=C1O)OC(=O)C3=C2OC4=C3C=CC(=C4)O)OC)C | CC1(C=CC2=C(O1)C=CC3=C2OC[C@@H]4[C@H]3OC5=C4C=CC(=C5)O)C | CC1(CCC2=C(O1)C=C3C(=C2OC)C=C(C(=O)O3)C4=C(C=C(C=C4)O)O)CO | CC1(C=CC2=C(O1)C=CC(=C2O)C3COC4=C(C3=O)C(=CC(=C4)O)OC)C | CC(=CCC1=C(C=CC2=C1OC(=O)C3=C2OC4=C3C=CC(=C4)O)O)C,苓桂术甘汤 | 温经汤 | 枇杷清肺饮 | 二冬汤 | 桃核承气汤 | 芍药甘草汤 | 半夏泻心汤 | 麦门冬汤 | 温胆汤 | 小续命汤 | 当归饮子 | 泻白散 | 清心莲子饮 | 羌活胜湿汤 | 清金化痰汤 | 金水六君煎 | 清肺汤 | 保元汤 | 半夏白术天麻汤 | 宣郁通经汤 | 异功散 | 泻黄散 | 白术散 | 消乳丸 | 人参五味子汤 | 清宁散 | 竹叶石膏汤 | 麻黄汤 | 当归四逆汤 | 桂枝芍药知母汤 | 当归建中汤 | 升阳益胃汤 | 厚朴温中汤 | 保阴煎 | 固阴煎 | 清骨散 | 达原饮 | 沙参麦冬汤 | 完带汤 | 身痛逐瘀汤 | 散偏汤 | 旋覆代赭汤 | 甘草泻心汤 | 黄连汤 | 橘皮竹茹汤 | 甘姜苓术汤 | 厚朴七物汤 | 温脾汤 | 竹茹汤 | 辛夷散 | 实脾散 | 甘露饮 | 华盖散 | 三痹汤 | 乌药汤 | 大秦艽汤 | 托里消毒散 | 清上蠲痛汤 | 养胃汤 | 石决明散 | 三甲复脉汤 | 蠲痹汤 | 四妙勇安汤 | 除湿胃苓汤 | 清燥救肺汤 | 凉血地黄汤 | 桂枝甘草汤 | 栀子柏皮汤 | 黄芩汤 | 茯苓桂枝甘 草大枣汤 | 柴胡桂枝汤 | 通脉四逆汤 | 桂枝加厚朴杏子汤 | 桂枝麻黄各半汤 | 柴胡桂枝干姜汤 | 桂枝人参汤 | 生姜泻心汤 | 白虎加人参汤 | 调胃承气汤 | 桔梗汤 | 防己黄芪汤 | 苓甘五味姜辛汤 | 防己茯苓汤 | 越婢汤 | 麻黄杏仁薏苡甘草汤 | 瓜蒌桂枝汤 | 生姜甘草汤 | 苏子降气汤 | 香苏散 | 升麻葛根汤 | 平胃散 | 六和汤 | 五虎汤 | 芍药汤 | 门冬清肺饮 | 普济消毒饮子 | 羌活胜风汤 | 牛蒡甘桔汤 | 大补元煎 | 左归饮 | 举元煎 | 茜根散 | 泰山磐石散 | 滋阴降火汤 | 清胃汤 | 调肝汤 | 柴葛解肌汤 | 茵陈术附汤 | 阳和汤 | 柴胡清肝汤 | 地黄饮 | 凉血四物汤 | 膈下逐瘀汤 | 会厌逐瘀汤,"It has the effects of tonifying the spleen and replenishing qi, clearing heat and detoxifying, dispelling phlegm and stopping cough, relieving spasm and alleviating pain, as well as harmonizing the actions of other herbs."
S016,牙龈肿烂出血、咽喉肿痛、身面发黄、小便黄赤、胸腹胀气短,甘露饮,枇杷叶(Eriobotryae Folium),C1=CC(=C(C=C1[C@@H]2[C@@H]([C@H](C3=C(C=C(C=C3O2)O)O)C4=C(C=C(C=C4O)O)O)O)O)O | C1[C@H]([C@H](OC2=C1C3=C([C@H](CC(=O)O3)C4=CC(=C(C=C4)O)O)C(=C2)O)C5=CC(=C(C=C5)O)O)O | CC(=C)[C@@H]1CC[C@]2([C@H]1[C@H]3CC[C@@H]4[C@]5(CC[C@@H](C([C@@H]5CC[C@]4([C@@]3(CC2)C)C)(C)C)O)C)C(=O)O | C1[C@H]([C@H](OC2=CC(=CC(=C21)O)O)C3=CC(=C(C(=C3)O)O)O)OC(=O)C4=CC(=C(C(=C4)O)O)O,枇杷清肺饮 | 甘露饮 | 清燥救肺汤,"It has the effects of suppressing cough, relieving asthma, lowering blood sugar, and reducing inflammation."
S016,牙龈肿烂出血、咽喉肿痛、身面发黄、小便黄赤、胸腹胀气短,甘露饮,熟地黄（Rehmanniae Radix Praeparata）,CC[C@H](CC[C@@H](C)[C@H]1CC[C@@H]2[C@@]1(CC[C@H]3[C@H]2CC=C4[C@@]3(CC[C@H](C4)O)C)C)C(C)C | CC[C@H](/C=C/[C@@H](C)[C@H]1CC[C@@H]2[C@@]1(CC[C@H]3[C@H]2CC=C4[C@@]3(CC[C@@H](C4)O)C)C)C(C)C,地黄饮子 | 金水六君煎 | 当归六黄汤 | 玉女煎 | 保阴煎 | 固阴煎 | 甘露饮 | 圣愈汤 | 大秦艽汤 | 清经散 | 驻景丸 | 大补元煎 | 左归饮 | 泰山磐石散 | 滋阴降火汤 | 固本止崩汤 | 养精种玉汤 | 定经汤 | 阳和汤 | 地黄饮 | 滋水清肝饮 | 补肾活血汤,"It has the effects of tonifying essence and replenishing marrow, nourishing blood, and supplementing yin."
S016,牙龈肿烂出血、咽喉肿痛、身面发黄、小便黄赤、胸腹胀气短,甘露饮,天冬(Asparagi Radix),CC1=C(C(=O)C2=C(O1)C=C(C=C2)OC)C3=CC=CC=C3 | CC[C@H](/C=C/[C@@H](C)[C@H]1CC[C@@H]2[C@@]1(CC[C@H]3[C@H]2CC=C4[C@@]3(CC[C@@H](C4)O)C)C)C(C)C | C[C@@H]1CC[C@@]2([C@H]([C@H]3[C@@H](O2)C[C@@H]4[C@@]3(CC[C@H]5[C@H]4CC=C6[C@@]5(CC[C@@H](C6)O)C)C)C)OC1 | C1=CC(=C(C=C1C2=C(C(=O)C3=C(C=C(C=C3O2)O)O)O)O)O,二冬汤 | 清肺汤 | 甘露饮,"It has the effects of nourishing yin to promote fluid production, regulating the lungs and clearing heart heat."
S016,牙龈肿烂出血、咽喉肿痛、身面发黄、小便黄赤、胸腹胀气短,甘露饮,枳壳（Aurantii Fructus）,C/C(=C\COC1=CC2=C(C=C1)C=CC(=O)O2)/CC[C@H](C(C)(C)O)O | COC1=C(C=C(C=C1)[C@@H]2CC(=O)C3=C(C=C(C=C3O2)O)O)O | CC[C@H](CC[C@@H](C)[C@H]1CC[C@@H]2[C@@]1(CC[C@H]3[C@H]2CC=C4[C@@]3(CC[C@@H](C4)O)C)C)C(C)C | C1[C@H](OC2=CC(=CC(=C2C1=O)O)O)C3=CC=C(C=C3)O | COC1=C(C=C(C=C1)C2=CC(=O)C3=C(O2)C(=C(C(=C3OC)OC)OC)OC)OC | CNCCC1=CC=C(C=C1)O,济川煎 | 槐花散 | 甘露饮 | 凉血地黄汤 | 羌活胜风汤 | 六磨汤 | 清胃汤 | 解郁汤 | 蒿芩清胆汤 | 膈下逐瘀汤 | 会厌逐瘀汤,"It has the effects of regulating qi to relieve middle-jiao distension, moving stagnation to reduce bloating."
S016,牙龈肿烂出血、咽喉肿痛、身面发黄、小便黄赤、胸腹胀气短,甘露饮,茵陈蒿（ Plantula Artemisiae capillaris）,CC(=CCC/C(=C/COC(=O)C)/C)C | COC1=C(C=C(C=C1)C2=CC(=O)C3=C(O2)C=C(C(=C3O)OC)O)OC | C/C/1=C\CCC(=C)[C@H]2CC([C@@H]2CC1)(C)C | COC1=CC(=C2C(=O)C[C@H](OC2=C1)C3=CC(=C(C=C3)O)O)O,甘露饮 | 茵陈蒿汤 | 茵陈术附汤,"It has the effects of analgesia, antipyresis and temperature reduction, antihypertension, hypolipidemic, anticoagulant and antithrombotic, cholagogic, hepatoprotective, antiasthmatic, diuretic, anti-inflammatory, antibacterial, antiviral, antifungal, anti-intestinal-parasitic, and antitumor."
S016,牙龈肿烂出血、咽喉肿痛、身面发黄、小便黄赤、胸腹胀气短,甘露饮,地黄(Rehmanniae Radix Praeparata),CCCCC/C=C\C/C=C\CCCCCCCC(=O)O | CC[C@H](CC[C@@H](C)[C@H]1CC[C@@H]2[C@@]1(CC[C@H]3[C@H]2CC=C4[C@@]3(CC[C@H](C4)O)C)C)C(C)C | CO[C@@H]1CC2C([C@H](O1)OC)C3(C(C2O)O3)CO | C[C@@H]1[C@H]([C@H]([C@H]([C@@H](O1)OC[C@@H]2[C@H]([C@@H]([C@H]([C@@H](O2)O[C@H]3[C@H]4[C@H](CCC4=C)C(=CO3)C(=O)OC)O)O)O)O)O)O | CC[C@H](/C=C/[C@@H](C)[C@H]1CC[C@@H]2[C@@]1(CC[C@H]3[C@H]2CC=C4[C@@]3(CC[C@@H](C4)O)C)C)C(C)C,一贯煎 | 桃红四物汤 | 当归饮子 | 百合地黄汤 | 当归六黄汤 | 保阴煎 | 甘露饮 | 三痹汤 | 清胃散 | 圣愈汤 | 大秦艽汤 | 三甲复脉汤 | 益胃汤 | 清肝止淋汤 | 黄连膏 | 凉血地黄汤 | 驻景丸 | 茜根散 | 滋阴降火汤 | 柴葛解肌汤 | 柴胡清肝汤 | 四物消风饮 | 地黄饮 | 凉血四物汤 | 增液承气汤 | 会厌逐瘀汤,"It has the effects of tonifying essence and replenishing marrow, nourishing blood, and supplementing yin."
S016,牙龈肿烂出血、咽喉肿痛、身面发黄、小便黄赤、胸腹胀气短,甘露饮,麦冬（Ophiopogon japonicus）,CC1CCC2(C(C3C(O2)CC4C3(CCC5C4CC=C6C5(C(CC(C6)O)OC7C(C(C(C(O7)C)O)OC8C(C(C(CO8)O)O)O)OC9C(C(C(C(O9)C)O)O)O)C)C)C)OC1 | C=CC(=O)NCCCCC1=NC=C(N1)CO | CC1=C(C(=C2C(=C1O)C(=O)[C@@H](CO2)CC3=CC=C(C=C3)OC)C)O | CC1=C(C(=C2C(=C1O)C(=O)C(=CO2)CC3=CC4=C(C=C3)OCO4)C=O)O,一贯煎 | 麦门冬汤 | 清心莲子饮 | 地黄饮子 | 清金化痰汤 | 清肺汤 | 人参五味子汤 | 竹叶石膏汤 | 玉女煎 | 沙参麦冬汤 | 甘露饮 | 清上蠲痛汤 | 三甲复脉汤 | 益胃汤 | 两地汤 | 清燥救肺汤 | 门冬清肺饮 | 滋阴降火汤 | 增液承气汤,"It has the effects of nourishing yin to promote fluid production, moistening the lungs, and clearing heart heat."
S016,牙龈肿烂出血、咽喉肿痛、身面发黄、小便黄赤、胸腹胀气短,甘露饮,石斛（ Herba Dendrobii）,CC(C)[C@H]1[C@H]2[C@@H]3CC[C@H]4[C@@]3([C@@H]([C@@H]1OC2=O)N(C4)C)C | CC(C)C1C2C3CCC(C3(C(=O)C1OC2=O)C)CN(C)C | COC1=CC(=CC(=C1O)OC)CCC2=CC(=C(C=C2)O)OC,地黄饮子 | 甘露饮,"It has the effects of benefiting the stomach to promote fluid production, nourishing yin to clear heat."
S016,牙龈肿烂出血、咽喉肿痛、身面发黄、小便黄赤、胸腹胀气短,甘露饮,甘草(licorice ),CC(=CCC1=C(C2=C(C=C1O)OC(=O)C3=C2OC4=C3C=CC(=C4)O)OC)C | CC1(C=CC2=C(O1)C=CC3=C2OC[C@@H]4[C@H]3OC5=C4C=CC(=C5)O)C | CC1(CCC2=C(O1)C=C3C(=C2OC)C=C(C(=O)O3)C4=C(C=C(C=C4)O)O)CO | CC1(C=CC2=C(O1)C=CC(=C2O)C3COC4=C(C3=O)C(=CC(=C4)O)OC)C | CC(=CCC1=C(C=CC2=C1OC(=O)C3=C2OC4=C3C=CC(=C4)O)O)C,苓桂术甘汤 | 温经汤 | 枇杷清肺饮 | 二冬汤 | 桃核承气汤 | 芍药甘草汤 | 半夏泻心汤 | 麦门冬汤 | 温胆汤 | 小续命汤 | 当归饮子 | 泻白散 | 清心莲子饮 | 羌活胜湿汤 | 清金化痰汤 | 金水六君煎 | 清肺汤 | 保元汤 | 半夏白术天麻汤 | 宣郁通经汤 | 异功散 | 泻黄散 | 白术散 | 消乳丸 | 人参五味子汤 | 清宁散 | 竹叶石膏汤 | 麻黄汤 | 当归四逆汤 | 桂枝芍药知母汤 | 当归建中汤 | 升阳益胃汤 | 厚朴温中汤 | 保阴煎 | 固阴煎 | 清骨散 | 达原饮 | 沙参麦冬汤 | 完带汤 | 身痛逐瘀汤 | 散偏汤 | 旋覆代赭汤 | 甘草泻心汤 | 黄连汤 | 橘皮竹茹汤 | 甘姜苓术汤 | 厚朴七物汤 | 温脾汤 | 竹茹汤 | 辛夷散 | 实脾散 | 甘露饮 | 华盖散 | 三痹汤 | 乌药汤 | 大秦艽汤 | 托里消毒散 | 清上蠲痛汤 | 养胃汤 | 石决明散 | 三甲复脉汤 | 蠲痹汤 | 四妙勇安汤 | 除湿胃苓汤 | 清燥救肺汤 | 凉血地黄汤 | 桂枝甘草汤 | 栀子柏皮汤 | 黄芩汤 | 茯苓桂枝甘 草大枣汤 | 柴胡桂枝汤 | 通脉四逆汤 | 桂枝加厚朴杏子汤 | 桂枝麻黄各半汤 | 柴胡桂枝干姜汤 | 桂枝人参汤 | 生姜泻心汤 | 白虎加人参汤 | 调胃承气汤 | 桔梗汤 | 防己黄芪汤 | 苓甘五味姜辛汤 | 防己茯苓汤 | 越婢汤 | 麻黄杏仁薏苡甘草汤 | 瓜蒌桂枝汤 | 生姜甘草汤 | 苏子降气汤 | 香苏散 | 升麻葛根汤 | 平胃散 | 六和汤 | 五虎汤 | 芍药汤 | 门冬清肺饮 | 普济消毒饮子 | 羌活胜风汤 | 牛蒡甘桔汤 | 大补元煎 | 左归饮 | 举元煎 | 茜根散 | 泰山磐石散 | 滋阴降火汤 | 清胃汤 | 调肝汤 | 柴葛解肌汤 | 茵陈术附汤 | 阳和汤 | 柴胡清肝汤 | 地黄饮 | 凉血四物汤 | 膈下逐瘀汤 | 会厌逐瘀汤,"It has the effects of tonifying the spleen and replenishing qi, clearing heat and detoxifying, dispelling phlegm and stopping cough, relieving spasm and alleviating pain, as well as harmonizing the actions of other herbs."
S016,牙龈肿烂出血、咽喉肿痛、身面发黄、小便黄赤、胸腹胀气短,甘露饮,黄芩(Scutellariae Radix),COC1=CC=CC(=C1C2=CC(=O)C3=C(C(=C(C(=C3O2)OC)OC)OC)O)O | COC1=C(C2=C(C(=C1)O)C(=O)C=C(O2)C3=CC=CC=C3O)OC | COC1=C(C=C(C2=C1OC(=CC2=O)C3=CC=C(C=C3)O)O)O,二冬汤 | 半夏泻心汤 | 小续命汤 | 清心莲子饮 | 清金化痰汤 | 清肺汤 | 宣郁通经汤 | 当归六黄汤 | 保阴煎 | 达原饮 | 甘草泻心汤 | 甘露饮 | 大秦艽汤 | 桑白皮汤 | 清上蠲痛汤 | 凉血地黄汤 | 黄芩汤 | 附子泻心汤 | 柴胡桂枝汤 | 柴胡桂枝干姜汤 | 生姜泻心汤 | 当归散 | 泻心汤 | 芍药汤 | 普济消毒饮子 | 羌活胜风汤 | 茜根散 | 泰山磐石散 | 滋阴降火汤 | 清胃汤 | 柴葛解肌汤 | 柴胡清肝汤 | 凉血四物汤 | 柴胡陷胸汤,"It has the effects of clearing heat and drying dampness, purging fire and detoxifying, stopping bleeding, and preventing miscarriage."
S017,手足拘挛、关节僵硬、麻木刺痛、遇寒加重、风痹游走性疼痛,三痹汤,牛膝(Achyranthis Bidentatae Radix),COC1=C(C2=C[N+]3=C(C=C2C=C1)C4=CC(=C(C=C4CC3)OC)OC)OC | C[C@@]12CC[C@H]3C(=CC(=O)[C@H]4[C@]3(C[C@@H]([C@@H](C4)O)O)C)[C@@]1(CC[C@@H]2[C@](C)([C@@H](CCC(C)(C)O)O)O)O | C1=CC(=C(C=C1C2=C(C(=O)C3=C(C=C(C=C3O2)O)O)O)O)O,温经汤 | 济川煎 | 玉女煎 | 身痛逐瘀汤 | 三痹汤 | 清肝止淋汤,"It has the effects of tonifying the liver and kidneys, strengthening tendons and bones, dispelling stasis to unblock menstruation, and guiding blood downward."
S017,手足拘挛、关节僵硬、麻木刺痛、遇寒加重、风痹游走性疼痛,三痹汤,续断（Dipsaci Radix）,C1C(C[C@H](C([C@@H]1OC(=O)/C=C/C2=CC(=C(C=C2)O)O)O)OC(=O)/C=C/C3=CC(=C(C=C3)O)O)(O)C(=O)O | CC1C(CC2C1C(OC=C2C(=O)OC)O)OC(=O)C3=COC(C(C3CC=O)C=C)OC4C(C(C(C(O4)CO)O)O)O | CC[C@H](CC[C@@H](C)[C@H]1CC[C@@H]2[C@@]1(CC[C@H]3[C@H]2CC=C4[C@@]3(CC[C@@H](C4)O)C)C)C(C)C | CC[C@H](CC[C@@H](C)[C@H]1CC[C@@H]2[C@@]1(CC[C@H]3[C@H]2CC=C4[C@@]3(CC[C@H](C4)O)C)C)C(C)C,保阴煎 | 三痹汤 | 泰山磐石散 | 寿胎丸,"It has the effects of stopping bleeding, strengthening tendons and bones, tonifying the liver and kidneys, and unblocking collaterals."
S017,手足拘挛、关节僵硬、麻木刺痛、遇寒加重、风痹游走性疼痛,三痹汤,杜仲（Eucommiae Cortex）,COC1=CC(=CC(=C1O)OC)[C@@H]2[C@H]3CO[C@@H]([C@H]3CO2)C4=CC(=C(C=C4)O)OC | CC(=C)[C@@H]1CC[C@]2([C@H]1[C@H]3CC[C@@H]4[C@]5(CC[C@@H](C([C@@H]5CC[C@]4([C@@]3(CC2)C)C)(C)C)O)C)C(=O)O | COC1=C(C=CC(=C1)[C@@H]2[C@H]3CO[C@@H]([C@]3(CO2)O)C4=CC(=C(C=C4)O)OC)O | COC1=CC(=CC(=C1OC)OC)[C@@H]2[C@H]3CO[C@@H]([C@H]3CO2)C4=CC(=C(C(=C4)OC)OC)OC | C[C@H]1C[C@@H]2[C@H]([C@H]([C@]3(O2)CC[C@H]4[C@@H]5CC=C6C[C@H](CC[C@@]6([C@H]5CC4=C3C)C)O)C)NC1,三痹汤 | 大补元煎 | 补肾活血汤,"It has the effects of tonifying the liver and kidneys, strengthening tendons and bones, and preventing miscarriage (or stabilizing the fetus)."
S017,手足拘挛、关节僵硬、麻木刺痛、遇寒加重、风痹游走性疼痛,三痹汤,防风（Saposhnikoviae Radix）,COC1=C(C=CC(=C1)[C@@H]2[C@H](OC3=C4C(=CC(=C3O2)OC)C=CC(=O)O4)CO)O | C/C=C(\C)/C(=O)O[C@H]1[C@@H](C(OC2=C1C3=C(C=C2)C=CC(=O)O3)(C)C)OC(=O)/C(=C/C)/C | C/C=C(/C)\C(=O)O[C@H]1CC2=C(C=C3C(=C2O)C(=O)C=C(O3)CO)OC1(C)C | CC[C@H](CC[C@@H](C)[C@H]1CC[C@@H]2[C@@]1(CC[C@H]3[C@H]2CC=C4[C@@]3(CC[C@H](C4)O)C)C)C(C)C | CC[C@H](CC[C@@H](C)[C@H]1CC[C@@H]2[C@@]1(CC[C@H]3[C@H]2CC=C4[C@@]3(CC[C@@H](C4)O)C)C)C(C)C,小续命汤 | 当归饮子 | 羌活胜湿汤 | 泻黄散 | 桂枝芍药知母汤 | 升阳益胃汤 | 辛夷散 | 三痹汤 | 大秦艽汤 | 清上蠲痛汤 | 除湿胃苓汤 | 延年薯蓣酒 | 羌活胜风汤 | 清胃汤 | 柴胡清肝汤 | 四物消风饮,"It has the effects of releasing the exterior and dispelling wind, overcoming dampness, and stopping convulsions."
S017,手足拘挛、关节僵硬、麻木刺痛、遇寒加重、风痹游走性疼痛,三痹汤,肉桂（Cinnanmomi Cortex ）,CCCCC/C=C\C/C=C\CCCCCCCC(=O)O | C[C@@]12CC[C@@H]3[C@H](CC3(C)C)C(=C)CC[C@H]1O2 | CC(C)COC(=O)C1=CC=CC=C1C(=O)OCC(C)C | CCCCCCCC/C=C\CCCCCCCC(=O)O | C[C@H](C[C@@H]([C@@H]1C(O1)(C)C)OC(=O)C)C2=C3C[C@@H]([C@H]4[C@]5(CCC(=O)C([C@@H]5CC[C@@]4([C@]3(CC2)C)C)(C)C)C)O,小续命汤 | 地黄饮子 | 保元汤 | 当归建中汤 | 三痹汤 | 暖肝煎 | 蠲痹汤 | 除湿胃苓汤 | 温脾丸 | 苏子降气汤 | 茵陈术附汤 | 阳和汤,"It has the effects of tonifying fire to assist yang, guiding fire back to its origin, dispersing cold to relieve pain, and activating blood circulation to unblock menstruation."
S017,手足拘挛、关节僵硬、麻木刺痛、遇寒加重、风痹游走性疼痛,三痹汤,细辛（Asari Radix Et Rhizoma）,CN1CCC2=CC(=C(C=C2C(=O)CC3=C(C1)C4=C(C=C3)OCO4)OC)OC | C1[C@H]2[C@H](CO[C@@H]2C3=CC4=C(C=C3)OCO4)[C@H](O1)C5=CC6=C(C=C5)OCO6 | C/C=C/CC1=C([C@H](CC1=O)OC(=O)[C@@H]2[C@H](C2(C)C)/C=C(\C)/C(=O)OC)C | COC1=C(C(=C(C=C1)[C@H]2COC3=C(C2=O)C=CC(=C3)O)OC)OC | C1=CC(=CC=C1C2=C(C(=O)C3=C(C=C(C=C3O2)O)O)O)O,当归四逆汤 | 厚朴麻黄汤 | 辛夷散 | 三痹汤 | 大秦艽汤 | 清上蠲痛汤 | 麻黄细辛附子汤 | 大黄附子汤 | 射干麻黄汤 | 苓甘五味姜辛汤 | 温脾丸,"It has the effects of dispelling wind and scattering cold, unblocking orifices to relieve pain, and warming the lungs to transform retained fluid."
S017,手足拘挛、关节僵硬、麻木刺痛、遇寒加重、风痹游走性疼痛,三痹汤,人参(Panax Ginseng C. A. Mey.),C1[C@H]2[C@@H](C3=C(O1)C=C(C=C3)O)OC4=CC5=C(C=C24)OCO5 | C1CCN(CCCNC(=O)C[C@H](NC1)C2=CC=CC=C2)C(=O)C3=CC=CC=C3 | C1=CC=C2C(=C1)C3=C(C(=O)C4=CC=CC=C4O3)C(=O)O2 | CC1=CC2=C(C3=C1OC(C=C3)(C)C)NC4=CC=CC=C42 | COC1=C(C=C(C=C1)C[C@@H]\2COC(=O)/C2=C/C3=CC4=C(C=C3)OCO4)OC,温经汤 | 枇杷清肺饮 | 二冬汤 | 半夏泻心汤 | 大建中汤 | 麦门冬汤 | 小续命汤 | 开心散 | 清心莲子饮 | 保元汤 | 异功散 | 白术散 | 人参五味子汤 | 竹叶石膏汤 | 升阳益胃汤 | 固阴煎 | 完带汤 | 旋覆代赭汤 | 吴茱萸汤 | 黄连汤 | 附子汤 | 橘皮竹茹汤 | 温脾汤 | 三痹汤 | 圣愈汤 | 托里消毒散 | 养胃汤 | 丁香柿蒂散 | 清燥救肺汤 | 柴胡桂枝汤 | 桂枝人参汤 | 生姜泻心汤 | 白虎加人参汤 | 生姜甘草汤 | 延年薯蓣酒 | 六和汤 | 门冬清肺饮 | 普济消毒饮子 | 大补元煎 | 举元煎 | 泰山磐石散 | 解郁汤 | 固本止崩汤,"It has the effects of greatly tonifying primordial qi, restoring pulses and securing collapse, tonifying the spleen and nourishing the lungs, promoting fluid production, and tranquilizing the mind."
S017,手足拘挛、关节僵硬、麻木刺痛、遇寒加重、风痹游走性疼痛,三痹汤,茯苓（Poria Cocos(Schw.) Wolf ）,CC(=CCC[C@H]([C@H]1CC[C@@]2([C@@]1(CCC3=C2CC[C@@H]4[C@@]3(CC[C@@H](C4(C)C)O)C)C)C)C(=O)O)C | C[C@H](/C=C/[C@H](C)C(C)C)[C@H]1CC[C@@H]2[C@@]1(CC[C@H]3C2=CC[C@@H]4[C@@]3(CC[C@@H](C4)O)C)C | C[C@H](/C=C/[C@H](C)C(C)C)[C@H]1CC[C@@H]2[C@@]1(CC[C@H]3[C@]24C=C[C@@]5([C@@]3(CC[C@@H](C5)O)C)OO4)C | CC(C)C(=C)CC[C@H]([C@H]1CC[C@@]2([C@@]1(CCC3=C2CC[C@@H]4[C@@]3(CC[C@@H](C4(C)C)O)C)C)C)C(=O)O | CC(C)C(=C)CC[C@H]([C@H]1CC[C@@]2([C@@]1(CC=C3C2=CC[C@@H]4[C@@]3(CC[C@@H](C4(C)C)O)C)C)C)C(=O)O,苓桂术甘汤 | 真武汤 | 开心散 | 清心莲子饮 | 地黄饮子 | 清金化痰汤 | 金水六君煎 | 清肺汤 | 半夏白术天麻汤 | 异功散 | 白术散 | 人参五味子汤 | 半夏厚朴汤 | 升阳益胃汤 | 厚朴温中汤 | 猪苓汤 | 附子汤 | 甘姜苓术汤 | 实脾散 | 三痹汤 | 大秦艽汤 | 暖肝煎 | 托里消毒散 | 养胃汤 | 清经散 | 茯苓桂枝甘 草大枣汤 | 小半夏加茯苓汤 | 苓甘五味姜辛汤 | 防己茯苓汤 | 六和汤 | 导痰汤 | 左归饮 | 解郁汤 | 定经汤 | 滋水清肝饮,"It has the effects of promoting diuresis and draining dampness, strengthening the spleen and harmonizing the stomach, as well as calming the heart and tranquilizing the mind."
S017,手足拘挛、关节僵硬、麻木刺痛、遇寒加重、风痹游走性疼痛,三痹汤,当归(Angelicae Sinensis Radix),CC1=CC[C@@]2(CCCC([C@]23[C@H]1C3)(C)C)C | CC[C@H](CC[C@@H](C)[C@H]1CC[C@@H]2[C@@]1(CC[C@H]3[C@H]2CC=C4[C@@]3(CC[C@@H](C4)O)C)C)C(C)C | CC[C@H](/C=C/[C@@H](C)[C@H]1CC[C@@H]2[C@@]1(CC[C@H]3[C@H]2CC=C4[C@@]3(CC[C@@H](C4)O)C)C)C(C)C | C[C@@H]1CC[C@@H]2[C@]13CC=C([C@H](C3)C2(C)C)C | C1=CC=C(C=C1)C2=CC(=S)C=C(S2)C3=CC=CC=C3,温经汤 | 一贯煎 | 桃红四物汤 | 当归饮子 | 当归补血汤 | 金水六君煎 | 济川煎 | 清肺汤 | 宣郁通经汤 | 当归四逆汤 | 当归建中汤 | 当归六黄汤 | 身痛逐瘀汤 | 三痹汤 | 清胃散 | 圣愈汤 | 乌药汤 | 大秦艽汤 | 暖肝煎 | 托里消毒散 | 清上蠲痛汤 | 蠲痹汤 | 清肝止淋汤 | 四妙勇安汤 | 黄连膏 | 凉血地黄汤 | 当归散 | 温脾丸 | 苏子降气汤 | 佛手散 | 芍药汤 | 门冬清肺饮 | 大补元煎 | 泰山磐石散 | 滋阴降火汤 | 清胃汤 | 解郁汤 | 固本止崩汤 | 养精种玉汤 | 定经汤 | 调肝汤 | 柴胡清肝汤 | 四物消风饮 | 地黄饮 | 凉血四物汤 | 滋水清肝饮 | 膈下逐瘀汤 | 会厌逐瘀汤 | 补肾活血汤 | 活络效灵丹,"It has the effects of nourishing blood, promoting blood circulation, regulating menstruation, relieving pain, and moistening intestines to relieve constipation."
S017,手足拘挛、关节僵硬、麻木刺痛、遇寒加重、风痹游走性疼痛,三痹汤,白芍(Paeoniae Radix Alba),C[C@@]12CC(=O)[C@H]3C[C@@]1(O[C@@H]([C@@H]3COC(=O)C4=CC=CC=C4)O2)O | C[C@]12C[C@@]3([C@@H]4C[C@]1([C@@]4([C@H](O2)O3)COC(=O)C5=CC=CC=C5)O[C@H]6[C@@H]([C@H]([C@@H]([C@H](O6)CO)O)O)O)O | C[C@]12C[C@H]([C@@H]3C[C@]1([C@@]3(C(=O)O2)COC(=O)C4=CC=CC=C4)O[C@H]5[C@@H]([C@H]([C@@H]([C@H](O5)CO)O)O)O)O | CC(=C)[C@@H]1CC[C@]2([C@H]1[C@H]3CC[C@@H]4[C@]5(CC[C@@H](C([C@@H]5CC[C@]4([C@@]3(CC2)C)C)(C)C)O)C)C(=O)O,温经汤 | 桃红四物汤 | 芍药甘草汤 | 真武汤 | 黄芪桂枝五物汤 | 小续命汤 | 当归饮子 | 宣郁通经汤 | 当归四逆汤 | 桂枝芍药知母汤 | 当归建中汤 | 升阳益胃汤 | 保阴煎 | 化肝煎 | 达原饮 | 完带汤 | 散偏汤 | 附子汤 | 三痹汤 | 大秦艽汤 | 托里消毒散 | 三甲复脉汤 | 清经散 | 清肝止淋汤 | 两地汤 | 黄芩汤 | 柴胡桂枝汤 | 桂枝加厚朴杏子汤 | 桂枝麻黄各半汤 | 当归散 | 枳实芍药散 | 瓜蒌桂枝汤 | 升麻葛根汤 | 芍药汤 | 门冬清肺饮 | 泰山磐石散 | 滋阴降火汤 | 解郁汤 | 养精种玉汤 | 定经汤 | 调肝汤 | 滋水清肝饮,"It has the effects of pacifying the liver to relieve pain, nourishing blood to regulate menstruation, and astringing yin to stop sweating."
S017,手足拘挛、关节僵硬、麻木刺痛、遇寒加重、风痹游走性疼痛,三痹汤,甘草(licorice ),CC(=CCC1=C(C2=C(C=C1O)OC(=O)C3=C2OC4=C3C=CC(=C4)O)OC)C | CC1(C=CC2=C(O1)C=CC3=C2OC[C@@H]4[C@H]3OC5=C4C=CC(=C5)O)C | CC1(CCC2=C(O1)C=C3C(=C2OC)C=C(C(=O)O3)C4=C(C=C(C=C4)O)O)CO | CC1(C=CC2=C(O1)C=CC(=C2O)C3COC4=C(C3=O)C(=CC(=C4)O)OC)C | CC(=CCC1=C(C=CC2=C1OC(=O)C3=C2OC4=C3C=CC(=C4)O)O)C,苓桂术甘汤 | 温经汤 | 枇杷清肺饮 | 二冬汤 | 桃核承气汤 | 芍药甘草汤 | 半夏泻心汤 | 麦门冬汤 | 温胆汤 | 小续命汤 | 当归饮子 | 泻白散 | 清心莲子饮 | 羌活胜湿汤 | 清金化痰汤 | 金水六君煎 | 清肺汤 | 保元汤 | 半夏白术天麻汤 | 宣郁通经汤 | 异功散 | 泻黄散 | 白术散 | 消乳丸 | 人参五味子汤 | 清宁散 | 竹叶石膏汤 | 麻黄汤 | 当归四逆汤 | 桂枝芍药知母汤 | 当归建中汤 | 升阳益胃汤 | 厚朴温中汤 | 保阴煎 | 固阴煎 | 清骨散 | 达原饮 | 沙参麦冬汤 | 完带汤 | 身痛逐瘀汤 | 散偏汤 | 旋覆代赭汤 | 甘草泻心汤 | 黄连汤 | 橘皮竹茹汤 | 甘姜苓术汤 | 厚朴七物汤 | 温脾汤 | 竹茹汤 | 辛夷散 | 实脾散 | 甘露饮 | 华盖散 | 三痹汤 | 乌药汤 | 大秦艽汤 | 托里消毒散 | 清上蠲痛汤 | 养胃汤 | 石决明散 | 三甲复脉汤 | 蠲痹汤 | 四妙勇安汤 | 除湿胃苓汤 | 清燥救肺汤 | 凉血地黄汤 | 桂枝甘草汤 | 栀子柏皮汤 | 黄芩汤 | 茯苓桂枝甘 草大枣汤 | 柴胡桂枝汤 | 通脉四逆汤 | 桂枝加厚朴杏子汤 | 桂枝麻黄各半汤 | 柴胡桂枝干姜汤 | 桂枝人参汤 | 生姜泻心汤 | 白虎加人参汤 | 调胃承气汤 | 桔梗汤 | 防己黄芪汤 | 苓甘五味姜辛汤 | 防己茯苓汤 | 越婢汤 | 麻黄杏仁薏苡甘草汤 | 瓜蒌桂枝汤 | 生姜甘草汤 | 苏子降气汤 | 香苏散 | 升麻葛根汤 | 平胃散 | 六和汤 | 五虎汤 | 芍药汤 | 门冬清肺饮 | 普济消毒饮子 | 羌活胜风汤 | 牛蒡甘桔汤 | 大补元煎 | 左归饮 | 举元煎 | 茜根散 | 泰山磐石散 | 滋阴降火汤 | 清胃汤 | 调肝汤 | 柴葛解肌汤 | 茵陈术附汤 | 阳和汤 | 柴胡清肝汤 | 地黄饮 | 凉血四物汤 | 膈下逐瘀汤 | 会厌逐瘀汤,"It has the effects of tonifying the spleen and replenishing qi, clearing heat and detoxifying, dispelling phlegm and stopping cough, relieving spasm and alleviating pain, as well as harmonizing the actions of other herbs."
S017,手足拘挛、关节僵硬、麻木刺痛、遇寒加重、风痹游走性疼痛,三痹汤,秦艽（Gentiana Macrophylla Pall）,CC[C@H](CC[C@@H](C)[C@H]1CC[C@@H]2[C@@]1(CC[C@H]3[C@H]2CC=C4[C@@]3(CC[C@@H](C4)O)C)C)C(C)C | CC[C@H](CC[C@@H](C)[C@H]1CC[C@@H]2[C@@]1(CC[C@H]3[C@H]2CC=C4[C@@]3(CC[C@H](C4)O)C)C)C(C)C,清骨散 | 身痛逐瘀汤 | 三痹汤 | 大秦艽汤 | 蠲痹汤,"It has the effects of dispelling wind-dampness, harmonizing blood and relaxing sinews, and clearing heat to promote diuresis."
S017,手足拘挛、关节僵硬、麻木刺痛、遇寒加重、风痹游走性疼痛,三痹汤,地黄(Rehmanniae Radix Praeparata),CCCCC/C=C\C/C=C\CCCCCCCC(=O)O | CC[C@H](CC[C@@H](C)[C@H]1CC[C@@H]2[C@@]1(CC[C@H]3[C@H]2CC=C4[C@@]3(CC[C@H](C4)O)C)C)C(C)C | CO[C@@H]1CC2C([C@H](O1)OC)C3(C(C2O)O3)CO | C[C@@H]1[C@H]([C@H]([C@H]([C@@H](O1)OC[C@@H]2[C@H]([C@@H]([C@H]([C@@H](O2)O[C@H]3[C@H]4[C@H](CCC4=C)C(=CO3)C(=O)OC)O)O)O)O)O)O | CC[C@H](/C=C/[C@@H](C)[C@H]1CC[C@@H]2[C@@]1(CC[C@H]3[C@H]2CC=C4[C@@]3(CC[C@@H](C4)O)C)C)C(C)C,一贯煎 | 桃红四物汤 | 当归饮子 | 百合地黄汤 | 当归六黄汤 | 保阴煎 | 甘露饮 | 三痹汤 | 清胃散 | 圣愈汤 | 大秦艽汤 | 三甲复脉汤 | 益胃汤 | 清肝止淋汤 | 黄连膏 | 凉血地黄汤 | 驻景丸 | 茜根散 | 滋阴降火汤 | 柴葛解肌汤 | 柴胡清肝汤 | 四物消风饮 | 地黄饮 | 凉血四物汤 | 增液承气汤 | 会厌逐瘀汤,"It has the effects of tonifying essence and replenishing marrow, nourishing blood, and supplementing yin."
S017,手足拘挛、关节僵硬、麻木刺痛、遇寒加重、风痹游走性疼痛,三痹汤,川芎(Chuanxiong Rhizoma),CCCCC/C=C\C/C=C\CCCCCCCC(=O)OCC | C1=CC=C2C(=C1)C3=C(N2)C(=NC=C3)C4=CC=C(O4)CO | CC1=CC(=O)C=C(C1=O)C/C=C(\C)/CC/C=C(\C)/CCC=C(C)C | C1=CC(=CC=C1C(=O)N[C@@H](CCC(=O)O)C(=O)O)NCC2=CN=C3C(=N2)C(=O)NC(=N3)N | COC1=C2C=C(CCCCC(=O)CCC3=CC2=C(C=C3)O)C(=C1OC)O,温经汤 | 桃红四物汤 | 小续命汤 | 当归饮子 | 羌活胜湿汤 | 身痛逐瘀汤 | 散偏汤 | 辛夷散 | 三痹汤 | 圣愈汤 | 大秦艽汤 | 托里消毒散 | 清上蠲痛汤 | 蠲痹汤 | 当归散 | 佛手散 | 羌活胜风汤 | 牛蒡甘桔汤 | 泰山磐石散 | 滋阴降火汤 | 柴胡清肝汤 | 四物消风饮 | 凉血四物汤 | 通窍活血汤 | 膈下逐瘀汤,"It has the effects of activating blood circulation, promoting qi movement, dispelling wind, and relieving pain."
S017,手足拘挛、关节僵硬、麻木刺痛、遇寒加重、风痹游走性疼痛,三痹汤,独活（Radix Angelicae Biseratae）,C/C=C(/C)\C(=O)O[C@H](C1=C(C=C2C(=C1)C=CC(=O)O2)OC)[C@H](C(C)(C)O)O | CC(C)CC(=O)O[C@H](C1=C(C=C2C(=C1)C=CC(=O)O2)OC)[C@H](C(C)(C)O)O | CC(=CCOC1=C2C=CC(=O)OC2=CC3=C1C=CO3)C | CC(=O)OC(C)(C)[C@@H]1CC2=C(O1)C=CC3=C2OC(=O)C=C3 | CC(C)([C@H]1CC2=C(O1)C=C3C(=C2)C=CC(=O)O3)O[C@H]4[C@@H]([C@H]([C@@H]([C@H](O4)CO)O)O)O,羌活胜湿汤 | 升阳益胃汤 | 三痹汤 | 大秦艽汤 | 清上蠲痛汤 | 蠲痹汤 | 羌活胜风汤 | 四物消风饮 | 补肾活血汤,"It has the effects of dispelling wind and eliminating dampness, unblocking impediment and relieving pain."
S017,手足拘挛、关节僵硬、麻木刺痛、遇寒加重、风痹游走性疼痛,三痹汤,黄芪（Hedysarum Multijugum Maxim）,CC(=C)[C@@H]1CC[C@]2([C@H]1[C@H]3CC[C@@H]4[C@]5(CC[C@@H](C([C@@H]5CC[C@]4([C@@]3(CC2)C)C)(C)C)O)C)C(=O)O | COC1=CC2=C(C=C1)[C@H]3[C@@H](CO2)C4=C(O3)C(=C(C=C4)OC)OC | COC1=C(C2=C(C=C1)[C@@H]3COC4=C([C@@H]3O2)C=CC(=C4)O)OC | C1=CC(=CC=C1C(=O)N[C@@H](CCC(=O)O)C(=O)O)NCC2=CN=C3C(=N2)C(=O)N=C(N3)N | COC1=C(C(=C(C=C1)[C@H]2CC3=C(C=C(C=C3)O[C@H]4[C@@H]([C@H]([C@@H]([C@H](O4)CO)O)O)O)OC2)O[C@H]5[C@@H]([C@H]([C@@H]([C@H](O5)CO)O)O)O)OC,升陷汤 | 黄芪桂枝五物汤 | 当归饮子 | 清心莲子饮 | 当归补血汤 | 保元汤 | 升阳益胃汤 | 当归六黄汤 | 三痹汤 | 圣愈汤 | 托里消毒散 | 防己黄芪汤 | 防己茯苓汤 | 牡蛎散 | 佛手散 | 门冬清肺饮 | 举元煎 | 泰山磐石散 | 固本止崩汤 | 黄芪汤 | 理冲汤,"It has the effects of tonifying qi to secure the exterior, stopping sweating, expelling toxins, promoting tissue regeneration, and inducing diuresis to reduce swelling."
S018,手足无力、舌强语謇、血虚风动、血弱筋急、风湿引起的痛症,大秦艽汤,独活（Radix Angelicae Biseratae）,C/C=C(/C)\C(=O)O[C@H](C1=C(C=C2C(=C1)C=CC(=O)O2)OC)[C@H](C(C)(C)O)O | CC(C)CC(=O)O[C@H](C1=C(C=C2C(=C1)C=CC(=O)O2)OC)[C@H](C(C)(C)O)O | CC(=CCOC1=C2C=CC(=O)OC2=CC3=C1C=CO3)C | CC(=O)OC(C)(C)[C@@H]1CC2=C(O1)C=CC3=C2OC(=O)C=C3 | CC(C)([C@H]1CC2=C(O1)C=C3C(=C2)C=CC(=O)O3)O[C@H]4[C@@H]([C@H]([C@@H]([C@H](O4)CO)O)O)O,羌活胜湿汤 | 升阳益胃汤 | 三痹汤 | 大秦艽汤 | 清上蠲痛汤 | 蠲痹汤 | 羌活胜风汤 | 四物消风饮 | 补肾活血汤,"It has the effects of dispelling wind and eliminating dampness, unblocking impediment and relieving pain."
S018,手足无力、舌强语謇、血虚风动、血弱筋急、风湿引起的痛症,大秦艽汤,秦艽（Gentiana Macrophylla Pall）,CC[C@H](CC[C@@H](C)[C@H]1CC[C@@H]2[C@@]1(CC[C@H]3[C@H]2CC=C4[C@@]3(CC[C@@H](C4)O)C)C)C(C)C | CC[C@H](CC[C@@H](C)[C@H]1CC[C@@H]2[C@@]1(CC[C@H]3[C@H]2CC=C4[C@@]3(CC[C@H](C4)O)C)C)C(C)C,清骨散 | 身痛逐瘀汤 | 三痹汤 | 大秦艽汤 | 蠲痹汤,"It has the effects of dispelling wind-dampness, harmonizing blood and relaxing sinews, and clearing heat to promote diuresis."
S018,手足无力、舌强语謇、血虚风动、血弱筋急、风湿引起的痛症,大秦艽汤,甘草(licorice ),CC(=CCC1=C(C2=C(C=C1O)OC(=O)C3=C2OC4=C3C=CC(=C4)O)OC)C | CC1(C=CC2=C(O1)C=CC3=C2OC[C@@H]4[C@H]3OC5=C4C=CC(=C5)O)C | CC1(CCC2=C(O1)C=C3C(=C2OC)C=C(C(=O)O3)C4=C(C=C(C=C4)O)O)CO | CC1(C=CC2=C(O1)C=CC(=C2O)C3COC4=C(C3=O)C(=CC(=C4)O)OC)C | CC(=CCC1=C(C=CC2=C1OC(=O)C3=C2OC4=C3C=CC(=C4)O)O)C,苓桂术甘汤 | 温经汤 | 枇杷清肺饮 | 二冬汤 | 桃核承气汤 | 芍药甘草汤 | 半夏泻心汤 | 麦门冬汤 | 温胆汤 | 小续命汤 | 当归饮子 | 泻白散 | 清心莲子饮 | 羌活胜湿汤 | 清金化痰汤 | 金水六君煎 | 清肺汤 | 保元汤 | 半夏白术天麻汤 | 宣郁通经汤 | 异功散 | 泻黄散 | 白术散 | 消乳丸 | 人参五味子汤 | 清宁散 | 竹叶石膏汤 | 麻黄汤 | 当归四逆汤 | 桂枝芍药知母汤 | 当归建中汤 | 升阳益胃汤 | 厚朴温中汤 | 保阴煎 | 固阴煎 | 清骨散 | 达原饮 | 沙参麦冬汤 | 完带汤 | 身痛逐瘀汤 | 散偏汤 | 旋覆代赭汤 | 甘草泻心汤 | 黄连汤 | 橘皮竹茹汤 | 甘姜苓术汤 | 厚朴七物汤 | 温脾汤 | 竹茹汤 | 辛夷散 | 实脾散 | 甘露饮 | 华盖散 | 三痹汤 | 乌药汤 | 大秦艽汤 | 托里消毒散 | 清上蠲痛汤 | 养胃汤 | 石决明散 | 三甲复脉汤 | 蠲痹汤 | 四妙勇安汤 | 除湿胃苓汤 | 清燥救肺汤 | 凉血地黄汤 | 桂枝甘草汤 | 栀子柏皮汤 | 黄芩汤 | 茯苓桂枝甘 草大枣汤 | 柴胡桂枝汤 | 通脉四逆汤 | 桂枝加厚朴杏子汤 | 桂枝麻黄各半汤 | 柴胡桂枝干姜汤 | 桂枝人参汤 | 生姜泻心汤 | 白虎加人参汤 | 调胃承气汤 | 桔梗汤 | 防己黄芪汤 | 苓甘五味姜辛汤 | 防己茯苓汤 | 越婢汤 | 麻黄杏仁薏苡甘草汤 | 瓜蒌桂枝汤 | 生姜甘草汤 | 苏子降气汤 | 香苏散 | 升麻葛根汤 | 平胃散 | 六和汤 | 五虎汤 | 芍药汤 | 门冬清肺饮 | 普济消毒饮子 | 羌活胜风汤 | 牛蒡甘桔汤 | 大补元煎 | 左归饮 | 举元煎 | 茜根散 | 泰山磐石散 | 滋阴降火汤 | 清胃汤 | 调肝汤 | 柴葛解肌汤 | 茵陈术附汤 | 阳和汤 | 柴胡清肝汤 | 地黄饮 | 凉血四物汤 | 膈下逐瘀汤 | 会厌逐瘀汤,"It has the effects of tonifying the spleen and replenishing qi, clearing heat and detoxifying, dispelling phlegm and stopping cough, relieving spasm and alleviating pain, as well as harmonizing the actions of other herbs."
S018,手足无力、舌强语謇、血虚风动、血弱筋急、风湿引起的痛症,大秦艽汤,川芎(Chuanxiong Rhizoma),CCCCC/C=C\C/C=C\CCCCCCCC(=O)OCC | C1=CC=C2C(=C1)C3=C(N2)C(=NC=C3)C4=CC=C(O4)CO | CC1=CC(=O)C=C(C1=O)C/C=C(\C)/CC/C=C(\C)/CCC=C(C)C | C1=CC(=CC=C1C(=O)N[C@@H](CCC(=O)O)C(=O)O)NCC2=CN=C3C(=N2)C(=O)NC(=N3)N | COC1=C2C=C(CCCCC(=O)CCC3=CC2=C(C=C3)O)C(=C1OC)O,温经汤 | 桃红四物汤 | 小续命汤 | 当归饮子 | 羌活胜湿汤 | 身痛逐瘀汤 | 散偏汤 | 辛夷散 | 三痹汤 | 圣愈汤 | 大秦艽汤 | 托里消毒散 | 清上蠲痛汤 | 蠲痹汤 | 当归散 | 佛手散 | 羌活胜风汤 | 牛蒡甘桔汤 | 泰山磐石散 | 滋阴降火汤 | 柴胡清肝汤 | 四物消风饮 | 凉血四物汤 | 通窍活血汤 | 膈下逐瘀汤,"It has the effects of activating blood circulation, promoting qi movement, dispelling wind, and relieving pain."
S018,手足无力、舌强语謇、血虚风动、血弱筋急、风湿引起的痛症,大秦艽汤,当归(Angelicae Sinensis Radix),CC1=CC[C@@]2(CCCC([C@]23[C@H]1C3)(C)C)C | CC[C@H](CC[C@@H](C)[C@H]1CC[C@@H]2[C@@]1(CC[C@H]3[C@H]2CC=C4[C@@]3(CC[C@@H](C4)O)C)C)C(C)C | CC[C@H](/C=C/[C@@H](C)[C@H]1CC[C@@H]2[C@@]1(CC[C@H]3[C@H]2CC=C4[C@@]3(CC[C@@H](C4)O)C)C)C(C)C | C[C@@H]1CC[C@@H]2[C@]13CC=C([C@H](C3)C2(C)C)C | C1=CC=C(C=C1)C2=CC(=S)C=C(S2)C3=CC=CC=C3,温经汤 | 一贯煎 | 桃红四物汤 | 当归饮子 | 当归补血汤 | 金水六君煎 | 济川煎 | 清肺汤 | 宣郁通经汤 | 当归四逆汤 | 当归建中汤 | 当归六黄汤 | 身痛逐瘀汤 | 三痹汤 | 清胃散 | 圣愈汤 | 乌药汤 | 大秦艽汤 | 暖肝煎 | 托里消毒散 | 清上蠲痛汤 | 蠲痹汤 | 清肝止淋汤 | 四妙勇安汤 | 黄连膏 | 凉血地黄汤 | 当归散 | 温脾丸 | 苏子降气汤 | 佛手散 | 芍药汤 | 门冬清肺饮 | 大补元煎 | 泰山磐石散 | 滋阴降火汤 | 清胃汤 | 解郁汤 | 固本止崩汤 | 养精种玉汤 | 定经汤 | 调肝汤 | 柴胡清肝汤 | 四物消风饮 | 地黄饮 | 凉血四物汤 | 滋水清肝饮 | 膈下逐瘀汤 | 会厌逐瘀汤 | 补肾活血汤 | 活络效灵丹,"It has the effects of nourishing blood, promoting blood circulation, regulating menstruation, relieving pain, and moistening intestines to relieve constipation."
S018,手足无力、舌强语謇、血虚风动、血弱筋急、风湿引起的痛症,大秦艽汤,白芍(Paeoniae Radix Alba),C[C@@]12CC(=O)[C@H]3C[C@@]1(O[C@@H]([C@@H]3COC(=O)C4=CC=CC=C4)O2)O | C[C@]12C[C@@]3([C@@H]4C[C@]1([C@@]4([C@H](O2)O3)COC(=O)C5=CC=CC=C5)O[C@H]6[C@@H]([C@H]([C@@H]([C@H](O6)CO)O)O)O)O | C[C@]12C[C@H]([C@@H]3C[C@]1([C@@]3(C(=O)O2)COC(=O)C4=CC=CC=C4)O[C@H]5[C@@H]([C@H]([C@@H]([C@H](O5)CO)O)O)O)O | CC(=C)[C@@H]1CC[C@]2([C@H]1[C@H]3CC[C@@H]4[C@]5(CC[C@@H](C([C@@H]5CC[C@]4([C@@]3(CC2)C)C)(C)C)O)C)C(=O)O,温经汤 | 桃红四物汤 | 芍药甘草汤 | 真武汤 | 黄芪桂枝五物汤 | 小续命汤 | 当归饮子 | 宣郁通经汤 | 当归四逆汤 | 桂枝芍药知母汤 | 当归建中汤 | 升阳益胃汤 | 保阴煎 | 化肝煎 | 达原饮 | 完带汤 | 散偏汤 | 附子汤 | 三痹汤 | 大秦艽汤 | 托里消毒散 | 三甲复脉汤 | 清经散 | 清肝止淋汤 | 两地汤 | 黄芩汤 | 柴胡桂枝汤 | 桂枝加厚朴杏子汤 | 桂枝麻黄各半汤 | 当归散 | 枳实芍药散 | 瓜蒌桂枝汤 | 升麻葛根汤 | 芍药汤 | 门冬清肺饮 | 泰山磐石散 | 滋阴降火汤 | 解郁汤 | 养精种玉汤 | 定经汤 | 调肝汤 | 滋水清肝饮,"It has the effects of pacifying the liver to relieve pain, nourishing blood to regulate menstruation, and astringing yin to stop sweating."
S018,手足无力、舌强语謇、血虚风动、血弱筋急、风湿引起的痛症,大秦艽汤,细辛（Asari Radix Et Rhizoma）,CN1CCC2=CC(=C(C=C2C(=O)CC3=C(C1)C4=C(C=C3)OCO4)OC)OC | C1[C@H]2[C@H](CO[C@@H]2C3=CC4=C(C=C3)OCO4)[C@H](O1)C5=CC6=C(C=C5)OCO6 | C/C=C/CC1=C([C@H](CC1=O)OC(=O)[C@@H]2[C@H](C2(C)C)/C=C(\C)/C(=O)OC)C | COC1=C(C(=C(C=C1)[C@H]2COC3=C(C2=O)C=CC(=C3)O)OC)OC | C1=CC(=CC=C1C2=C(C(=O)C3=C(C=C(C=C3O2)O)O)O)O,当归四逆汤 | 厚朴麻黄汤 | 辛夷散 | 三痹汤 | 大秦艽汤 | 清上蠲痛汤 | 麻黄细辛附子汤 | 大黄附子汤 | 射干麻黄汤 | 苓甘五味姜辛汤 | 温脾丸,"It has the effects of dispelling wind and scattering cold, unblocking orifices to relieve pain, and warming the lungs to transform retained fluid."
S018,手足无力、舌强语謇、血虚风动、血弱筋急、风湿引起的痛症,大秦艽汤,羌活（Notopterygii Rhizoma Et Radix）,C/C(=C\COC1=CC2=C(C=C1)C=CC(=O)O2)/CC[C@@H](C(C)(C)O)O | C/C(=C\COC1=C2C=CC(=O)OC2=CC3=C1C=CO3)/C/C=C/C(C)(C)O | CC(C)([C@H]1CC2=C(O1)C=C3C(=C2)C=CC(=O)O3)O[C@H]4[C@@H]([C@H]([C@@H]([C@H](O4)CO)O)O)O | CC(C)CC(=O)OCC1=CC2=C(C=C1)OCO2,羌活胜湿汤 | 升阳益胃汤 | 身痛逐瘀汤 | 辛夷散 | 大秦艽汤 | 三化汤 | 清上蠲痛汤 | 石决明散 | 蠲痹汤 | 羌活胜风汤,"It has the effects of dispersing cold, dispelling wind, eliminating dampness, and relieving pain."
S018,手足无力、舌强语謇、血虚风动、血弱筋急、风湿引起的痛症,大秦艽汤,防风（Saposhnikoviae Radix）,COC1=C(C=CC(=C1)[C@@H]2[C@H](OC3=C4C(=CC(=C3O2)OC)C=CC(=O)O4)CO)O | C/C=C(\C)/C(=O)O[C@H]1[C@@H](C(OC2=C1C3=C(C=C2)C=CC(=O)O3)(C)C)OC(=O)/C(=C/C)/C | C/C=C(/C)\C(=O)O[C@H]1CC2=C(C=C3C(=C2O)C(=O)C=C(O3)CO)OC1(C)C | CC[C@H](CC[C@@H](C)[C@H]1CC[C@@H]2[C@@]1(CC[C@H]3[C@H]2CC=C4[C@@]3(CC[C@H](C4)O)C)C)C(C)C | CC[C@H](CC[C@@H](C)[C@H]1CC[C@@H]2[C@@]1(CC[C@H]3[C@H]2CC=C4[C@@]3(CC[C@@H](C4)O)C)C)C(C)C,小续命汤 | 当归饮子 | 羌活胜湿汤 | 泻黄散 | 桂枝芍药知母汤 | 升阳益胃汤 | 辛夷散 | 三痹汤 | 大秦艽汤 | 清上蠲痛汤 | 除湿胃苓汤 | 延年薯蓣酒 | 羌活胜风汤 | 清胃汤 | 柴胡清肝汤 | 四物消风饮,"It has the effects of releasing the exterior and dispelling wind, overcoming dampness, and stopping convulsions."
S018,手足无力、舌强语謇、血虚风动、血弱筋急、风湿引起的痛症,大秦艽汤,黄芩(Scutellariae Radix),COC1=CC=CC(=C1C2=CC(=O)C3=C(C(=C(C(=C3O2)OC)OC)OC)O)O | COC1=C(C2=C(C(=C1)O)C(=O)C=C(O2)C3=CC=CC=C3O)OC | COC1=C(C=C(C2=C1OC(=CC2=O)C3=CC=C(C=C3)O)O)O,二冬汤 | 半夏泻心汤 | 小续命汤 | 清心莲子饮 | 清金化痰汤 | 清肺汤 | 宣郁通经汤 | 当归六黄汤 | 保阴煎 | 达原饮 | 甘草泻心汤 | 甘露饮 | 大秦艽汤 | 桑白皮汤 | 清上蠲痛汤 | 凉血地黄汤 | 黄芩汤 | 附子泻心汤 | 柴胡桂枝汤 | 柴胡桂枝干姜汤 | 生姜泻心汤 | 当归散 | 泻心汤 | 芍药汤 | 普济消毒饮子 | 羌活胜风汤 | 茜根散 | 泰山磐石散 | 滋阴降火汤 | 清胃汤 | 柴葛解肌汤 | 柴胡清肝汤 | 凉血四物汤 | 柴胡陷胸汤,"It has the effects of clearing heat and drying dampness, purging fire and detoxifying, stopping bleeding, and preventing miscarriage."
S018,手足无力、舌强语謇、血虚风动、血弱筋急、风湿引起的痛症,大秦艽汤,石膏（Gypsum）,O.O.[O-]S(=O)(=O)[O-].[Ca+2],泻黄散 | 竹叶石膏汤 | 厚朴麻黄汤 | 玉女煎 | 大秦艽汤 | 清燥救肺汤 | 白虎加人参汤 | 越婢汤 | 五虎汤 | 清胃汤,"It has the effects of clearing heat and purging fire, exerting anti-inflammatory and anti-swelling actions, and quenching thirst to promote fluid production."
S018,手足无力、舌强语謇、血虚风动、血弱筋急、风湿引起的痛症,大秦艽汤,白芷（A. Dahurica (Fisch.) Benth. Et Hook ）,CC1([C@H](O1)COC2=C3C(=C(C4=C2OC(=O)C=C4)OC)C=CO3)C | CC1(C(O1)COC2=C3C=COC3=C(C4=C2C=CC(=O)O4)OCC5C(O5)(C)C)C | CC[C@H](/C=C/[C@@H](C)[C@H]1CC[C@@H]2[C@@]1(CC[C@H]3[C@H]2CC=C4[C@@]3(CC[C@@H](C4)O)C)C)C(C)C | CCCC[C@@H](CC)COC(=O)C1=CC=CC=C1C(=O)OC[C@H](CC)CCCC,散偏汤 | 辛夷散 | 大秦艽汤 | 托里消毒散 | 清上蠲痛汤 | 羌活胜风汤,"It has the effects of dispersing wind and eliminating dampness, unblocking orifices to relieve pain, and reducing swelling to drain pus."
S018,手足无力、舌强语謇、血虚风动、血弱筋急、风湿引起的痛症,大秦艽汤,白术(Atractylodes Macrocephala Koidz),C[C@@H]1CC[C@@]2(CC[C@@]3(C(=CC[C@H]4[C@]3(CC[C@@H]5[C@@]4(CC[C@@H](C5(C)C)O)C)C)[C@@H]2[C@H]1C)C)C | CC1=COC2=C1C[C@H]3C(=C)[C@H](CC[C@@]3(C2)C)OC(=O)C | CCC[C@@H](CC[C@@H](C)[C@H]1CC[C@@H]2[C@@]1(CC[C@H]3[C@H]2CC=C4[C@@]3(CC[C@@H](C4)O)C)C)C(C)C | CCO[C@]12C[C@]3(CCCC(=C)[C@@H]3CC1=C(C(=O)O2)C)C,苓桂术甘汤 | 真武汤 | 半夏白术天麻汤 | 异功散 | 白术散 | 人参五味子汤 | 桂枝芍药知母汤 | 升阳益胃汤 | 完带汤 | 附子汤 | 泽泻汤 | 甘姜苓术汤 | 实脾散 | 大秦艽汤 | 托里消毒散 | 除湿胃苓汤 | 桂枝人参汤 | 当归散 | 防己黄芪汤 | 延年薯蓣酒 | 羌活胜风汤 | 举元煎 | 泰山磐石散 | 解郁汤 | 固本止崩汤 | 茵陈术附汤 | 理冲汤,"It has the effects of strengthening the spleen and tonifying qi, drying dampness and promoting diuresis, stopping sweating, and preventing miscarriage."
S018,手足无力、舌强语謇、血虚风动、血弱筋急、风湿引起的痛症,大秦艽汤,地黄(Rehmanniae Radix Praeparata),CCCCC/C=C\C/C=C\CCCCCCCC(=O)O | CC[C@H](CC[C@@H](C)[C@H]1CC[C@@H]2[C@@]1(CC[C@H]3[C@H]2CC=C4[C@@]3(CC[C@H](C4)O)C)C)C(C)C | CO[C@@H]1CC2C([C@H](O1)OC)C3(C(C2O)O3)CO | C[C@@H]1[C@H]([C@H]([C@H]([C@@H](O1)OC[C@@H]2[C@H]([C@@H]([C@H]([C@@H](O2)O[C@H]3[C@H]4[C@H](CCC4=C)C(=CO3)C(=O)OC)O)O)O)O)O)O | CC[C@H](/C=C/[C@@H](C)[C@H]1CC[C@@H]2[C@@]1(CC[C@H]3[C@H]2CC=C4[C@@]3(CC[C@@H](C4)O)C)C)C(C)C,一贯煎 | 桃红四物汤 | 当归饮子 | 百合地黄汤 | 当归六黄汤 | 保阴煎 | 甘露饮 | 三痹汤 | 清胃散 | 圣愈汤 | 大秦艽汤 | 三甲复脉汤 | 益胃汤 | 清肝止淋汤 | 黄连膏 | 凉血地黄汤 | 驻景丸 | 茜根散 | 滋阴降火汤 | 柴葛解肌汤 | 柴胡清肝汤 | 四物消风饮 | 地黄饮 | 凉血四物汤 | 增液承气汤 | 会厌逐瘀汤,"It has the effects of tonifying essence and replenishing marrow, nourishing blood, and supplementing yin."
S018,手足无力、舌强语謇、血虚风动、血弱筋急、风湿引起的痛症,大秦艽汤,熟地黄（Rehmanniae Radix Praeparata）,CC[C@H](CC[C@@H](C)[C@H]1CC[C@@H]2[C@@]1(CC[C@H]3[C@H]2CC=C4[C@@]3(CC[C@H](C4)O)C)C)C(C)C | CC[C@H](/C=C/[C@@H](C)[C@H]1CC[C@@H]2[C@@]1(CC[C@H]3[C@H]2CC=C4[C@@]3(CC[C@@H](C4)O)C)C)C(C)C,地黄饮子 | 金水六君煎 | 当归六黄汤 | 玉女煎 | 保阴煎 | 固阴煎 | 甘露饮 | 圣愈汤 | 大秦艽汤 | 清经散 | 驻景丸 | 大补元煎 | 左归饮 | 泰山磐石散 | 滋阴降火汤 | 固本止崩汤 | 养精种玉汤 | 定经汤 | 阳和汤 | 地黄饮 | 滋水清肝饮 | 补肾活血汤,"It has the effects of tonifying essence and replenishing marrow, nourishing blood, and supplementing yin."
S018,手足无力、舌强语謇、血虚风动、血弱筋急、风湿引起的痛症,大秦艽汤,茯苓（Poria Cocos(Schw.) Wolf ）,CC(=CCC[C@H]([C@H]1CC[C@@]2([C@@]1(CCC3=C2CC[C@@H]4[C@@]3(CC[C@@H](C4(C)C)O)C)C)C)C(=O)O)C | C[C@H](/C=C/[C@H](C)C(C)C)[C@H]1CC[C@@H]2[C@@]1(CC[C@H]3C2=CC[C@@H]4[C@@]3(CC[C@@H](C4)O)C)C | C[C@H](/C=C/[C@H](C)C(C)C)[C@H]1CC[C@@H]2[C@@]1(CC[C@H]3[C@]24C=C[C@@]5([C@@]3(CC[C@@H](C5)O)C)OO4)C | CC(C)C(=C)CC[C@H]([C@H]1CC[C@@]2([C@@]1(CCC3=C2CC[C@@H]4[C@@]3(CC[C@@H](C4(C)C)O)C)C)C)C(=O)O | CC(C)C(=C)CC[C@H]([C@H]1CC[C@@]2([C@@]1(CC=C3C2=CC[C@@H]4[C@@]3(CC[C@@H](C4(C)C)O)C)C)C)C(=O)O,苓桂术甘汤 | 真武汤 | 开心散 | 清心莲子饮 | 地黄饮子 | 清金化痰汤 | 金水六君煎 | 清肺汤 | 半夏白术天麻汤 | 异功散 | 白术散 | 人参五味子汤 | 半夏厚朴汤 | 升阳益胃汤 | 厚朴温中汤 | 猪苓汤 | 附子汤 | 甘姜苓术汤 | 实脾散 | 三痹汤 | 大秦艽汤 | 暖肝煎 | 托里消毒散 | 养胃汤 | 清经散 | 茯苓桂枝甘 草大枣汤 | 小半夏加茯苓汤 | 苓甘五味姜辛汤 | 防己茯苓汤 | 六和汤 | 导痰汤 | 左归饮 | 解郁汤 | 定经汤 | 滋水清肝饮,"It has the effects of promoting diuresis and draining dampness, strengthening the spleen and harmonizing the stomach, as well as calming the heart and tranquilizing the mind."
S019,痈疽已成(局部红肿热痛)、正虚毒恋、脾胃虚弱、元气不足、心悸不安,托里消毒散,人参(Panax Ginseng C. A. Mey.),C1[C@H]2[C@@H](C3=C(O1)C=C(C=C3)O)OC4=CC5=C(C=C24)OCO5 | C1CCN(CCCNC(=O)C[C@H](NC1)C2=CC=CC=C2)C(=O)C3=CC=CC=C3 | C1=CC=C2C(=C1)C3=C(C(=O)C4=CC=CC=C4O3)C(=O)O2 | CC1=CC2=C(C3=C1OC(C=C3)(C)C)NC4=CC=CC=C42 | COC1=C(C=C(C=C1)C[C@@H]\2COC(=O)/C2=C/C3=CC4=C(C=C3)OCO4)OC,温经汤 | 枇杷清肺饮 | 二冬汤 | 半夏泻心汤 | 大建中汤 | 麦门冬汤 | 小续命汤 | 开心散 | 清心莲子饮 | 保元汤 | 异功散 | 白术散 | 人参五味子汤 | 竹叶石膏汤 | 升阳益胃汤 | 固阴煎 | 完带汤 | 旋覆代赭汤 | 吴茱萸汤 | 黄连汤 | 附子汤 | 橘皮竹茹汤 | 温脾汤 | 三痹汤 | 圣愈汤 | 托里消毒散 | 养胃汤 | 丁香柿蒂散 | 清燥救肺汤 | 柴胡桂枝汤 | 桂枝人参汤 | 生姜泻心汤 | 白虎加人参汤 | 生姜甘草汤 | 延年薯蓣酒 | 六和汤 | 门冬清肺饮 | 普济消毒饮子 | 大补元煎 | 举元煎 | 泰山磐石散 | 解郁汤 | 固本止崩汤,"It has the effects of greatly tonifying primordial qi, restoring pulses and securing collapse, tonifying the spleen and nourishing the lungs, promoting fluid production, and tranquilizing the mind."
S019,痈疽已成(局部红肿热痛)、正虚毒恋、脾胃虚弱、元气不足、心悸不安,托里消毒散,川芎(Chuanxiong Rhizoma),CCCCC/C=C\C/C=C\CCCCCCCC(=O)OCC | C1=CC=C2C(=C1)C3=C(N2)C(=NC=C3)C4=CC=C(O4)CO | CC1=CC(=O)C=C(C1=O)C/C=C(\C)/CC/C=C(\C)/CCC=C(C)C | C1=CC(=CC=C1C(=O)N[C@@H](CCC(=O)O)C(=O)O)NCC2=CN=C3C(=N2)C(=O)NC(=N3)N | COC1=C2C=C(CCCCC(=O)CCC3=CC2=C(C=C3)O)C(=C1OC)O,温经汤 | 桃红四物汤 | 小续命汤 | 当归饮子 | 羌活胜湿汤 | 身痛逐瘀汤 | 散偏汤 | 辛夷散 | 三痹汤 | 圣愈汤 | 大秦艽汤 | 托里消毒散 | 清上蠲痛汤 | 蠲痹汤 | 当归散 | 佛手散 | 羌活胜风汤 | 牛蒡甘桔汤 | 泰山磐石散 | 滋阴降火汤 | 柴胡清肝汤 | 四物消风饮 | 凉血四物汤 | 通窍活血汤 | 膈下逐瘀汤,"It has the effects of activating blood circulation, promoting qi movement, dispelling wind, and relieving pain."
S019,痈疽已成(局部红肿热痛)、正虚毒恋、脾胃虚弱、元气不足、心悸不安,托里消毒散,白芍(Paeoniae Radix Alba),C[C@@]12CC(=O)[C@H]3C[C@@]1(O[C@@H]([C@@H]3COC(=O)C4=CC=CC=C4)O2)O | C[C@]12C[C@@]3([C@@H]4C[C@]1([C@@]4([C@H](O2)O3)COC(=O)C5=CC=CC=C5)O[C@H]6[C@@H]([C@H]([C@@H]([C@H](O6)CO)O)O)O)O | C[C@]12C[C@H]([C@@H]3C[C@]1([C@@]3(C(=O)O2)COC(=O)C4=CC=CC=C4)O[C@H]5[C@@H]([C@H]([C@@H]([C@H](O5)CO)O)O)O)O | CC(=C)[C@@H]1CC[C@]2([C@H]1[C@H]3CC[C@@H]4[C@]5(CC[C@@H](C([C@@H]5CC[C@]4([C@@]3(CC2)C)C)(C)C)O)C)C(=O)O,温经汤 | 桃红四物汤 | 芍药甘草汤 | 真武汤 | 黄芪桂枝五物汤 | 小续命汤 | 当归饮子 | 宣郁通经汤 | 当归四逆汤 | 桂枝芍药知母汤 | 当归建中汤 | 升阳益胃汤 | 保阴煎 | 化肝煎 | 达原饮 | 完带汤 | 散偏汤 | 附子汤 | 三痹汤 | 大秦艽汤 | 托里消毒散 | 三甲复脉汤 | 清经散 | 清肝止淋汤 | 两地汤 | 黄芩汤 | 柴胡桂枝汤 | 桂枝加厚朴杏子汤 | 桂枝麻黄各半汤 | 当归散 | 枳实芍药散 | 瓜蒌桂枝汤 | 升麻葛根汤 | 芍药汤 | 门冬清肺饮 | 泰山磐石散 | 滋阴降火汤 | 解郁汤 | 养精种玉汤 | 定经汤 | 调肝汤 | 滋水清肝饮,"It has the effects of pacifying the liver to relieve pain, nourishing blood to regulate menstruation, and astringing yin to stop sweating."
S019,痈疽已成(局部红肿热痛)、正虚毒恋、脾胃虚弱、元气不足、心悸不安,托里消毒散,当归(Angelicae Sinensis Radix),CC1=CC[C@@]2(CCCC([C@]23[C@H]1C3)(C)C)C | CC[C@H](CC[C@@H](C)[C@H]1CC[C@@H]2[C@@]1(CC[C@H]3[C@H]2CC=C4[C@@]3(CC[C@@H](C4)O)C)C)C(C)C | CC[C@H](/C=C/[C@@H](C)[C@H]1CC[C@@H]2[C@@]1(CC[C@H]3[C@H]2CC=C4[C@@]3(CC[C@@H](C4)O)C)C)C(C)C | C[C@@H]1CC[C@@H]2[C@]13CC=C([C@H](C3)C2(C)C)C | C1=CC=C(C=C1)C2=CC(=S)C=C(S2)C3=CC=CC=C3,温经汤 | 一贯煎 | 桃红四物汤 | 当归饮子 | 当归补血汤 | 金水六君煎 | 济川煎 | 清肺汤 | 宣郁通经汤 | 当归四逆汤 | 当归建中汤 | 当归六黄汤 | 身痛逐瘀汤 | 三痹汤 | 清胃散 | 圣愈汤 | 乌药汤 | 大秦艽汤 | 暖肝煎 | 托里消毒散 | 清上蠲痛汤 | 蠲痹汤 | 清肝止淋汤 | 四妙勇安汤 | 黄连膏 | 凉血地黄汤 | 当归散 | 温脾丸 | 苏子降气汤 | 佛手散 | 芍药汤 | 门冬清肺饮 | 大补元煎 | 泰山磐石散 | 滋阴降火汤 | 清胃汤 | 解郁汤 | 固本止崩汤 | 养精种玉汤 | 定经汤 | 调肝汤 | 柴胡清肝汤 | 四物消风饮 | 地黄饮 | 凉血四物汤 | 滋水清肝饮 | 膈下逐瘀汤 | 会厌逐瘀汤 | 补肾活血汤 | 活络效灵丹,"It has the effects of nourishing blood, promoting blood circulation, regulating menstruation, relieving pain, and moistening intestines to relieve constipation."
S019,痈疽已成(局部红肿热痛)、正虚毒恋、脾胃虚弱、元气不足、心悸不安,托里消毒散,黄芪（Hedysarum Multijugum Maxim）,CC(=C)[C@@H]1CC[C@]2([C@H]1[C@H]3CC[C@@H]4[C@]5(CC[C@@H](C([C@@H]5CC[C@]4([C@@]3(CC2)C)C)(C)C)O)C)C(=O)O | COC1=CC2=C(C=C1)[C@H]3[C@@H](CO2)C4=C(O3)C(=C(C=C4)OC)OC | COC1=C(C2=C(C=C1)[C@@H]3COC4=C([C@@H]3O2)C=CC(=C4)O)OC | C1=CC(=CC=C1C(=O)N[C@@H](CCC(=O)O)C(=O)O)NCC2=CN=C3C(=N2)C(=O)N=C(N3)N | COC1=C(C(=C(C=C1)[C@H]2CC3=C(C=C(C=C3)O[C@H]4[C@@H]([C@H]([C@@H]([C@H](O4)CO)O)O)O)OC2)O[C@H]5[C@@H]([C@H]([C@@H]([C@H](O5)CO)O)O)O)OC,升陷汤 | 黄芪桂枝五物汤 | 当归饮子 | 清心莲子饮 | 当归补血汤 | 保元汤 | 升阳益胃汤 | 当归六黄汤 | 三痹汤 | 圣愈汤 | 托里消毒散 | 防己黄芪汤 | 防己茯苓汤 | 牡蛎散 | 佛手散 | 门冬清肺饮 | 举元煎 | 泰山磐石散 | 固本止崩汤 | 黄芪汤 | 理冲汤,"It has the effects of tonifying qi to secure the exterior, stopping sweating, expelling toxins, promoting tissue regeneration, and inducing diuresis to reduce swelling."
S019,痈疽已成(局部红肿热痛)、正虚毒恋、脾胃虚弱、元气不足、心悸不安,托里消毒散,白术(Atractylodes Macrocephala Koidz),C[C@@H]1CC[C@@]2(CC[C@@]3(C(=CC[C@H]4[C@]3(CC[C@@H]5[C@@]4(CC[C@@H](C5(C)C)O)C)C)[C@@H]2[C@H]1C)C)C | CC1=COC2=C1C[C@H]3C(=C)[C@H](CC[C@@]3(C2)C)OC(=O)C | CCC[C@@H](CC[C@@H](C)[C@H]1CC[C@@H]2[C@@]1(CC[C@H]3[C@H]2CC=C4[C@@]3(CC[C@@H](C4)O)C)C)C(C)C | CCO[C@]12C[C@]3(CCCC(=C)[C@@H]3CC1=C(C(=O)O2)C)C,苓桂术甘汤 | 真武汤 | 半夏白术天麻汤 | 异功散 | 白术散 | 人参五味子汤 | 桂枝芍药知母汤 | 升阳益胃汤 | 完带汤 | 附子汤 | 泽泻汤 | 甘姜苓术汤 | 实脾散 | 大秦艽汤 | 托里消毒散 | 除湿胃苓汤 | 桂枝人参汤 | 当归散 | 防己黄芪汤 | 延年薯蓣酒 | 羌活胜风汤 | 举元煎 | 泰山磐石散 | 解郁汤 | 固本止崩汤 | 茵陈术附汤 | 理冲汤,"It has the effects of strengthening the spleen and tonifying qi, drying dampness and promoting diuresis, stopping sweating, and preventing miscarriage."
S019,痈疽已成(局部红肿热痛)、正虚毒恋、脾胃虚弱、元气不足、心悸不安,托里消毒散,茯苓（Poria Cocos(Schw.) Wolf ）,CC(=CCC[C@H]([C@H]1CC[C@@]2([C@@]1(CCC3=C2CC[C@@H]4[C@@]3(CC[C@@H](C4(C)C)O)C)C)C)C(=O)O)C | C[C@H](/C=C/[C@H](C)C(C)C)[C@H]1CC[C@@H]2[C@@]1(CC[C@H]3C2=CC[C@@H]4[C@@]3(CC[C@@H](C4)O)C)C | C[C@H](/C=C/[C@H](C)C(C)C)[C@H]1CC[C@@H]2[C@@]1(CC[C@H]3[C@]24C=C[C@@]5([C@@]3(CC[C@@H](C5)O)C)OO4)C | CC(C)C(=C)CC[C@H]([C@H]1CC[C@@]2([C@@]1(CCC3=C2CC[C@@H]4[C@@]3(CC[C@@H](C4(C)C)O)C)C)C)C(=O)O | CC(C)C(=C)CC[C@H]([C@H]1CC[C@@]2([C@@]1(CC=C3C2=CC[C@@H]4[C@@]3(CC[C@@H](C4(C)C)O)C)C)C)C(=O)O,苓桂术甘汤 | 真武汤 | 开心散 | 清心莲子饮 | 地黄饮子 | 清金化痰汤 | 金水六君煎 | 清肺汤 | 半夏白术天麻汤 | 异功散 | 白术散 | 人参五味子汤 | 半夏厚朴汤 | 升阳益胃汤 | 厚朴温中汤 | 猪苓汤 | 附子汤 | 甘姜苓术汤 | 实脾散 | 三痹汤 | 大秦艽汤 | 暖肝煎 | 托里消毒散 | 养胃汤 | 清经散 | 茯苓桂枝甘 草大枣汤 | 小半夏加茯苓汤 | 苓甘五味姜辛汤 | 防己茯苓汤 | 六和汤 | 导痰汤 | 左归饮 | 解郁汤 | 定经汤 | 滋水清肝饮,"It has the effects of promoting diuresis and draining dampness, strengthening the spleen and harmonizing the stomach, as well as calming the heart and tranquilizing the mind."
S019,痈疽已成(局部红肿热痛)、正虚毒恋、脾胃虚弱、元气不足、心悸不安,托里消毒散,金银花（Lonicerae Japonicae Flos）,CC1=C(C(CCC1)(C)C)/C=C/C(=C/C=C/C(=C/C=C/C=C(\C)/C=C/C=C(\C)/C=C/C2=C(C[C@H](CC2(C)C)O)C)/C)/C | COC1C[C@H]2[C@H]([C@@H](OC=C2C(=O)O1)O[C@H]3[C@@H]([C@H]([C@@H]([C@H](O3)CO)O)O)O)C=C | COC1=C(C=C(C=C1)C[C@H]2COC(=O)[C@@H]2CC3=CC(=C(C=C3)OC)OC)OC | C1=CC(=C(C=C1C2=C(C(=O)C3=C(C=C(C=C3O2)O)O)O)O)O,五味消毒饮 | 托里消毒散 | 新加香薷饮 | 四妙勇安汤,"It has the effects of clearing heat and detoxifying, and cooling-dispersing wind-heat."
S019,痈疽已成(局部红肿热痛)、正虚毒恋、脾胃虚弱、元气不足、心悸不安,托里消毒散,白芷（A. Dahurica (Fisch.) Benth. Et Hook ）,CC1([C@H](O1)COC2=C3C(=C(C4=C2OC(=O)C=C4)OC)C=CO3)C | CC1(C(O1)COC2=C3C=COC3=C(C4=C2C=CC(=O)O4)OCC5C(O5)(C)C)C | CC[C@H](/C=C/[C@@H](C)[C@H]1CC[C@@H]2[C@@]1(CC[C@H]3[C@H]2CC=C4[C@@]3(CC[C@@H](C4)O)C)C)C(C)C | CCCC[C@@H](CC)COC(=O)C1=CC=CC=C1C(=O)OC[C@H](CC)CCCC,散偏汤 | 辛夷散 | 大秦艽汤 | 托里消毒散 | 清上蠲痛汤 | 羌活胜风汤,"It has the effects of dispersing wind and eliminating dampness, unblocking orifices to relieve pain, and reducing swelling to drain pus."
S019,痈疽已成(局部红肿热痛)、正虚毒恋、脾胃虚弱、元气不足、心悸不安,托里消毒散,甘草(licorice ),CC(=CCC1=C(C2=C(C=C1O)OC(=O)C3=C2OC4=C3C=CC(=C4)O)OC)C | CC1(C=CC2=C(O1)C=CC3=C2OC[C@@H]4[C@H]3OC5=C4C=CC(=C5)O)C | CC1(CCC2=C(O1)C=C3C(=C2OC)C=C(C(=O)O3)C4=C(C=C(C=C4)O)O)CO | CC1(C=CC2=C(O1)C=CC(=C2O)C3COC4=C(C3=O)C(=CC(=C4)O)OC)C | CC(=CCC1=C(C=CC2=C1OC(=O)C3=C2OC4=C3C=CC(=C4)O)O)C,苓桂术甘汤 | 温经汤 | 枇杷清肺饮 | 二冬汤 | 桃核承气汤 | 芍药甘草汤 | 半夏泻心汤 | 麦门冬汤 | 温胆汤 | 小续命汤 | 当归饮子 | 泻白散 | 清心莲子饮 | 羌活胜湿汤 | 清金化痰汤 | 金水六君煎 | 清肺汤 | 保元汤 | 半夏白术天麻汤 | 宣郁通经汤 | 异功散 | 泻黄散 | 白术散 | 消乳丸 | 人参五味子汤 | 清宁散 | 竹叶石膏汤 | 麻黄汤 | 当归四逆汤 | 桂枝芍药知母汤 | 当归建中汤 | 升阳益胃汤 | 厚朴温中汤 | 保阴煎 | 固阴煎 | 清骨散 | 达原饮 | 沙参麦冬汤 | 完带汤 | 身痛逐瘀汤 | 散偏汤 | 旋覆代赭汤 | 甘草泻心汤 | 黄连汤 | 橘皮竹茹汤 | 甘姜苓术汤 | 厚朴七物汤 | 温脾汤 | 竹茹汤 | 辛夷散 | 实脾散 | 甘露饮 | 华盖散 | 三痹汤 | 乌药汤 | 大秦艽汤 | 托里消毒散 | 清上蠲痛汤 | 养胃汤 | 石决明散 | 三甲复脉汤 | 蠲痹汤 | 四妙勇安汤 | 除湿胃苓汤 | 清燥救肺汤 | 凉血地黄汤 | 桂枝甘草汤 | 栀子柏皮汤 | 黄芩汤 | 茯苓桂枝甘 草大枣汤 | 柴胡桂枝汤 | 通脉四逆汤 | 桂枝加厚朴杏子汤 | 桂枝麻黄各半汤 | 柴胡桂枝干姜汤 | 桂枝人参汤 | 生姜泻心汤 | 白虎加人参汤 | 调胃承气汤 | 桔梗汤 | 防己黄芪汤 | 苓甘五味姜辛汤 | 防己茯苓汤 | 越婢汤 | 麻黄杏仁薏苡甘草汤 | 瓜蒌桂枝汤 | 生姜甘草汤 | 苏子降气汤 | 香苏散 | 升麻葛根汤 | 平胃散 | 六和汤 | 五虎汤 | 芍药汤 | 门冬清肺饮 | 普济消毒饮子 | 羌活胜风汤 | 牛蒡甘桔汤 | 大补元煎 | 左归饮 | 举元煎 | 茜根散 | 泰山磐石散 | 滋阴降火汤 | 清胃汤 | 调肝汤 | 柴葛解肌汤 | 茵陈术附汤 | 阳和汤 | 柴胡清肝汤 | 地黄饮 | 凉血四物汤 | 膈下逐瘀汤 | 会厌逐瘀汤,"It has the effects of tonifying the spleen and replenishing qi, clearing heat and detoxifying, dispelling phlegm and stopping cough, relieving spasm and alleviating pain, as well as harmonizing the actions of other herbs."
S019,痈疽已成(局部红肿热痛)、正虚毒恋、脾胃虚弱、元气不足、心悸不安,托里消毒散,皂角刺（Gleditsiae Spina）,C1=CC(=C(C=C1C2=C(C(=O)C3=C(O2)C=C(C=C3)O)O)O)O | C1=CC(=C(C=C1[C@@H]2[C@H](C(=O)C3=C(O2)C=C(C=C3)O)O)O)O | C1[C@@H](OC2=CC(=CC(=C2C1=O)O)O)C3=CC(=C(C=C3)O)O | C1=CC(=CC=C1C2=C(C(=O)C3=C(C=C(C=C3O2)O)O)O)O | C1=CC(=C(C=C1C2=C(C(=O)C3=C(C=C(C=C3O2)O)O)O)O)O,托里消毒散,"It has the effects of reducing swelling, killing parasites, and draining pus."
S019,痈疽已成(局部红肿热痛)、正虚毒恋、脾胃虚弱、元气不足、心悸不安,托里消毒散,桔梗（Platycodon Grandiforus）,CC[C@H](/C=C/[C@@H](C)[C@H]1CC[C@@H]2[C@@]1(CC[C@H]3C2=CC[C@@H]4[C@@]3(CC[C@@H](C4)O)C)C)C(C)C | C1=CC(=C(C=C1[C@H]2[C@H](C(=O)C3=C(C=C(C=C3O2)O)O)O)O)O | C[C@H]1[C@@H]([C@H]([C@H]([C@@H](O1)OC[C@@H]2[C@@H]([C@@H]([C@H]([C@@H](O2)OC3=C(OC4=CC(=CC(=C4C3=O)O)O[C@H]5[C@@H]([C@@H]([C@H]([C@@H](O5)C)O)O)O)C6=CC=C(C=C6)O)O)O)O)O)O)O,升陷汤 | 清金化痰汤 | 清肺汤 | 托里消毒散 | 桔梗汤 | 普济消毒饮子 | 羌活胜风汤 | 牛蒡甘桔汤 | 柴胡陷胸汤 | 会厌逐瘀汤,"It has the effects of diffusing the lungs, relieving sore throat, eliminating phlegm, and draining pus."
S020,全头疼痛、风邪为患、气血失调、血虚、痛经,清上蠲痛汤,当归(Angelicae Sinensis Radix),CC1=CC[C@@]2(CCCC([C@]23[C@H]1C3)(C)C)C | CC[C@H](CC[C@@H](C)[C@H]1CC[C@@H]2[C@@]1(CC[C@H]3[C@H]2CC=C4[C@@]3(CC[C@@H](C4)O)C)C)C(C)C | CC[C@H](/C=C/[C@@H](C)[C@H]1CC[C@@H]2[C@@]1(CC[C@H]3[C@H]2CC=C4[C@@]3(CC[C@@H](C4)O)C)C)C(C)C | C[C@@H]1CC[C@@H]2[C@]13CC=C([C@H](C3)C2(C)C)C | C1=CC=C(C=C1)C2=CC(=S)C=C(S2)C3=CC=CC=C3,温经汤 | 一贯煎 | 桃红四物汤 | 当归饮子 | 当归补血汤 | 金水六君煎 | 济川煎 | 清肺汤 | 宣郁通经汤 | 当归四逆汤 | 当归建中汤 | 当归六黄汤 | 身痛逐瘀汤 | 三痹汤 | 清胃散 | 圣愈汤 | 乌药汤 | 大秦艽汤 | 暖肝煎 | 托里消毒散 | 清上蠲痛汤 | 蠲痹汤 | 清肝止淋汤 | 四妙勇安汤 | 黄连膏 | 凉血地黄汤 | 当归散 | 温脾丸 | 苏子降气汤 | 佛手散 | 芍药汤 | 门冬清肺饮 | 大补元煎 | 泰山磐石散 | 滋阴降火汤 | 清胃汤 | 解郁汤 | 固本止崩汤 | 养精种玉汤 | 定经汤 | 调肝汤 | 柴胡清肝汤 | 四物消风饮 | 地黄饮 | 凉血四物汤 | 滋水清肝饮 | 膈下逐瘀汤 | 会厌逐瘀汤 | 补肾活血汤 | 活络效灵丹,"It has the effects of nourishing blood, promoting blood circulation, regulating menstruation, relieving pain, and moistening intestines to relieve constipation."
S020,全头疼痛、风邪为患、气血失调、血虚、痛经,清上蠲痛汤,川芎(Chuanxiong Rhizoma),CCCCC/C=C\C/C=C\CCCCCCCC(=O)OCC | C1=CC=C2C(=C1)C3=C(N2)C(=NC=C3)C4=CC=C(O4)CO | CC1=CC(=O)C=C(C1=O)C/C=C(\C)/CC/C=C(\C)/CCC=C(C)C | C1=CC(=CC=C1C(=O)N[C@@H](CCC(=O)O)C(=O)O)NCC2=CN=C3C(=N2)C(=O)NC(=N3)N | COC1=C2C=C(CCCCC(=O)CCC3=CC2=C(C=C3)O)C(=C1OC)O,温经汤 | 桃红四物汤 | 小续命汤 | 当归饮子 | 羌活胜湿汤 | 身痛逐瘀汤 | 散偏汤 | 辛夷散 | 三痹汤 | 圣愈汤 | 大秦艽汤 | 托里消毒散 | 清上蠲痛汤 | 蠲痹汤 | 当归散 | 佛手散 | 羌活胜风汤 | 牛蒡甘桔汤 | 泰山磐石散 | 滋阴降火汤 | 柴胡清肝汤 | 四物消风饮 | 凉血四物汤 | 通窍活血汤 | 膈下逐瘀汤,"It has the effects of activating blood circulation, promoting qi movement, dispelling wind, and relieving pain."
S020,全头疼痛、风邪为患、气血失调、血虚、痛经,清上蠲痛汤,白芷（A. Dahurica (Fisch.) Benth. Et Hook ）,CC1([C@H](O1)COC2=C3C(=C(C4=C2OC(=O)C=C4)OC)C=CO3)C | CC1(C(O1)COC2=C3C=COC3=C(C4=C2C=CC(=O)O4)OCC5C(O5)(C)C)C | CC[C@H](/C=C/[C@@H](C)[C@H]1CC[C@@H]2[C@@]1(CC[C@H]3[C@H]2CC=C4[C@@]3(CC[C@@H](C4)O)C)C)C(C)C | CCCC[C@@H](CC)COC(=O)C1=CC=CC=C1C(=O)OC[C@H](CC)CCCC,散偏汤 | 辛夷散 | 大秦艽汤 | 托里消毒散 | 清上蠲痛汤 | 羌活胜风汤,"It has the effects of dispersing wind and eliminating dampness, unblocking orifices to relieve pain, and reducing swelling to drain pus."
S020,全头疼痛、风邪为患、气血失调、血虚、痛经,清上蠲痛汤,细辛（Asari Radix Et Rhizoma）,CN1CCC2=CC(=C(C=C2C(=O)CC3=C(C1)C4=C(C=C3)OCO4)OC)OC | C1[C@H]2[C@H](CO[C@@H]2C3=CC4=C(C=C3)OCO4)[C@H](O1)C5=CC6=C(C=C5)OCO6 | C/C=C/CC1=C([C@H](CC1=O)OC(=O)[C@@H]2[C@H](C2(C)C)/C=C(\C)/C(=O)OC)C | COC1=C(C(=C(C=C1)[C@H]2COC3=C(C2=O)C=CC(=C3)O)OC)OC | C1=CC(=CC=C1C2=C(C(=O)C3=C(C=C(C=C3O2)O)O)O)O,当归四逆汤 | 厚朴麻黄汤 | 辛夷散 | 三痹汤 | 大秦艽汤 | 清上蠲痛汤 | 麻黄细辛附子汤 | 大黄附子汤 | 射干麻黄汤 | 苓甘五味姜辛汤 | 温脾丸,"It has the effects of dispelling wind and scattering cold, unblocking orifices to relieve pain, and warming the lungs to transform retained fluid."
S020,全头疼痛、风邪为患、气血失调、血虚、痛经,清上蠲痛汤,羌活（Notopterygii Rhizoma Et Radix）,C/C(=C\COC1=CC2=C(C=C1)C=CC(=O)O2)/CC[C@@H](C(C)(C)O)O | C/C(=C\COC1=C2C=CC(=O)OC2=CC3=C1C=CO3)/C/C=C/C(C)(C)O | CC(C)([C@H]1CC2=C(O1)C=C3C(=C2)C=CC(=O)O3)O[C@H]4[C@@H]([C@H]([C@@H]([C@H](O4)CO)O)O)O | CC(C)CC(=O)OCC1=CC2=C(C=C1)OCO2,羌活胜湿汤 | 升阳益胃汤 | 身痛逐瘀汤 | 辛夷散 | 大秦艽汤 | 三化汤 | 清上蠲痛汤 | 石决明散 | 蠲痹汤 | 羌活胜风汤,"It has the effects of dispersing cold, dispelling wind, eliminating dampness, and relieving pain."
S020,全头疼痛、风邪为患、气血失调、血虚、痛经,清上蠲痛汤,独活（Radix Angelicae Biseratae）,C/C=C(/C)\C(=O)O[C@H](C1=C(C=C2C(=C1)C=CC(=O)O2)OC)[C@H](C(C)(C)O)O | CC(C)CC(=O)O[C@H](C1=C(C=C2C(=C1)C=CC(=O)O2)OC)[C@H](C(C)(C)O)O | CC(=CCOC1=C2C=CC(=O)OC2=CC3=C1C=CO3)C | CC(=O)OC(C)(C)[C@@H]1CC2=C(O1)C=CC3=C2OC(=O)C=C3 | CC(C)([C@H]1CC2=C(O1)C=C3C(=C2)C=CC(=O)O3)O[C@H]4[C@@H]([C@H]([C@@H]([C@H](O4)CO)O)O)O,羌活胜湿汤 | 升阳益胃汤 | 三痹汤 | 大秦艽汤 | 清上蠲痛汤 | 蠲痹汤 | 羌活胜风汤 | 四物消风饮 | 补肾活血汤,"It has the effects of dispelling wind and eliminating dampness, unblocking impediment and relieving pain."
S020,全头疼痛、风邪为患、气血失调、血虚、痛经,清上蠲痛汤,防风（Saposhnikoviae Radix）,COC1=C(C=CC(=C1)[C@@H]2[C@H](OC3=C4C(=CC(=C3O2)OC)C=CC(=O)O4)CO)O | C/C=C(\C)/C(=O)O[C@H]1[C@@H](C(OC2=C1C3=C(C=C2)C=CC(=O)O3)(C)C)OC(=O)/C(=C/C)/C | C/C=C(/C)\C(=O)O[C@H]1CC2=C(C=C3C(=C2O)C(=O)C=C(O3)CO)OC1(C)C | CC[C@H](CC[C@@H](C)[C@H]1CC[C@@H]2[C@@]1(CC[C@H]3[C@H]2CC=C4[C@@]3(CC[C@H](C4)O)C)C)C(C)C | CC[C@H](CC[C@@H](C)[C@H]1CC[C@@H]2[C@@]1(CC[C@H]3[C@H]2CC=C4[C@@]3(CC[C@@H](C4)O)C)C)C(C)C,小续命汤 | 当归饮子 | 羌活胜湿汤 | 泻黄散 | 桂枝芍药知母汤 | 升阳益胃汤 | 辛夷散 | 三痹汤 | 大秦艽汤 | 清上蠲痛汤 | 除湿胃苓汤 | 延年薯蓣酒 | 羌活胜风汤 | 清胃汤 | 柴胡清肝汤 | 四物消风饮,"It has the effects of releasing the exterior and dispelling wind, overcoming dampness, and stopping convulsions."
S020,全头疼痛、风邪为患、气血失调、血虚、痛经,清上蠲痛汤,野菊花（Chrysanthemi Indici Flos）,CCCCCCCCCCCCCCCCCCCCCC(=O)OCC(CO)O | CC1=C2C[C@@H]3[C@]([C@@H]2[C@@H]4[C@@H]([C@H](C1)OC(=O)C)C(=C)C(=O)O4)(O3)C | CC1=CC[C@H]2C(=O)[C@@H]1C2(C)C | C1=CC(=C(C=C1C2=C(C(=O)C3=C(C=C(C=C3O2)O)O)O)O)O,五味消毒饮 | 清上蠲痛汤 | 石决明散,"It has the effects of clearing heat and detoxifying, dispersing wind, and pacifying the liver."
S020,全头疼痛、风邪为患、气血失调、血虚、痛经,清上蠲痛汤,蔓荆子（Viticis Fructus）,C[C@@H]1C[C@H]([C@@H]2[C@@]([C@]1(CCC3=CCOC3=O)O)(CCCC2(C)C)C)OC(=O)C | C[C@@H]1[C@H](C=C2[C@@]([C@]1(CCC3=COC=C3)O)(CCCC2(C)C)C)OC(=O)C | C[C@@H]1C[C@H]([C@@H]2[C@@]([C@]1(CCC3=CC(=O)OC3)O)(CCCC2(C)C)C)OC(=O)C | COC1=C(C=C(C=C1)C2=C3C(=CC(=C2)C=O)C=CC(=C3OC)O)OC | C1=CC(=C(C=C1[C@@H]2[C@H](C(=O)C3=C(C=C(C=C3O2)O)O)O)O)O,羌活胜湿汤 | 清上蠲痛汤,"It has the effects of dispersing wind-heat, and clearing and benefiting the head and eyes."
S020,全头疼痛、风邪为患、气血失调、血虚、痛经,清上蠲痛汤,苍术（Atractylodes Lancea (Thunb.)Dc.）,COC1=C(C=C(C2=C1OC(=CC2=O)C3=CC=CC=C3)O)O | CC(=CCC1=C2C(=CC(=C1)C(=O)O)[C@@H]([C@H](O2)C(C)(C)O)O)C | CC[C@H](/C=C/[C@@H](C)[C@H]1CC[C@@H]2[C@@]1(CC[C@H]3[C@H]2CC[C@H]4[C@@]3(CCC(=O)C4)C)C)C(C)C | CC1=COC2=C1C[C@H]3C(=C)[C@H](CC[C@@]3(C2)C)OC(=O)C | CC[C@H](CC[C@@H](C)[C@H]1CC[C@@H]2[C@@]1(CC[C@H]3[C@H]2CC=C4[C@@]3(CC[C@@H](C4)O[C@H]5[C@@H]([C@H]([C@@H]([C@H](O5)CO)O)O)O)C)C)C(C)C,完带汤 | 清上蠲痛汤 | 养胃汤 | 除湿胃苓汤 | 平胃散,"It has the effects of drying dampness to fortify the spleen, dispelling wind, scattering cold, and improving vision."
S020,全头疼痛、风邪为患、气血失调、血虚、痛经,清上蠲痛汤,黄芩(Scutellariae Radix),COC1=CC=CC(=C1C2=CC(=O)C3=C(C(=C(C(=C3O2)OC)OC)OC)O)O | COC1=C(C2=C(C(=C1)O)C(=O)C=C(O2)C3=CC=CC=C3O)OC | COC1=C(C=C(C2=C1OC(=CC2=O)C3=CC=C(C=C3)O)O)O,二冬汤 | 半夏泻心汤 | 小续命汤 | 清心莲子饮 | 清金化痰汤 | 清肺汤 | 宣郁通经汤 | 当归六黄汤 | 保阴煎 | 达原饮 | 甘草泻心汤 | 甘露饮 | 大秦艽汤 | 桑白皮汤 | 清上蠲痛汤 | 凉血地黄汤 | 黄芩汤 | 附子泻心汤 | 柴胡桂枝汤 | 柴胡桂枝干姜汤 | 生姜泻心汤 | 当归散 | 泻心汤 | 芍药汤 | 普济消毒饮子 | 羌活胜风汤 | 茜根散 | 泰山磐石散 | 滋阴降火汤 | 清胃汤 | 柴葛解肌汤 | 柴胡清肝汤 | 凉血四物汤 | 柴胡陷胸汤,"It has the effects of clearing heat and drying dampness, purging fire and detoxifying, stopping bleeding, and preventing miscarriage."
S020,全头疼痛、风邪为患、气血失调、血虚、痛经,清上蠲痛汤,麦冬（Ophiopogon japonicus）,CC1CCC2(C(C3C(O2)CC4C3(CCC5C4CC=C6C5(C(CC(C6)O)OC7C(C(C(C(O7)C)O)OC8C(C(C(CO8)O)O)O)OC9C(C(C(C(O9)C)O)O)O)C)C)C)OC1 | C=CC(=O)NCCCCC1=NC=C(N1)CO | CC1=C(C(=C2C(=C1O)C(=O)[C@@H](CO2)CC3=CC=C(C=C3)OC)C)O | CC1=C(C(=C2C(=C1O)C(=O)C(=CO2)CC3=CC4=C(C=C3)OCO4)C=O)O,一贯煎 | 麦门冬汤 | 清心莲子饮 | 地黄饮子 | 清金化痰汤 | 清肺汤 | 人参五味子汤 | 竹叶石膏汤 | 玉女煎 | 沙参麦冬汤 | 甘露饮 | 清上蠲痛汤 | 三甲复脉汤 | 益胃汤 | 两地汤 | 清燥救肺汤 | 门冬清肺饮 | 滋阴降火汤 | 增液承气汤,"It has the effects of nourishing yin to promote fluid production, moistening the lungs, and clearing heart heat."
S020,全头疼痛、风邪为患、气血失调、血虚、痛经,清上蠲痛汤,甘草(licorice ),CC(=CCC1=C(C2=C(C=C1O)OC(=O)C3=C2OC4=C3C=CC(=C4)O)OC)C | CC1(C=CC2=C(O1)C=CC3=C2OC[C@@H]4[C@H]3OC5=C4C=CC(=C5)O)C | CC1(CCC2=C(O1)C=C3C(=C2OC)C=C(C(=O)O3)C4=C(C=C(C=C4)O)O)CO | CC1(C=CC2=C(O1)C=CC(=C2O)C3COC4=C(C3=O)C(=CC(=C4)O)OC)C | CC(=CCC1=C(C=CC2=C1OC(=O)C3=C2OC4=C3C=CC(=C4)O)O)C,苓桂术甘汤 | 温经汤 | 枇杷清肺饮 | 二冬汤 | 桃核承气汤 | 芍药甘草汤 | 半夏泻心汤 | 麦门冬汤 | 温胆汤 | 小续命汤 | 当归饮子 | 泻白散 | 清心莲子饮 | 羌活胜湿汤 | 清金化痰汤 | 金水六君煎 | 清肺汤 | 保元汤 | 半夏白术天麻汤 | 宣郁通经汤 | 异功散 | 泻黄散 | 白术散 | 消乳丸 | 人参五味子汤 | 清宁散 | 竹叶石膏汤 | 麻黄汤 | 当归四逆汤 | 桂枝芍药知母汤 | 当归建中汤 | 升阳益胃汤 | 厚朴温中汤 | 保阴煎 | 固阴煎 | 清骨散 | 达原饮 | 沙参麦冬汤 | 完带汤 | 身痛逐瘀汤 | 散偏汤 | 旋覆代赭汤 | 甘草泻心汤 | 黄连汤 | 橘皮竹茹汤 | 甘姜苓术汤 | 厚朴七物汤 | 温脾汤 | 竹茹汤 | 辛夷散 | 实脾散 | 甘露饮 | 华盖散 | 三痹汤 | 乌药汤 | 大秦艽汤 | 托里消毒散 | 清上蠲痛汤 | 养胃汤 | 石决明散 | 三甲复脉汤 | 蠲痹汤 | 四妙勇安汤 | 除湿胃苓汤 | 清燥救肺汤 | 凉血地黄汤 | 桂枝甘草汤 | 栀子柏皮汤 | 黄芩汤 | 茯苓桂枝甘 草大枣汤 | 柴胡桂枝汤 | 通脉四逆汤 | 桂枝加厚朴杏子汤 | 桂枝麻黄各半汤 | 柴胡桂枝干姜汤 | 桂枝人参汤 | 生姜泻心汤 | 白虎加人参汤 | 调胃承气汤 | 桔梗汤 | 防己黄芪汤 | 苓甘五味姜辛汤 | 防己茯苓汤 | 越婢汤 | 麻黄杏仁薏苡甘草汤 | 瓜蒌桂枝汤 | 生姜甘草汤 | 苏子降气汤 | 香苏散 | 升麻葛根汤 | 平胃散 | 六和汤 | 五虎汤 | 芍药汤 | 门冬清肺饮 | 普济消毒饮子 | 羌活胜风汤 | 牛蒡甘桔汤 | 大补元煎 | 左归饮 | 举元煎 | 茜根散 | 泰山磐石散 | 滋阴降火汤 | 清胃汤 | 调肝汤 | 柴葛解肌汤 | 茵陈术附汤 | 阳和汤 | 柴胡清肝汤 | 地黄饮 | 凉血四物汤 | 膈下逐瘀汤 | 会厌逐瘀汤,"It has the effects of tonifying the spleen and replenishing qi, clearing heat and detoxifying, dispelling phlegm and stopping cough, relieving spasm and alleviating pain, as well as harmonizing the actions of other herbs."
S021,憎寒壮热、头目昏疼、脘腹胀、嗳腐食臭、呕恶痰多,养胃汤,甘草(licorice ),CC(=CCC1=C(C2=C(C=C1O)OC(=O)C3=C2OC4=C3C=CC(=C4)O)OC)C | CC1(C=CC2=C(O1)C=CC3=C2OC[C@@H]4[C@H]3OC5=C4C=CC(=C5)O)C | CC1(CCC2=C(O1)C=C3C(=C2OC)C=C(C(=O)O3)C4=C(C=C(C=C4)O)O)CO | CC1(C=CC2=C(O1)C=CC(=C2O)C3COC4=C(C3=O)C(=CC(=C4)O)OC)C | CC(=CCC1=C(C=CC2=C1OC(=O)C3=C2OC4=C3C=CC(=C4)O)O)C,苓桂术甘汤 | 温经汤 | 枇杷清肺饮 | 二冬汤 | 桃核承气汤 | 芍药甘草汤 | 半夏泻心汤 | 麦门冬汤 | 温胆汤 | 小续命汤 | 当归饮子 | 泻白散 | 清心莲子饮 | 羌活胜湿汤 | 清金化痰汤 | 金水六君煎 | 清肺汤 | 保元汤 | 半夏白术天麻汤 | 宣郁通经汤 | 异功散 | 泻黄散 | 白术散 | 消乳丸 | 人参五味子汤 | 清宁散 | 竹叶石膏汤 | 麻黄汤 | 当归四逆汤 | 桂枝芍药知母汤 | 当归建中汤 | 升阳益胃汤 | 厚朴温中汤 | 保阴煎 | 固阴煎 | 清骨散 | 达原饮 | 沙参麦冬汤 | 完带汤 | 身痛逐瘀汤 | 散偏汤 | 旋覆代赭汤 | 甘草泻心汤 | 黄连汤 | 橘皮竹茹汤 | 甘姜苓术汤 | 厚朴七物汤 | 温脾汤 | 竹茹汤 | 辛夷散 | 实脾散 | 甘露饮 | 华盖散 | 三痹汤 | 乌药汤 | 大秦艽汤 | 托里消毒散 | 清上蠲痛汤 | 养胃汤 | 石决明散 | 三甲复脉汤 | 蠲痹汤 | 四妙勇安汤 | 除湿胃苓汤 | 清燥救肺汤 | 凉血地黄汤 | 桂枝甘草汤 | 栀子柏皮汤 | 黄芩汤 | 茯苓桂枝甘 草大枣汤 | 柴胡桂枝汤 | 通脉四逆汤 | 桂枝加厚朴杏子汤 | 桂枝麻黄各半汤 | 柴胡桂枝干姜汤 | 桂枝人参汤 | 生姜泻心汤 | 白虎加人参汤 | 调胃承气汤 | 桔梗汤 | 防己黄芪汤 | 苓甘五味姜辛汤 | 防己茯苓汤 | 越婢汤 | 麻黄杏仁薏苡甘草汤 | 瓜蒌桂枝汤 | 生姜甘草汤 | 苏子降气汤 | 香苏散 | 升麻葛根汤 | 平胃散 | 六和汤 | 五虎汤 | 芍药汤 | 门冬清肺饮 | 普济消毒饮子 | 羌活胜风汤 | 牛蒡甘桔汤 | 大补元煎 | 左归饮 | 举元煎 | 茜根散 | 泰山磐石散 | 滋阴降火汤 | 清胃汤 | 调肝汤 | 柴葛解肌汤 | 茵陈术附汤 | 阳和汤 | 柴胡清肝汤 | 地黄饮 | 凉血四物汤 | 膈下逐瘀汤 | 会厌逐瘀汤,"It has the effects of tonifying the spleen and replenishing qi, clearing heat and detoxifying, dispelling phlegm and stopping cough, relieving spasm and alleviating pain, as well as harmonizing the actions of other herbs."
S021,憎寒壮热、头目昏疼、脘腹胀、嗳腐食臭、呕恶痰多,养胃汤,厚朴（Magnolia Officinalis Rehd Et Wils．）,C[C@@]12CCC3=C([C@@H]1CCC2=O)C=CC4=C3C=CC(=C4)O | C[C@H]1[C@@H]([C@H]([C@H]([C@@H](O1)O[C@@H]2[C@H]([C@@H]([C@H](O[C@H]2OC3=CC(=C4C(=O)C[C@H](OC4=C3)C5=CC(=C(C=C5)OC)O)O)CO)O)O)O)O)O,小承气汤 | 半夏厚朴汤 | 枳实薤白桂枝汤 | 厚朴麻黄汤 | 厚朴温中汤 | 达原饮 | 厚朴七物汤 | 实脾散 | 三化汤 | 养胃汤 | 新加香薷饮 | 除湿胃苓汤 | 桂枝加厚朴杏子汤 | 厚朴三物汤 | 苏子降气汤 | 平胃散 | 六和汤 | 连朴饮,"It has the effects of drying dampness to eliminate phlegm, descending qi to relieve fullness."
S021,憎寒壮热、头目昏疼、脘腹胀、嗳腐食臭、呕恶痰多,养胃汤,苍术（Atractylodes Lancea (Thunb.)Dc.）,COC1=C(C=C(C2=C1OC(=CC2=O)C3=CC=CC=C3)O)O | CC(=CCC1=C2C(=CC(=C1)C(=O)O)[C@@H]([C@H](O2)C(C)(C)O)O)C | CC[C@H](/C=C/[C@@H](C)[C@H]1CC[C@@H]2[C@@]1(CC[C@H]3[C@H]2CC[C@H]4[C@@]3(CCC(=O)C4)C)C)C(C)C | CC1=COC2=C1C[C@H]3C(=C)[C@H](CC[C@@]3(C2)C)OC(=O)C | CC[C@H](CC[C@@H](C)[C@H]1CC[C@@H]2[C@@]1(CC[C@H]3[C@H]2CC=C4[C@@]3(CC[C@@H](C4)O[C@H]5[C@@H]([C@H]([C@@H]([C@H](O5)CO)O)O)O)C)C)C(C)C,完带汤 | 清上蠲痛汤 | 养胃汤 | 除湿胃苓汤 | 平胃散,"It has the effects of drying dampness to fortify the spleen, dispelling wind, scattering cold, and improving vision."
S021,憎寒壮热、头目昏疼、脘腹胀、嗳腐食臭、呕恶痰多,养胃汤,半夏（Arum Ternatum Thunb）,C1=CC=C(C=C1)C2=CC(=O)C3=C(C(=C(C=C3O2)O[C@H]4[C@@H]([C@H]([C@@H]([C@H](O4)C(=O)O)O)O)O)O)O | CC[C@H](/C=C/[C@@H](C)[C@H]1CC[C@@H]2[C@@]1(CC[C@H]3[C@H]2CC=C4[C@@]3(CC[C@@H](C4)O)C)C)C(C)C | COC(=O)[C@H](CC1=CC=CC=C1)NC(=O)N2CCN(CCN(CC2)C(=O)N[C@@H](CC3=CC=CC=C3)C(=O)OC)C(=O)N[C@@H](CC4=CC=CC=C4)C(=O)OC | C1=NC2=C(N1[C@H]3[C@@H]([C@@H]([C@H](O3)CO)O)O)NC(=O)NC2=O,半夏泻心汤 | 瓜蒌薤白半夏汤 | 麦门冬汤 | 温胆汤 | 金水六君煎 | 半夏白术天麻汤 | 竹叶石膏汤 | 半夏厚朴汤 | 厚朴麻黄汤 | 升阳益胃汤 | 旋覆代赭汤 | 甘草泻心汤 | 黄连汤 | 竹茹汤 | 桑白皮汤 | 养胃汤 | 柴胡桂枝汤 | 小陷胸汤 | 生姜泻心汤 | 射干麻黄汤 | 小半夏加茯苓汤 | 苏子降气汤 | 六和汤 | 导痰汤 | 蒿芩清胆汤 | 柴胡陷胸汤 | 宣痹汤 | 连朴饮,"It has the effects of descending rebellion to stop vomiting, drying dampness to transform phlegm, and dissipating masses to resolve stagnation."
S021,憎寒壮热、头目昏疼、脘腹胀、嗳腐食臭、呕恶痰多,养胃汤,橘红（Citri Exocarpium Rubrum）,C1[C@@H](OC2=CC(=CC(=C2C1=O)O)O)C3=CC=C(C=C3)O | COC1=CC(=CC(=C1)O)[C@@H]2CC(=O)C3=C(C=C(C=C3O2)O)O | CC(=CCOC1=C2C=CC(=O)OC2=CC3=C1C=CO3)C | C[C@@]12CC[C@@H]3[C@]4(C=CC(=O)OC([C@@H]4CC(=O)[C@]3([C@@]15[C@H](O5)C(=O)O[C@H]2C6=COC=C6)C)(C)C)C | C1[C@H](OC2=CC(=CC(=C2C1=O)O)O)C3=CC=C(C=C3)O,清金化痰汤 | 清肺汤 | 半夏白术天麻汤 | 厚朴温中汤 | 养胃汤 | 导痰汤 | 普济消毒饮子,"It has the effects of transforming phlegm, moving qi to relieve middle-jiao distension, dispelling cold, fortifying the stomach, regulating qi, and drying dampness."
S021,憎寒壮热、头目昏疼、脘腹胀、嗳腐食臭、呕恶痰多,养胃汤,广藿香（Pogostemon Cablin (Blanco) Benth）,CC(C)CCCCCOC(=O)C1=CC=CC=C1C(=O)OCCCCCC(C)C | COC1=CC=C(C=C1)[C@H]2CC(=O)C3=C(C=C(C=C3O2)OC)O | COC1=CC(=C2C(=C1)OC(=C(C2=O)OC)C3=CC(=C(C=C3)O)OC)O | COC1=CC(=CC(=C1O)OC)[C@@H]2[C@H]3CO[C@@H]([C@H]3CO2)C4=CC(=C(C(=C4)OC)O[C@H]5[C@@H]([C@H]([C@@H]([C@H](O5)CO)O)O)O)OC | C1=CC(=C(C=C1C2=C(C(=O)C3=C(C=C(C=C3O2)O)O)O)O)O,泻黄散 | 白术散 | 养胃汤 | 六和汤,"It has the effects of resolving turbidity with aromatic herbs, stimulating appetite to stop vomiting, and releasing the exterior to relieve summerheat."
S021,憎寒壮热、头目昏疼、脘腹胀、嗳腐食臭、呕恶痰多,养胃汤,草果（Amomum Tsao-Ko Crevostet）,C1[C@@H]([C@@H](OC2=CC(=CC(=C21)O)O)C3=CC(=C(C=C3)O)O)O | C1=CC(=CC=C1CCC(=O)/C=C/C=C/C2=CC=C(C=C2)O)O | CC1=C(C=CC(=C1)C2(C3=CC=CC=C3S(=O)(=O)O2)C4=CC(=C(C=C4)O)C)O | C1=CC(=C(C=C1C2=C(C(=O)C3=C(C=C(C=C3O2)O)O)O)O)O,达原饮 | 实脾散 | 养胃汤,"It has the effects of drying dampness and warming the middle jiao, eliminating phlegm and stopping malaria."
S021,憎寒壮热、头目昏疼、脘腹胀、嗳腐食臭、呕恶痰多,养胃汤,茯苓（Poria Cocos(Schw.) Wolf ）,CC(=CCC[C@H]([C@H]1CC[C@@]2([C@@]1(CCC3=C2CC[C@@H]4[C@@]3(CC[C@@H](C4(C)C)O)C)C)C)C(=O)O)C | C[C@H](/C=C/[C@H](C)C(C)C)[C@H]1CC[C@@H]2[C@@]1(CC[C@H]3C2=CC[C@@H]4[C@@]3(CC[C@@H](C4)O)C)C | C[C@H](/C=C/[C@H](C)C(C)C)[C@H]1CC[C@@H]2[C@@]1(CC[C@H]3[C@]24C=C[C@@]5([C@@]3(CC[C@@H](C5)O)C)OO4)C | CC(C)C(=C)CC[C@H]([C@H]1CC[C@@]2([C@@]1(CCC3=C2CC[C@@H]4[C@@]3(CC[C@@H](C4(C)C)O)C)C)C)C(=O)O | CC(C)C(=C)CC[C@H]([C@H]1CC[C@@]2([C@@]1(CC=C3C2=CC[C@@H]4[C@@]3(CC[C@@H](C4(C)C)O)C)C)C)C(=O)O,苓桂术甘汤 | 真武汤 | 开心散 | 清心莲子饮 | 地黄饮子 | 清金化痰汤 | 金水六君煎 | 清肺汤 | 半夏白术天麻汤 | 异功散 | 白术散 | 人参五味子汤 | 半夏厚朴汤 | 升阳益胃汤 | 厚朴温中汤 | 猪苓汤 | 附子汤 | 甘姜苓术汤 | 实脾散 | 三痹汤 | 大秦艽汤 | 暖肝煎 | 托里消毒散 | 养胃汤 | 清经散 | 茯苓桂枝甘 草大枣汤 | 小半夏加茯苓汤 | 苓甘五味姜辛汤 | 防己茯苓汤 | 六和汤 | 导痰汤 | 左归饮 | 解郁汤 | 定经汤 | 滋水清肝饮,"It has the effects of promoting diuresis and draining dampness, strengthening the spleen and harmonizing the stomach, as well as calming the heart and tranquilizing the mind."
S021,憎寒壮热、头目昏疼、脘腹胀、嗳腐食臭、呕恶痰多,养胃汤,人参(Panax Ginseng C. A. Mey.),C1[C@H]2[C@@H](C3=C(O1)C=C(C=C3)O)OC4=CC5=C(C=C24)OCO5 | C1CCN(CCCNC(=O)C[C@H](NC1)C2=CC=CC=C2)C(=O)C3=CC=CC=C3 | C1=CC=C2C(=C1)C3=C(C(=O)C4=CC=CC=C4O3)C(=O)O2 | CC1=CC2=C(C3=C1OC(C=C3)(C)C)NC4=CC=CC=C42 | COC1=C(C=C(C=C1)C[C@@H]\2COC(=O)/C2=C/C3=CC4=C(C=C3)OCO4)OC,温经汤 | 枇杷清肺饮 | 二冬汤 | 半夏泻心汤 | 大建中汤 | 麦门冬汤 | 小续命汤 | 开心散 | 清心莲子饮 | 保元汤 | 异功散 | 白术散 | 人参五味子汤 | 竹叶石膏汤 | 升阳益胃汤 | 固阴煎 | 完带汤 | 旋覆代赭汤 | 吴茱萸汤 | 黄连汤 | 附子汤 | 橘皮竹茹汤 | 温脾汤 | 三痹汤 | 圣愈汤 | 托里消毒散 | 养胃汤 | 丁香柿蒂散 | 清燥救肺汤 | 柴胡桂枝汤 | 桂枝人参汤 | 生姜泻心汤 | 白虎加人参汤 | 生姜甘草汤 | 延年薯蓣酒 | 六和汤 | 门冬清肺饮 | 普济消毒饮子 | 大补元煎 | 举元煎 | 泰山磐石散 | 解郁汤 | 固本止崩汤,"It has the effects of greatly tonifying primordial qi, restoring pulses and securing collapse, tonifying the spleen and nourishing the lungs, promoting fluid production, and tranquilizing the mind."
S022,心悸恐慌、四肢抽搐、昼凉夜热、干咳或无咳、舌绛少苔或干裂,三甲复脉汤,牡蛎（ Concha Ostreae）,C(CC(=O)N[C@@H](CS)C(=O)NCC(=O)O)[C@@H](C(=O)O)N | CC/C=C/C/C=C/C/C=C/C/C=C/C/C=C/CCCC(=O)O | CCCCC/C=C\C=C\C=C/CCCCCCC(=O)O | C[C@H](CCCC(C)C)[C@H]1CC[C@@H]\2[C@@]1(CCC/C2=C\C=C/3\C[C@H](CCC3=C)O)C | CC1=C(C(CCC1)(C)C)/C=C/C(=C/C=C/C(=C/CO)/C)/C,三甲复脉汤 | 柴胡桂枝干姜汤 | 牡蛎散 | 消瘰丸,"It has the effects of inducing anesthesia, sedating and hypnotizing, resisting gastric damage and ulcers, and regulating immunity."
S022,心悸恐慌、四肢抽搐、昼凉夜热、干咳或无咳、舌绛少苔或干裂,三甲复脉汤,甘草(licorice ),CC(=CCC1=C(C2=C(C=C1O)OC(=O)C3=C2OC4=C3C=CC(=C4)O)OC)C | CC1(C=CC2=C(O1)C=CC3=C2OC[C@@H]4[C@H]3OC5=C4C=CC(=C5)O)C | CC1(CCC2=C(O1)C=C3C(=C2OC)C=C(C(=O)O3)C4=C(C=C(C=C4)O)O)CO | CC1(C=CC2=C(O1)C=CC(=C2O)C3COC4=C(C3=O)C(=CC(=C4)O)OC)C | CC(=CCC1=C(C=CC2=C1OC(=O)C3=C2OC4=C3C=CC(=C4)O)O)C,苓桂术甘汤 | 温经汤 | 枇杷清肺饮 | 二冬汤 | 桃核承气汤 | 芍药甘草汤 | 半夏泻心汤 | 麦门冬汤 | 温胆汤 | 小续命汤 | 当归饮子 | 泻白散 | 清心莲子饮 | 羌活胜湿汤 | 清金化痰汤 | 金水六君煎 | 清肺汤 | 保元汤 | 半夏白术天麻汤 | 宣郁通经汤 | 异功散 | 泻黄散 | 白术散 | 消乳丸 | 人参五味子汤 | 清宁散 | 竹叶石膏汤 | 麻黄汤 | 当归四逆汤 | 桂枝芍药知母汤 | 当归建中汤 | 升阳益胃汤 | 厚朴温中汤 | 保阴煎 | 固阴煎 | 清骨散 | 达原饮 | 沙参麦冬汤 | 完带汤 | 身痛逐瘀汤 | 散偏汤 | 旋覆代赭汤 | 甘草泻心汤 | 黄连汤 | 橘皮竹茹汤 | 甘姜苓术汤 | 厚朴七物汤 | 温脾汤 | 竹茹汤 | 辛夷散 | 实脾散 | 甘露饮 | 华盖散 | 三痹汤 | 乌药汤 | 大秦艽汤 | 托里消毒散 | 清上蠲痛汤 | 养胃汤 | 石决明散 | 三甲复脉汤 | 蠲痹汤 | 四妙勇安汤 | 除湿胃苓汤 | 清燥救肺汤 | 凉血地黄汤 | 桂枝甘草汤 | 栀子柏皮汤 | 黄芩汤 | 茯苓桂枝甘 草大枣汤 | 柴胡桂枝汤 | 通脉四逆汤 | 桂枝加厚朴杏子汤 | 桂枝麻黄各半汤 | 柴胡桂枝干姜汤 | 桂枝人参汤 | 生姜泻心汤 | 白虎加人参汤 | 调胃承气汤 | 桔梗汤 | 防己黄芪汤 | 苓甘五味姜辛汤 | 防己茯苓汤 | 越婢汤 | 麻黄杏仁薏苡甘草汤 | 瓜蒌桂枝汤 | 生姜甘草汤 | 苏子降气汤 | 香苏散 | 升麻葛根汤 | 平胃散 | 六和汤 | 五虎汤 | 芍药汤 | 门冬清肺饮 | 普济消毒饮子 | 羌活胜风汤 | 牛蒡甘桔汤 | 大补元煎 | 左归饮 | 举元煎 | 茜根散 | 泰山磐石散 | 滋阴降火汤 | 清胃汤 | 调肝汤 | 柴葛解肌汤 | 茵陈术附汤 | 阳和汤 | 柴胡清肝汤 | 地黄饮 | 凉血四物汤 | 膈下逐瘀汤 | 会厌逐瘀汤,"It has the effects of tonifying the spleen and replenishing qi, clearing heat and detoxifying, dispelling phlegm and stopping cough, relieving spasm and alleviating pain, as well as harmonizing the actions of other herbs."
S022,心悸恐慌、四肢抽搐、昼凉夜热、干咳或无咳、舌绛少苔或干裂,三甲复脉汤,地黄(Rehmanniae Radix Praeparata),CCCCC/C=C\C/C=C\CCCCCCCC(=O)O | CC[C@H](CC[C@@H](C)[C@H]1CC[C@@H]2[C@@]1(CC[C@H]3[C@H]2CC=C4[C@@]3(CC[C@H](C4)O)C)C)C(C)C | CO[C@@H]1CC2C([C@H](O1)OC)C3(C(C2O)O3)CO | C[C@@H]1[C@H]([C@H]([C@H]([C@@H](O1)OC[C@@H]2[C@H]([C@@H]([C@H]([C@@H](O2)O[C@H]3[C@H]4[C@H](CCC4=C)C(=CO3)C(=O)OC)O)O)O)O)O)O | CC[C@H](/C=C/[C@@H](C)[C@H]1CC[C@@H]2[C@@]1(CC[C@H]3[C@H]2CC=C4[C@@]3(CC[C@@H](C4)O)C)C)C(C)C,一贯煎 | 桃红四物汤 | 当归饮子 | 百合地黄汤 | 当归六黄汤 | 保阴煎 | 甘露饮 | 三痹汤 | 清胃散 | 圣愈汤 | 大秦艽汤 | 三甲复脉汤 | 益胃汤 | 清肝止淋汤 | 黄连膏 | 凉血地黄汤 | 驻景丸 | 茜根散 | 滋阴降火汤 | 柴葛解肌汤 | 柴胡清肝汤 | 四物消风饮 | 地黄饮 | 凉血四物汤 | 增液承气汤 | 会厌逐瘀汤,"It has the effects of tonifying essence and replenishing marrow, nourishing blood, and supplementing yin."
S022,心悸恐慌、四肢抽搐、昼凉夜热、干咳或无咳、舌绛少苔或干裂,三甲复脉汤,白芍(Paeoniae Radix Alba),C[C@@]12CC(=O)[C@H]3C[C@@]1(O[C@@H]([C@@H]3COC(=O)C4=CC=CC=C4)O2)O | C[C@]12C[C@@]3([C@@H]4C[C@]1([C@@]4([C@H](O2)O3)COC(=O)C5=CC=CC=C5)O[C@H]6[C@@H]([C@H]([C@@H]([C@H](O6)CO)O)O)O)O | C[C@]12C[C@H]([C@@H]3C[C@]1([C@@]3(C(=O)O2)COC(=O)C4=CC=CC=C4)O[C@H]5[C@@H]([C@H]([C@@H]([C@H](O5)CO)O)O)O)O | CC(=C)[C@@H]1CC[C@]2([C@H]1[C@H]3CC[C@@H]4[C@]5(CC[C@@H](C([C@@H]5CC[C@]4([C@@]3(CC2)C)C)(C)C)O)C)C(=O)O,温经汤 | 桃红四物汤 | 芍药甘草汤 | 真武汤 | 黄芪桂枝五物汤 | 小续命汤 | 当归饮子 | 宣郁通经汤 | 当归四逆汤 | 桂枝芍药知母汤 | 当归建中汤 | 升阳益胃汤 | 保阴煎 | 化肝煎 | 达原饮 | 完带汤 | 散偏汤 | 附子汤 | 三痹汤 | 大秦艽汤 | 托里消毒散 | 三甲复脉汤 | 清经散 | 清肝止淋汤 | 两地汤 | 黄芩汤 | 柴胡桂枝汤 | 桂枝加厚朴杏子汤 | 桂枝麻黄各半汤 | 当归散 | 枳实芍药散 | 瓜蒌桂枝汤 | 升麻葛根汤 | 芍药汤 | 门冬清肺饮 | 泰山磐石散 | 滋阴降火汤 | 解郁汤 | 养精种玉汤 | 定经汤 | 调肝汤 | 滋水清肝饮,"It has the effects of pacifying the liver to relieve pain, nourishing blood to regulate menstruation, and astringing yin to stop sweating."
S022,心悸恐慌、四肢抽搐、昼凉夜热、干咳或无咳、舌绛少苔或干裂,三甲复脉汤,麦冬（Ophiopogon japonicus）,CC1CCC2(C(C3C(O2)CC4C3(CCC5C4CC=C6C5(C(CC(C6)O)OC7C(C(C(C(O7)C)O)OC8C(C(C(CO8)O)O)O)OC9C(C(C(C(O9)C)O)O)O)C)C)C)OC1 | C=CC(=O)NCCCCC1=NC=C(N1)CO | CC1=C(C(=C2C(=C1O)C(=O)[C@@H](CO2)CC3=CC=C(C=C3)OC)C)O | CC1=C(C(=C2C(=C1O)C(=O)C(=CO2)CC3=CC4=C(C=C3)OCO4)C=O)O,一贯煎 | 麦门冬汤 | 清心莲子饮 | 地黄饮子 | 清金化痰汤 | 清肺汤 | 人参五味子汤 | 竹叶石膏汤 | 玉女煎 | 沙参麦冬汤 | 甘露饮 | 清上蠲痛汤 | 三甲复脉汤 | 益胃汤 | 两地汤 | 清燥救肺汤 | 门冬清肺饮 | 滋阴降火汤 | 增液承气汤,"It has the effects of nourishing yin to promote fluid production, moistening the lungs, and clearing heart heat."
S022,心悸恐慌、四肢抽搐、昼凉夜热、干咳或无咳、舌绛少苔或干裂,三甲复脉汤,阿胶（Colla corii Asini）,C([C@@H](C(=O)O)N)C(=O)O | CSCCC(C(=O)O)N | C[C@H]([C@@H](C(=O)O)N)O | C1=CC=C(C=C1)C[C@@H](C(=O)O)N | C1=C(NC=N1)C[C@@H](C(=O)O)N,猪苓汤 | 三甲复脉汤 | 清肝止淋汤 | 两地汤 | 清燥救肺汤 | 茜根散 | 调肝汤 | 寿胎丸,"It has the effects of stopping bleeding, moistening dryness, nourishing blood, and replenishing yin."
S022,心悸恐慌、四肢抽搐、昼凉夜热、干咳或无咳、舌绛少苔或干裂,三甲复脉汤,麻仁（Cannabis Sativa L.）,CCCCC/C=C\C/C=C\C/C=C\C/C=C\CCCC(=O)O | CC[C@H](CC[C@@H](C)[C@H]1CC[C@@H]2[C@@]1(CC[C@H]3[C@H]2CC=C4[C@@]3(CC[C@H](C4)O)C)C)C(C)C | CC[C@H](/C=C/[C@@H](C)[C@H]1CC[C@@H]2[C@@]1(CC[C@H]3[C@H]2CC=C4[C@@]3(CC[C@@H](C4)O)C)C)C(C)C | C1=CC(=C(C=C1C2=CC(=O)C3=C(C=C(C=C3O2)O)O)O)O,三甲复脉汤,"It has the effects of activating blood circulation, moistening intestines to relieve constipation, and promoting diuresis to treat strangury."
S022,心悸恐慌、四肢抽搐、昼凉夜热、干咳或无咳、舌绛少苔或干裂,三甲复脉汤,生鳖甲（Trionycis Carapax）,COC1=C2C3=C(CC4C5(C3(CCN4CC6CC6)[C@@H](O2)C(=O)CC5)NC(=O)/C=C\C7=CC=C(C=C7)[N+](=O)[O-])C=C1 | C1=C2C(=C3C=C(C(=O)C(=C3OC2=C(C(=C1Br)[O-])Br)Br)Br)C4=C(C(=C(C(=C4Cl)Cl)Cl)Cl)C(=O)[O-].C1=C2C(=C3C=C(C(=O)C(=C3OC2=C(C(=C1Br)[O-])Br)Br)Br)C4=C(C(=C(C(=C4Cl)Cl)Cl)Cl)C(=O)[O-].C1=C2C(=C3C=C(C(=O)C(=C3OC2=C(C(=C1Br)[O-])Br)Br)Br)C4=C(C(=C(C(=C4Cl)Cl)Cl)Cl)C(=O)[O-].[Al+3].[Al+3] | C(=O)(O)S | C1=CC(=CC=C1N=NC2=C(C=CC3=C2C=CC(=C3)S(=O)(=O)[O-])O)S(=O)(=O)[O-].[Na+].[Na+],三甲复脉汤,"It has the effects of nourishing yin to subdue yang, softening hardness and dissipating nodules, and reducing deficiency-heat."
S022,心悸恐慌、四肢抽搐、昼凉夜热、干咳或无咳、舌绛少苔或干裂,三甲复脉汤,生龟板（Testudinis Carapax et Plastrum）,CCCCNC(=O)C(C)CC(C(CC(C)C)NC(=O)C(C)NC(=O)C(CC(C)C)NC(=O)C)O | C(C[C@@H](C(=O)O)N)CN=C(N)N | COC1=C2C3=C(CC4C5(C3(CCN4CC6CC6)[C@@H](O2)C(=O)CC5)NC(=O)/C=C\C7=CC=C(C=C7)[N+](=O)[O-])C=C1 | C[C@H](CCCC(C)C)[C@H]1CC[C@@H]2[C@@]1(CC[C@H]3[C@H]2CC=C4[C@@]3(CC[C@@H](C4)O)C)C,三甲复脉汤,"It has the effects of nourishing yin to anchor yang, tonifying the kidney to strengthen bones, and enriching blood to nourish the heart."
S023,风痹（疼痛游走不定）、寒痹(冷痛剧烈、得温稍减)、湿痹(酸沉重着、阴雨天加重),蠲痹汤,羌活（Notopterygii Rhizoma Et Radix）,C/C(=C\COC1=CC2=C(C=C1)C=CC(=O)O2)/CC[C@@H](C(C)(C)O)O | C/C(=C\COC1=C2C=CC(=O)OC2=CC3=C1C=CO3)/C/C=C/C(C)(C)O | CC(C)([C@H]1CC2=C(O1)C=C3C(=C2)C=CC(=O)O3)O[C@H]4[C@@H]([C@H]([C@@H]([C@H](O4)CO)O)O)O | CC(C)CC(=O)OCC1=CC2=C(C=C1)OCO2,羌活胜湿汤 | 升阳益胃汤 | 身痛逐瘀汤 | 辛夷散 | 大秦艽汤 | 三化汤 | 清上蠲痛汤 | 石决明散 | 蠲痹汤 | 羌活胜风汤,"It has the effects of dispersing cold, dispelling wind, eliminating dampness, and relieving pain."
S023,风痹（疼痛游走不定）、寒痹(冷痛剧烈、得温稍减)、湿痹(酸沉重着、阴雨天加重),蠲痹汤,独活（Radix Angelicae Biseratae）,C/C=C(/C)\C(=O)O[C@H](C1=C(C=C2C(=C1)C=CC(=O)O2)OC)[C@H](C(C)(C)O)O | CC(C)CC(=O)O[C@H](C1=C(C=C2C(=C1)C=CC(=O)O2)OC)[C@H](C(C)(C)O)O | CC(=CCOC1=C2C=CC(=O)OC2=CC3=C1C=CO3)C | CC(=O)OC(C)(C)[C@@H]1CC2=C(O1)C=CC3=C2OC(=O)C=C3 | CC(C)([C@H]1CC2=C(O1)C=C3C(=C2)C=CC(=O)O3)O[C@H]4[C@@H]([C@H]([C@@H]([C@H](O4)CO)O)O)O,羌活胜湿汤 | 升阳益胃汤 | 三痹汤 | 大秦艽汤 | 清上蠲痛汤 | 蠲痹汤 | 羌活胜风汤 | 四物消风饮 | 补肾活血汤,"It has the effects of dispelling wind and eliminating dampness, unblocking impediment and relieving pain."
S023,风痹（疼痛游走不定）、寒痹(冷痛剧烈、得温稍减)、湿痹(酸沉重着、阴雨天加重),蠲痹汤,肉桂（Cinnanmomi Cortex ）,CCCCC/C=C\C/C=C\CCCCCCCC(=O)O | C[C@@]12CC[C@@H]3[C@H](CC3(C)C)C(=C)CC[C@H]1O2 | CC(C)COC(=O)C1=CC=CC=C1C(=O)OCC(C)C | CCCCCCCC/C=C\CCCCCCCC(=O)O | C[C@H](C[C@@H]([C@@H]1C(O1)(C)C)OC(=O)C)C2=C3C[C@@H]([C@H]4[C@]5(CCC(=O)C([C@@H]5CC[C@@]4([C@]3(CC2)C)C)(C)C)C)O,小续命汤 | 地黄饮子 | 保元汤 | 当归建中汤 | 三痹汤 | 暖肝煎 | 蠲痹汤 | 除湿胃苓汤 | 温脾丸 | 苏子降气汤 | 茵陈术附汤 | 阳和汤,"It has the effects of tonifying fire to assist yang, guiding fire back to its origin, dispersing cold to relieve pain, and activating blood circulation to unblock menstruation."
S023,风痹（疼痛游走不定）、寒痹(冷痛剧烈、得温稍减)、湿痹(酸沉重着、阴雨天加重),蠲痹汤,秦艽（Gentiana Macrophylla Pall）,CC[C@H](CC[C@@H](C)[C@H]1CC[C@@H]2[C@@]1(CC[C@H]3[C@H]2CC=C4[C@@]3(CC[C@@H](C4)O)C)C)C(C)C | CC[C@H](CC[C@@H](C)[C@H]1CC[C@@H]2[C@@]1(CC[C@H]3[C@H]2CC=C4[C@@]3(CC[C@H](C4)O)C)C)C(C)C,清骨散 | 身痛逐瘀汤 | 三痹汤 | 大秦艽汤 | 蠲痹汤,"It has the effects of dispelling wind-dampness, harmonizing blood and relaxing sinews, and clearing heat to promote diuresis."
S023,风痹（疼痛游走不定）、寒痹(冷痛剧烈、得温稍减)、湿痹(酸沉重着、阴雨天加重),蠲痹汤,当归(Angelicae Sinensis Radix),CC1=CC[C@@]2(CCCC([C@]23[C@H]1C3)(C)C)C | CC[C@H](CC[C@@H](C)[C@H]1CC[C@@H]2[C@@]1(CC[C@H]3[C@H]2CC=C4[C@@]3(CC[C@@H](C4)O)C)C)C(C)C | CC[C@H](/C=C/[C@@H](C)[C@H]1CC[C@@H]2[C@@]1(CC[C@H]3[C@H]2CC=C4[C@@]3(CC[C@@H](C4)O)C)C)C(C)C | C[C@@H]1CC[C@@H]2[C@]13CC=C([C@H](C3)C2(C)C)C | C1=CC=C(C=C1)C2=CC(=S)C=C(S2)C3=CC=CC=C3,温经汤 | 一贯煎 | 桃红四物汤 | 当归饮子 | 当归补血汤 | 金水六君煎 | 济川煎 | 清肺汤 | 宣郁通经汤 | 当归四逆汤 | 当归建中汤 | 当归六黄汤 | 身痛逐瘀汤 | 三痹汤 | 清胃散 | 圣愈汤 | 乌药汤 | 大秦艽汤 | 暖肝煎 | 托里消毒散 | 清上蠲痛汤 | 蠲痹汤 | 清肝止淋汤 | 四妙勇安汤 | 黄连膏 | 凉血地黄汤 | 当归散 | 温脾丸 | 苏子降气汤 | 佛手散 | 芍药汤 | 门冬清肺饮 | 大补元煎 | 泰山磐石散 | 滋阴降火汤 | 清胃汤 | 解郁汤 | 固本止崩汤 | 养精种玉汤 | 定经汤 | 调肝汤 | 柴胡清肝汤 | 四物消风饮 | 地黄饮 | 凉血四物汤 | 滋水清肝饮 | 膈下逐瘀汤 | 会厌逐瘀汤 | 补肾活血汤 | 活络效灵丹,"It has the effects of nourishing blood, promoting blood circulation, regulating menstruation, relieving pain, and moistening intestines to relieve constipation."
S023,风痹（疼痛游走不定）、寒痹(冷痛剧烈、得温稍减)、湿痹(酸沉重着、阴雨天加重),蠲痹汤,川芎(Chuanxiong Rhizoma),CCCCC/C=C\C/C=C\CCCCCCCC(=O)OCC | C1=CC=C2C(=C1)C3=C(N2)C(=NC=C3)C4=CC=C(O4)CO | CC1=CC(=O)C=C(C1=O)C/C=C(\C)/CC/C=C(\C)/CCC=C(C)C | C1=CC(=CC=C1C(=O)N[C@@H](CCC(=O)O)C(=O)O)NCC2=CN=C3C(=N2)C(=O)NC(=N3)N | COC1=C2C=C(CCCCC(=O)CCC3=CC2=C(C=C3)O)C(=C1OC)O,温经汤 | 桃红四物汤 | 小续命汤 | 当归饮子 | 羌活胜湿汤 | 身痛逐瘀汤 | 散偏汤 | 辛夷散 | 三痹汤 | 圣愈汤 | 大秦艽汤 | 托里消毒散 | 清上蠲痛汤 | 蠲痹汤 | 当归散 | 佛手散 | 羌活胜风汤 | 牛蒡甘桔汤 | 泰山磐石散 | 滋阴降火汤 | 柴胡清肝汤 | 四物消风饮 | 凉血四物汤 | 通窍活血汤 | 膈下逐瘀汤,"It has the effects of activating blood circulation, promoting qi movement, dispelling wind, and relieving pain."
S023,风痹（疼痛游走不定）、寒痹(冷痛剧烈、得温稍减)、湿痹(酸沉重着、阴雨天加重),蠲痹汤,甘草(licorice ),CC(=CCC1=C(C2=C(C=C1O)OC(=O)C3=C2OC4=C3C=CC(=C4)O)OC)C | CC1(C=CC2=C(O1)C=CC3=C2OC[C@@H]4[C@H]3OC5=C4C=CC(=C5)O)C | CC1(CCC2=C(O1)C=C3C(=C2OC)C=C(C(=O)O3)C4=C(C=C(C=C4)O)O)CO | CC1(C=CC2=C(O1)C=CC(=C2O)C3COC4=C(C3=O)C(=CC(=C4)O)OC)C | CC(=CCC1=C(C=CC2=C1OC(=O)C3=C2OC4=C3C=CC(=C4)O)O)C,苓桂术甘汤 | 温经汤 | 枇杷清肺饮 | 二冬汤 | 桃核承气汤 | 芍药甘草汤 | 半夏泻心汤 | 麦门冬汤 | 温胆汤 | 小续命汤 | 当归饮子 | 泻白散 | 清心莲子饮 | 羌活胜湿汤 | 清金化痰汤 | 金水六君煎 | 清肺汤 | 保元汤 | 半夏白术天麻汤 | 宣郁通经汤 | 异功散 | 泻黄散 | 白术散 | 消乳丸 | 人参五味子汤 | 清宁散 | 竹叶石膏汤 | 麻黄汤 | 当归四逆汤 | 桂枝芍药知母汤 | 当归建中汤 | 升阳益胃汤 | 厚朴温中汤 | 保阴煎 | 固阴煎 | 清骨散 | 达原饮 | 沙参麦冬汤 | 完带汤 | 身痛逐瘀汤 | 散偏汤 | 旋覆代赭汤 | 甘草泻心汤 | 黄连汤 | 橘皮竹茹汤 | 甘姜苓术汤 | 厚朴七物汤 | 温脾汤 | 竹茹汤 | 辛夷散 | 实脾散 | 甘露饮 | 华盖散 | 三痹汤 | 乌药汤 | 大秦艽汤 | 托里消毒散 | 清上蠲痛汤 | 养胃汤 | 石决明散 | 三甲复脉汤 | 蠲痹汤 | 四妙勇安汤 | 除湿胃苓汤 | 清燥救肺汤 | 凉血地黄汤 | 桂枝甘草汤 | 栀子柏皮汤 | 黄芩汤 | 茯苓桂枝甘 草大枣汤 | 柴胡桂枝汤 | 通脉四逆汤 | 桂枝加厚朴杏子汤 | 桂枝麻黄各半汤 | 柴胡桂枝干姜汤 | 桂枝人参汤 | 生姜泻心汤 | 白虎加人参汤 | 调胃承气汤 | 桔梗汤 | 防己黄芪汤 | 苓甘五味姜辛汤 | 防己茯苓汤 | 越婢汤 | 麻黄杏仁薏苡甘草汤 | 瓜蒌桂枝汤 | 生姜甘草汤 | 苏子降气汤 | 香苏散 | 升麻葛根汤 | 平胃散 | 六和汤 | 五虎汤 | 芍药汤 | 门冬清肺饮 | 普济消毒饮子 | 羌活胜风汤 | 牛蒡甘桔汤 | 大补元煎 | 左归饮 | 举元煎 | 茜根散 | 泰山磐石散 | 滋阴降火汤 | 清胃汤 | 调肝汤 | 柴葛解肌汤 | 茵陈术附汤 | 阳和汤 | 柴胡清肝汤 | 地黄饮 | 凉血四物汤 | 膈下逐瘀汤 | 会厌逐瘀汤,"It has the effects of tonifying the spleen and replenishing qi, clearing heat and detoxifying, dispelling phlegm and stopping cough, relieving spasm and alleviating pain, as well as harmonizing the actions of other herbs."
S023,风痹（疼痛游走不定）、寒痹(冷痛剧烈、得温稍减)、湿痹(酸沉重着、阴雨天加重),蠲痹汤,海风藤（Caulis Piperis Kadsurae）,C[C@@H]1[C@H](OC2=CC(=O)C(=C[C@@]12OC)CC=C)C3=CC(=C(C=C3)OC)OC | C[C@@H]1[C@@H]([C@H](O[C@@H]1C2=CC3=C(C=C2)OCO3)C4=C(C(=CC=C4)OC)OC)C | C1=CC(=CC=C1CCNC(=O)/C=C/C2=CC=C(C=C2)O)O | C/C(=C\C1=CC(=C(C=C1)OC)OC)/C2(C=C(C(=O)C=C2OC)CC=C)OC,蠲痹汤,"It has the effects of relieving pain, dispelling wind and removing dampness, dredging collaterals, and regulating qi flow."
S023,风痹（疼痛游走不定）、寒痹(冷痛剧烈、得温稍减)、湿痹(酸沉重着、阴雨天加重),蠲痹汤,桑枝（Ramulus Mori ）,C1=CC(=CC=C1C2=C(C(=O)C3=C(C=C(C=C3O2)O)O)O)O | CN1C2=C(C=CC3=CC4=C(C=C32)OCO4)C5=C(C1=O)C6=C(C=C5)OCO6 | C1=CC(=C(C=C1O)O)C2=C(C(=O)C3=C(C=C(C=C3O2)O)O)O,蠲痹汤,"It has the effects of moving qi, promoting diuresis, dispelling wind-dampness, and dredging collaterals."
S023,风痹（疼痛游走不定）、寒痹(冷痛剧烈、得温稍减)、湿痹(酸沉重着、阴雨天加重),蠲痹汤,乳香（Olibanun ）,C[C@@H](CCC=C(C)C)[C@@H]1CC[C@]2([C@]1(CCC3=C2CC[C@@H]4[C@@]3(CC[C@@H](C4(C)C)O)C)C)C | CC(=CCC[C@@H]([C@@H]1CC[C@]2([C@]1(CCC3=C2CC[C@@H]4[C@@]3(CCC(=O)C4(C)C)C)C)C)C(=O)O)C | CC(=O)O[C@@H]1CC[C@]2([C@H]([C@@]1(C)C(=O)O)CC[C@@]3([C@@H]2CC=C4[C@]3(CC[C@@]5([C@H]4CC(CC5)(C)C)C)C)C)C | C/C/1=C\CC/C(=C/C[C@@]2(CC[C@@](O2)([C@H](CC1)O)C)C(C)C)/C,蠲痹汤 | 活络效灵丹,"It has the effects of relieving pain, reducing swelling, promoting tissue regeneration, moving qi and blood, and activating blood circulation to restore menstruation."
S023,风痹（疼痛游走不定）、寒痹(冷痛剧烈、得温稍减)、湿痹(酸沉重着、阴雨天加重),蠲痹汤,木香（Aucklandiae Radix）,C1=CC=C2C(=C1)C=CC3=C2NC4=CC=CC=C34 | C=C1C[C@@H]([C@@H]2[C@@H]([C@@H]3[C@H]1C[C@@H](C3=C)O)OC(=O)C2=C)OC(=O)C(=C)CO | C[C@]1(CCC(=O)[C@]2([C@H]1[C@@H]3[C@@H](CC2)C(=C)C(=O)O3)C)C[C@]4([C@@H]5CCC(=C)[C@@H]6CCC(=C)[C@@H]6[C@H]5OC4=O)O | CC(=C)[C@@H]1CC[C@]2([C@H]1[C@H]3CC[C@@H]4[C@]5(CC[C@@H](C([C@@H]5CC[C@]4([C@@]3(CC2)C)C)(C)C)O)C)C(=O)O | CC[C@H](CC[C@@H](C)[C@H]1CC[C@@H]2[C@@]1(CC[C@H]3[C@H]2CC=C4[C@@]3(CC[C@H](C4)O)C)C)C(C)C,白术散 | 厚朴温中汤 | 实脾散 | 乌药汤 | 暖肝煎 | 蠲痹汤 | 芍药汤 | 六磨汤,"It has the effects of moving qi to relieve pain, and fortifying the spleen to promote digestion."
S024,赤带带下色红质稠、口苦咽干、烦躁易怒、神疲乏力、舌红苔黄腻,清肝止淋汤,白芍(Paeoniae Radix Alba),C[C@@]12CC(=O)[C@H]3C[C@@]1(O[C@@H]([C@@H]3COC(=O)C4=CC=CC=C4)O2)O | C[C@]12C[C@@]3([C@@H]4C[C@]1([C@@]4([C@H](O2)O3)COC(=O)C5=CC=CC=C5)O[C@H]6[C@@H]([C@H]([C@@H]([C@H](O6)CO)O)O)O)O | C[C@]12C[C@H]([C@@H]3C[C@]1([C@@]3(C(=O)O2)COC(=O)C4=CC=CC=C4)O[C@H]5[C@@H]([C@H]([C@@H]([C@H](O5)CO)O)O)O)O | CC(=C)[C@@H]1CC[C@]2([C@H]1[C@H]3CC[C@@H]4[C@]5(CC[C@@H](C([C@@H]5CC[C@]4([C@@]3(CC2)C)C)(C)C)O)C)C(=O)O,温经汤 | 桃红四物汤 | 芍药甘草汤 | 真武汤 | 黄芪桂枝五物汤 | 小续命汤 | 当归饮子 | 宣郁通经汤 | 当归四逆汤 | 桂枝芍药知母汤 | 当归建中汤 | 升阳益胃汤 | 保阴煎 | 化肝煎 | 达原饮 | 完带汤 | 散偏汤 | 附子汤 | 三痹汤 | 大秦艽汤 | 托里消毒散 | 三甲复脉汤 | 清经散 | 清肝止淋汤 | 两地汤 | 黄芩汤 | 柴胡桂枝汤 | 桂枝加厚朴杏子汤 | 桂枝麻黄各半汤 | 当归散 | 枳实芍药散 | 瓜蒌桂枝汤 | 升麻葛根汤 | 芍药汤 | 门冬清肺饮 | 泰山磐石散 | 滋阴降火汤 | 解郁汤 | 养精种玉汤 | 定经汤 | 调肝汤 | 滋水清肝饮,"It has the effects of pacifying the liver to relieve pain, nourishing blood to regulate menstruation, and astringing yin to stop sweating."
S024,赤带带下色红质稠、口苦咽干、烦躁易怒、神疲乏力、舌红苔黄腻,清肝止淋汤,当归(Angelicae Sinensis Radix),CC1=CC[C@@]2(CCCC([C@]23[C@H]1C3)(C)C)C | CC[C@H](CC[C@@H](C)[C@H]1CC[C@@H]2[C@@]1(CC[C@H]3[C@H]2CC=C4[C@@]3(CC[C@@H](C4)O)C)C)C(C)C | CC[C@H](/C=C/[C@@H](C)[C@H]1CC[C@@H]2[C@@]1(CC[C@H]3[C@H]2CC=C4[C@@]3(CC[C@@H](C4)O)C)C)C(C)C | C[C@@H]1CC[C@@H]2[C@]13CC=C([C@H](C3)C2(C)C)C | C1=CC=C(C=C1)C2=CC(=S)C=C(S2)C3=CC=CC=C3,温经汤 | 一贯煎 | 桃红四物汤 | 当归饮子 | 当归补血汤 | 金水六君煎 | 济川煎 | 清肺汤 | 宣郁通经汤 | 当归四逆汤 | 当归建中汤 | 当归六黄汤 | 身痛逐瘀汤 | 三痹汤 | 清胃散 | 圣愈汤 | 乌药汤 | 大秦艽汤 | 暖肝煎 | 托里消毒散 | 清上蠲痛汤 | 蠲痹汤 | 清肝止淋汤 | 四妙勇安汤 | 黄连膏 | 凉血地黄汤 | 当归散 | 温脾丸 | 苏子降气汤 | 佛手散 | 芍药汤 | 门冬清肺饮 | 大补元煎 | 泰山磐石散 | 滋阴降火汤 | 清胃汤 | 解郁汤 | 固本止崩汤 | 养精种玉汤 | 定经汤 | 调肝汤 | 柴胡清肝汤 | 四物消风饮 | 地黄饮 | 凉血四物汤 | 滋水清肝饮 | 膈下逐瘀汤 | 会厌逐瘀汤 | 补肾活血汤 | 活络效灵丹,"It has the effects of nourishing blood, promoting blood circulation, regulating menstruation, relieving pain, and moistening intestines to relieve constipation."
S024,赤带带下色红质稠、口苦咽干、烦躁易怒、神疲乏力、舌红苔黄腻,清肝止淋汤,地黄(Rehmanniae Radix Praeparata),CCCCC/C=C\C/C=C\CCCCCCCC(=O)O | CC[C@H](CC[C@@H](C)[C@H]1CC[C@@H]2[C@@]1(CC[C@H]3[C@H]2CC=C4[C@@]3(CC[C@H](C4)O)C)C)C(C)C | CO[C@@H]1CC2C([C@H](O1)OC)C3(C(C2O)O3)CO | C[C@@H]1[C@H]([C@H]([C@H]([C@@H](O1)OC[C@@H]2[C@H]([C@@H]([C@H]([C@@H](O2)O[C@H]3[C@H]4[C@H](CCC4=C)C(=CO3)C(=O)OC)O)O)O)O)O)O | CC[C@H](/C=C/[C@@H](C)[C@H]1CC[C@@H]2[C@@]1(CC[C@H]3[C@H]2CC=C4[C@@]3(CC[C@@H](C4)O)C)C)C(C)C,一贯煎 | 桃红四物汤 | 当归饮子 | 百合地黄汤 | 当归六黄汤 | 保阴煎 | 甘露饮 | 三痹汤 | 清胃散 | 圣愈汤 | 大秦艽汤 | 三甲复脉汤 | 益胃汤 | 清肝止淋汤 | 黄连膏 | 凉血地黄汤 | 驻景丸 | 茜根散 | 滋阴降火汤 | 柴葛解肌汤 | 柴胡清肝汤 | 四物消风饮 | 地黄饮 | 凉血四物汤 | 增液承气汤 | 会厌逐瘀汤,"It has the effects of tonifying essence and replenishing marrow, nourishing blood, and supplementing yin."
S024,赤带带下色红质稠、口苦咽干、烦躁易怒、神疲乏力、舌红苔黄腻,清肝止淋汤,阿胶（Colla corii Asini）,C([C@@H](C(=O)O)N)C(=O)O | CSCCC(C(=O)O)N | C[C@H]([C@@H](C(=O)O)N)O | C1=CC=C(C=C1)C[C@@H](C(=O)O)N | C1=C(NC=N1)C[C@@H](C(=O)O)N,猪苓汤 | 三甲复脉汤 | 清肝止淋汤 | 两地汤 | 清燥救肺汤 | 茜根散 | 调肝汤 | 寿胎丸,"It has the effects of stopping bleeding, moistening dryness, nourishing blood, and replenishing yin."
S024,赤带带下色红质稠、口苦咽干、烦躁易怒、神疲乏力、舌红苔黄腻,清肝止淋汤,牡丹皮（Cortex Moutan）,C[C@]12C[C@@]3([C@@H]4C[C@]1([C@@]4([C@H](O2)O3)COC(=O)C5=CC=CC=C5)O[C@H]6[C@@H]([C@H]([C@@H]([C@H](O6)CO)O)O)O)O | CC(=C)[C@@H]1CC[C@]2([C@H]1[C@H]3CC[C@@H]4[C@]5(CC[C@@H](C([C@@H]5CC[C@]4([C@@]3(CC2)C)C)(C)C)O)C)C(=O)O | C1[C@@H]([C@H](OC2=CC(=CC(=C21)O)O)C3=CC(=C(C=C3)O)O)O | C1=CC(=C(C=C1C2=C(C(=O)C3=C(C=C(C=C3O2)O)O)O)O)O,温经汤 | 宣郁通经汤 | 化肝煎 | 清胃散 | 清经散 | 清肝止淋汤 | 柴葛解肌汤 | 地黄饮 | 滋水清肝饮 | 膈下逐瘀汤,"It has the effects of clearing heat and cooling blood, activating blood circulation and dissipating blood stasis."
S024,赤带带下色红质稠、口苦咽干、烦躁易怒、神疲乏力、舌红苔黄腻,清肝止淋汤,黄柏(Phellodendri Chinrnsis Cortex),C1CC2CN3C(=O)C=CC=C3C4=CCCN(C24)C1 | COC1=C(C2=C[N+]3=C(C=C2C=C1)C4=CC(=C(C=C4CC3)OC)OC)OC | CN1CCC2=CC3=C(C=C2C(=O)CC4=C(C1)C5=C(C=C4)OCO5)OCO3 | CC(=CCC1=C(C=C(C2=C1O[C@@H]([C@H](C2=O)O)C3=CC=C(C=C3)O)O)O[C@H]4[C@@H]([C@H]([C@@H]([C@H](O4)CO)O)O)O)C | COC1=C(C2=C(C[C@H]3C4=CC5=C(C=C4CCN3C2)OCO5)C=C1)OC,枇杷清肺饮 | 易黄汤 | 当归六黄汤 | 保阴煎 | 清经散 | 清肝止淋汤 | 黄连膏 | 栀子柏皮汤 | 温脾丸 | 滋阴降火汤,"It has the effects of clearing heat and drying dampness, purging fire to eliminate steaming bone disorder, and resolving toxic sores."
S024,赤带带下色红质稠、口苦咽干、烦躁易怒、神疲乏力、舌红苔黄腻,清肝止淋汤,牛膝(Achyranthis Bidentatae Radix),COC1=C(C2=C[N+]3=C(C=C2C=C1)C4=CC(=C(C=C4CC3)OC)OC)OC | C[C@@]12CC[C@H]3C(=CC(=O)[C@H]4[C@]3(C[C@@H]([C@@H](C4)O)O)C)[C@@]1(CC[C@@H]2[C@](C)([C@@H](CCC(C)(C)O)O)O)O | C1=CC(=C(C=C1C2=C(C(=O)C3=C(C=C(C=C3O2)O)O)O)O)O,温经汤 | 济川煎 | 玉女煎 | 身痛逐瘀汤 | 三痹汤 | 清肝止淋汤,"It has the effects of tonifying the liver and kidneys, strengthening tendons and bones, dispelling stasis to unblock menstruation, and guiding blood downward."
S024,赤带带下色红质稠、口苦咽干、烦躁易怒、神疲乏力、舌红苔黄腻,清肝止淋汤,香附（Cyperi Rhizoma ）,COC1=C(C=CC(=C1)C2=C(C(=O)C3=C(C=C(C=C3O2)O)O)O)O | COC1=C2C=COC2=CC3=C1C(=O)C=C(O3)CO[C@@H]4[C@H]([C@@H]([C@H]([C@@H](O4)CO)O)O)O | C[C@]1(CC[C@@]2([C@@H](C1)C(=O)C[C@@H]3[C@]24CCC[C@@]3(C(=O)O4)C)C)C=C | COC1=C(C2=C(C[C@H]3C4=CC(=C(C=C4CCN3C2)OC)OC)C=C1)OC | CC[C@H](/C=C/[C@@H](C)[C@H]1CC[C@@H]2[C@@]1(CC[C@H]3[C@H]2CC=C4[C@@]3(CC[C@@H](C4)O)C)C)C(C)C,宣郁通经汤 | 消乳丸 | 身痛逐瘀汤 | 散偏汤 | 清肝止淋汤 | 膈下逐瘀汤,"It has the effects of relieving pain, moving qi to soothe the liver, preventing miscarriage, and regulating menstruation."
S024,赤带带下色红质稠、口苦咽干、烦躁易怒、神疲乏力、舌红苔黄腻,清肝止淋汤,大枣(Jujubae Fructus),C[C@@]12CCC[C@]34[C@@H]1[C@]5(C[C@]67[C@H]3C(=O)[C@H](CC6C4N5C2)C(=C)C7)O | CC(=C)[C@@H]1CC[C@]2([C@H]1[C@H]3CC[C@@H]4[C@]5(CC[C@@H](C([C@@H]5CC[C@]4([C@@]3(CC2)C)C)(C)C)O)C)C(=O)O | CC1CCC(C2(C13CC(C(C2OC(=O)C4=CC=CC=C4)OC(=O)C)C(O3)(C)C)CO)O | CN1CCC2=CC3=C(C=C2C(=O)CC4=C(C1)C5=C(C=C4)OCO5)OCO3 | CC(=C)[C@@H]1CC[C@]2([C@H]1[C@H]3CC[C@H]4[C@]([C@@]3(CC2)C)(CC[C@@H]5[C@@]4([C@H]([C@@H](C5(C)C)O)C(=O)O)C)C)C(=O)O,半夏泻心汤 | 黄芪桂枝五物汤 | 麦门冬汤 | 地黄饮子 | 清肺汤 | 半夏白术天麻汤 | 异功散 | 苏葶丸 | 人参五味子汤 | 清宁散 | 当归四逆汤 | 当归建中汤 | 升阳益胃汤 | 旋覆代赭汤 | 吴茱萸汤 | 甘草泻心汤 | 黄连汤 | 橘皮竹茹汤 | 厚朴七物汤 | 清肝止淋汤 | 黄芩汤 | 茯苓桂枝甘 草大枣汤 | 柴胡桂枝汤 | 桂枝加厚朴杏子汤 | 桂枝麻黄各半汤 | 生姜泻心汤 | 射干麻黄汤 | 葶苈大枣泻肺汤 | 越婢汤 | 瓜蒌桂枝汤 | 生姜甘草汤 | 通窍活血汤,"It has the effects of tonifying the spleen and stomach, harmonizing blood, calming the spirit, replenishing qi, and nourishing blood."
S025,水疱簇集、色黄白、破溃渗液、疼痛剧烈、舌红苔黄腻,除湿胃苓汤,苍术（Atractylodes Lancea (Thunb.)Dc.）,COC1=C(C=C(C2=C1OC(=CC2=O)C3=CC=CC=C3)O)O | CC(=CCC1=C2C(=CC(=C1)C(=O)O)[C@@H]([C@H](O2)C(C)(C)O)O)C | CC[C@H](/C=C/[C@@H](C)[C@H]1CC[C@@H]2[C@@]1(CC[C@H]3[C@H]2CC[C@H]4[C@@]3(CCC(=O)C4)C)C)C(C)C | CC1=COC2=C1C[C@H]3C(=C)[C@H](CC[C@@]3(C2)C)OC(=O)C | CC[C@H](CC[C@@H](C)[C@H]1CC[C@@H]2[C@@]1(CC[C@H]3[C@H]2CC=C4[C@@]3(CC[C@@H](C4)O[C@H]5[C@@H]([C@H]([C@@H]([C@H](O5)CO)O)O)O)C)C)C(C)C,完带汤 | 清上蠲痛汤 | 养胃汤 | 除湿胃苓汤 | 平胃散,"It has the effects of drying dampness to fortify the spleen, dispelling wind, scattering cold, and improving vision."
S025,水疱簇集、色黄白、破溃渗液、疼痛剧烈、舌红苔黄腻,除湿胃苓汤,厚朴（Magnolia Officinalis Rehd Et Wils．）,C[C@@]12CCC3=C([C@@H]1CCC2=O)C=CC4=C3C=CC(=C4)O | C[C@H]1[C@@H]([C@H]([C@H]([C@@H](O1)O[C@@H]2[C@H]([C@@H]([C@H](O[C@H]2OC3=CC(=C4C(=O)C[C@H](OC4=C3)C5=CC(=C(C=C5)OC)O)O)CO)O)O)O)O)O,小承气汤 | 半夏厚朴汤 | 枳实薤白桂枝汤 | 厚朴麻黄汤 | 厚朴温中汤 | 达原饮 | 厚朴七物汤 | 实脾散 | 三化汤 | 养胃汤 | 新加香薷饮 | 除湿胃苓汤 | 桂枝加厚朴杏子汤 | 厚朴三物汤 | 苏子降气汤 | 平胃散 | 六和汤 | 连朴饮,"It has the effects of drying dampness to eliminate phlegm, descending qi to relieve fullness."
S025,水疱簇集、色黄白、破溃渗液、疼痛剧烈、舌红苔黄腻,除湿胃苓汤,陈皮(Citrus Reticulata),CC[C@H](CC[C@@H](C)[C@H]1CC[C@@H]2[C@@]1(CC[C@H]3[C@H]2CC=C4[C@@]3(CC[C@H](C4)O)C)C)C(C)C | C1[C@H](OC2=CC(=CC(=C2C1=O)O)O)C3=CC=C(C=C3)O | COC1=C(C=C(C=C1)[C@H]2CC(=O)C3=C(C=C(C=C3O2)O)O)O | COC1=C(C=C(C=C1)C2CC(=O)C3=C(O2)C(=C(C(=C3OC)OC)OC)OC)OC | COC1=C(C=C(C=C1)C2=CC(=O)C3=C(O2)C(=C(C(=C3OC)OC)OC)OC)OC,温胆汤 | 金水六君煎 | 异功散 | 消乳丸 | 升阳益胃汤 | 化肝煎 | 完带汤 | 橘皮竹茹汤 | 华盖散 | 除湿胃苓汤 | 香苏散 | 平胃散 | 牛蒡甘桔汤 | 清胃汤 | 凉血四物汤 | 黄芪汤 | 蒿芩清胆汤,"It has the effects of harmonizing the stomach, descending rebellion to stop vomiting, regulating qi, and drying dampness to transform phlegm."
S025,水疱簇集、色黄白、破溃渗液、疼痛剧烈、舌红苔黄腻,除湿胃苓汤,猪苓（Polyporus Umbellatus(Pers)Fr.）,C[C@H](/C=C/[C@H](C)C(C)C)[C@H]1CC[C@@H]2[C@@]1(CC[C@H]3C2=CC[C@@H]4[C@@]3(CC[C@@H](C4)O)C)C | C[C@H](/C=C/[C@H](C)C(C)C)[C@H]1CC[C@@H]2[C@@]1(CC[C@H]3[C@]24C=C[C@@]5([C@@]3(CC[C@@H](C5)O)C)OO4)C | C([C@@H]1[C@@H]([C@@H]([C@H]([C@H](O1)O)O)O)O)O | C[C@@H]([C@H]1CC[C@@]2([C@@]1(CC[C@H]3C2=CC(=O)[C@H]4[C@@]3(C[C@@H]([C@@H](C4)O)O)C)C)O)[C@H]5[C@@H](O5)[C@H](C)C(C)C,猪苓汤 | 除湿胃苓汤,It has the effects of promoting diuresis and eliminating dampness.
S025,水疱簇集、色黄白、破溃渗液、疼痛剧烈、舌红苔黄腻,除湿胃苓汤,泽泻（Alisma Orientale (Sam.) Juz）,CC[C@H](CC[C@@H](C)[C@H]1CC[C@@H]2[C@@]1(CC[C@H]3[C@H]2CC=C4[C@@]3(CC[C@H](C4)O)C)C)C(C)C | C[C@H](C[C@@H]([C@@H]1C(O1)(C)C)OC(=O)C)C2=C3C[C@@H]([C@H]4[C@]5(CCC(=O)C([C@@H]5CC[C@@]4([C@]3(CC2)C)C)(C)C)C)O | C[C@H](C[C@@H]([C@@H]1C(O1)(C)C)O)C2=C3C[C@@H]([C@H]4[C@]5(CCC(=O)C([C@@H]5CC[C@@]4([C@]3(CC2)C)C)(C)C)C)O | CCCCC/C=C\C/C=C\CCCCCCCC(=O)OC[C@H](CO)O,济川煎 | 升阳益胃汤 | 化肝煎 | 猪苓汤 | 泽泻汤 | 除湿胃苓汤 | 滋水清肝饮,It has the effects of promoting urination and clearing dampness-heat.
S025,水疱簇集、色黄白、破溃渗液、疼痛剧烈、舌红苔黄腻,除湿胃苓汤,赤茯苓（ Poria）,CN(C)C=O.CN(C)C=O.C(=O)[O-].C(=O)[O-].C(=O)[O-].C(=O)[O-].[Rh+2].[Rh+2] | CCONC=NC1=CC=CC=C1 | CC(C)C(=C)CC[C@H]([C@H]1[C@@H](C[C@@]2([C@@]1(CCC3=C2CC[C@@H]4[C@@]3(CC[C@@H](C4(C)C)O)C)C)C)O)C(=O)O | C[C@H](/C=C/[C@H](C)C(C)C)[C@H]1CC[C@@H]2[C@@]1(CC[C@H]3C2=CC=C4[C@@]3(CC[C@@H](C4)O)C)C,清宁散 | 华盖散 | 除湿胃苓汤 | 凉血四物汤 | 蒿芩清胆汤,"It has the effects of promoting diuresis, and clearing heat and draining dampness."
S025,水疱簇集、色黄白、破溃渗液、疼痛剧烈、舌红苔黄腻,除湿胃苓汤,白术(Atractylodes Macrocephala Koidz),C[C@@H]1CC[C@@]2(CC[C@@]3(C(=CC[C@H]4[C@]3(CC[C@@H]5[C@@]4(CC[C@@H](C5(C)C)O)C)C)[C@@H]2[C@H]1C)C)C | CC1=COC2=C1C[C@H]3C(=C)[C@H](CC[C@@]3(C2)C)OC(=O)C | CCC[C@@H](CC[C@@H](C)[C@H]1CC[C@@H]2[C@@]1(CC[C@H]3[C@H]2CC=C4[C@@]3(CC[C@@H](C4)O)C)C)C(C)C | CCO[C@]12C[C@]3(CCCC(=C)[C@@H]3CC1=C(C(=O)O2)C)C,苓桂术甘汤 | 真武汤 | 半夏白术天麻汤 | 异功散 | 白术散 | 人参五味子汤 | 桂枝芍药知母汤 | 升阳益胃汤 | 完带汤 | 附子汤 | 泽泻汤 | 甘姜苓术汤 | 实脾散 | 大秦艽汤 | 托里消毒散 | 除湿胃苓汤 | 桂枝人参汤 | 当归散 | 防己黄芪汤 | 延年薯蓣酒 | 羌活胜风汤 | 举元煎 | 泰山磐石散 | 解郁汤 | 固本止崩汤 | 茵陈术附汤 | 理冲汤,"It has the effects of strengthening the spleen and tonifying qi, drying dampness and promoting diuresis, stopping sweating, and preventing miscarriage."
S025,水疱簇集、色黄白、破溃渗液、疼痛剧烈、舌红苔黄腻,除湿胃苓汤,滑石（ Native Gold）,[OH-].[OH-].[OH-].[OH-].[OH-].[OH-].F[Si-2](F)(F)(F)(F)F.[Mg+2],猪苓汤 | 除湿胃苓汤 | 宣痹汤,"It has the effects of promoting diuresis to relieve strangury, clearing heat and relieving summerheat, and (when applied topically) astringing dampness and healing sores."
S025,水疱簇集、色黄白、破溃渗液、疼痛剧烈、舌红苔黄腻,除湿胃苓汤,防风（Saposhnikoviae Radix）,COC1=C(C=CC(=C1)[C@@H]2[C@H](OC3=C4C(=CC(=C3O2)OC)C=CC(=O)O4)CO)O | C/C=C(\C)/C(=O)O[C@H]1[C@@H](C(OC2=C1C3=C(C=C2)C=CC(=O)O3)(C)C)OC(=O)/C(=C/C)/C | C/C=C(/C)\C(=O)O[C@H]1CC2=C(C=C3C(=C2O)C(=O)C=C(O3)CO)OC1(C)C | CC[C@H](CC[C@@H](C)[C@H]1CC[C@@H]2[C@@]1(CC[C@H]3[C@H]2CC=C4[C@@]3(CC[C@H](C4)O)C)C)C(C)C | CC[C@H](CC[C@@H](C)[C@H]1CC[C@@H]2[C@@]1(CC[C@H]3[C@H]2CC=C4[C@@]3(CC[C@@H](C4)O)C)C)C(C)C,小续命汤 | 当归饮子 | 羌活胜湿汤 | 泻黄散 | 桂枝芍药知母汤 | 升阳益胃汤 | 辛夷散 | 三痹汤 | 大秦艽汤 | 清上蠲痛汤 | 除湿胃苓汤 | 延年薯蓣酒 | 羌活胜风汤 | 清胃汤 | 柴胡清肝汤 | 四物消风饮,"It has the effects of releasing the exterior and dispelling wind, overcoming dampness, and stopping convulsions."
S025,水疱簇集、色黄白、破溃渗液、疼痛剧烈、舌红苔黄腻,除湿胃苓汤,栀子（Gardeniae Fructus）,CC[C@H](/C=C/[C@@H](C)[C@H]1CC[C@@H]2[C@@]1(CC[C@H]3[C@H]2CC=C4[C@@]3(CC[C@@H](C4)O)C)C)C(C)C | C1=CC(=C(C=C1C2=C(C(=O)C3=C(C=C(C=C3O2)O)O)O)O)O | COC1=CC(=C2C(=C1)OC(=CC2=O)C3=CC(=C(C(=C3)OC)OC)OC)O,清金化痰汤 | 清肺汤 | 宣郁通经汤 | 泻黄散 | 化肝煎 | 桑白皮汤 | 除湿胃苓汤 | 茵陈蒿汤 | 栀子柏皮汤 | 栀子豉汤 | 栀子大黄汤 | 清胃汤 | 解郁汤 | 柴胡清肝汤 | 滋水清肝饮 | 宣痹汤,"It has the effects of purging fire to relieve vexation, clearing heat to promote diuresis, and cooling blood to detoxify."
S025,水疱簇集、色黄白、破溃渗液、疼痛剧烈、舌红苔黄腻,除湿胃苓汤,木通（Caulis Akebiae ）,COC1=C(C2=C(C(=C1)C(=O)OC)C(=CC3=CC=CC=C32)[N+](=O)[O-])OC | COC1=CC=CC2=C3C(=C(C=C21)C(=O)O)C(=CC4=C3OCO4)C(=O)O | CC[C@H](/C=C/[C@@H](C)[C@H]1CC[C@@H]2[C@@]1(CC[C@H]3[C@H]2CC=C4[C@@]3(CC[C@@H](C4)O)C)C)C(C)C | COC1=CC(=CC2=C3C(=C(C=C12)[N+](=O)[O-])C(=CC4=C3OCO4)C(=O)O)O,当归四逆汤 | 辛夷散 | 除湿胃苓汤,"It has the effects of activating blood circulation to unblock menstruation, and clearing heat to drain dampness."
S025,水疱簇集、色黄白、破溃渗液、疼痛剧烈、舌红苔黄腻,除湿胃苓汤,肉桂（Cinnanmomi Cortex ）,CCCCC/C=C\C/C=C\CCCCCCCC(=O)O | C[C@@]12CC[C@@H]3[C@H](CC3(C)C)C(=C)CC[C@H]1O2 | CC(C)COC(=O)C1=CC=CC=C1C(=O)OCC(C)C | CCCCCCCC/C=C\CCCCCCCC(=O)O | C[C@H](C[C@@H]([C@@H]1C(O1)(C)C)OC(=O)C)C2=C3C[C@@H]([C@H]4[C@]5(CCC(=O)C([C@@H]5CC[C@@]4([C@]3(CC2)C)C)(C)C)C)O,小续命汤 | 地黄饮子 | 保元汤 | 当归建中汤 | 三痹汤 | 暖肝煎 | 蠲痹汤 | 除湿胃苓汤 | 温脾丸 | 苏子降气汤 | 茵陈术附汤 | 阳和汤,"It has the effects of tonifying fire to assist yang, guiding fire back to its origin, dispersing cold to relieve pain, and activating blood circulation to unblock menstruation."
S025,水疱簇集、色黄白、破溃渗液、疼痛剧烈、舌红苔黄腻,除湿胃苓汤,甘草(licorice ),CC(=CCC1=C(C2=C(C=C1O)OC(=O)C3=C2OC4=C3C=CC(=C4)O)OC)C | CC1(C=CC2=C(O1)C=CC3=C2OC[C@@H]4[C@H]3OC5=C4C=CC(=C5)O)C | CC1(CCC2=C(O1)C=C3C(=C2OC)C=C(C(=O)O3)C4=C(C=C(C=C4)O)O)CO | CC1(C=CC2=C(O1)C=CC(=C2O)C3COC4=C(C3=O)C(=CC(=C4)O)OC)C | CC(=CCC1=C(C=CC2=C1OC(=O)C3=C2OC4=C3C=CC(=C4)O)O)C,苓桂术甘汤 | 温经汤 | 枇杷清肺饮 | 二冬汤 | 桃核承气汤 | 芍药甘草汤 | 半夏泻心汤 | 麦门冬汤 | 温胆汤 | 小续命汤 | 当归饮子 | 泻白散 | 清心莲子饮 | 羌活胜湿汤 | 清金化痰汤 | 金水六君煎 | 清肺汤 | 保元汤 | 半夏白术天麻汤 | 宣郁通经汤 | 异功散 | 泻黄散 | 白术散 | 消乳丸 | 人参五味子汤 | 清宁散 | 竹叶石膏汤 | 麻黄汤 | 当归四逆汤 | 桂枝芍药知母汤 | 当归建中汤 | 升阳益胃汤 | 厚朴温中汤 | 保阴煎 | 固阴煎 | 清骨散 | 达原饮 | 沙参麦冬汤 | 完带汤 | 身痛逐瘀汤 | 散偏汤 | 旋覆代赭汤 | 甘草泻心汤 | 黄连汤 | 橘皮竹茹汤 | 甘姜苓术汤 | 厚朴七物汤 | 温脾汤 | 竹茹汤 | 辛夷散 | 实脾散 | 甘露饮 | 华盖散 | 三痹汤 | 乌药汤 | 大秦艽汤 | 托里消毒散 | 清上蠲痛汤 | 养胃汤 | 石决明散 | 三甲复脉汤 | 蠲痹汤 | 四妙勇安汤 | 除湿胃苓汤 | 清燥救肺汤 | 凉血地黄汤 | 桂枝甘草汤 | 栀子柏皮汤 | 黄芩汤 | 茯苓桂枝甘 草大枣汤 | 柴胡桂枝汤 | 通脉四逆汤 | 桂枝加厚朴杏子汤 | 桂枝麻黄各半汤 | 柴胡桂枝干姜汤 | 桂枝人参汤 | 生姜泻心汤 | 白虎加人参汤 | 调胃承气汤 | 桔梗汤 | 防己黄芪汤 | 苓甘五味姜辛汤 | 防己茯苓汤 | 越婢汤 | 麻黄杏仁薏苡甘草汤 | 瓜蒌桂枝汤 | 生姜甘草汤 | 苏子降气汤 | 香苏散 | 升麻葛根汤 | 平胃散 | 六和汤 | 五虎汤 | 芍药汤 | 门冬清肺饮 | 普济消毒饮子 | 羌活胜风汤 | 牛蒡甘桔汤 | 大补元煎 | 左归饮 | 举元煎 | 茜根散 | 泰山磐石散 | 滋阴降火汤 | 清胃汤 | 调肝汤 | 柴葛解肌汤 | 茵陈术附汤 | 阳和汤 | 柴胡清肝汤 | 地黄饮 | 凉血四物汤 | 膈下逐瘀汤 | 会厌逐瘀汤,"It has the effects of tonifying the spleen and replenishing qi, clearing heat and detoxifying, dispelling phlegm and stopping cough, relieving spasm and alleviating pain, as well as harmonizing the actions of other herbs."
S026,胸膈满闷、呼吸急促、肺胃失和：喘咳、呕吐、咳嗽,清燥救肺汤,枇杷叶(Eriobotryae Folium),C1=CC(=C(C=C1[C@@H]2[C@@H]([C@H](C3=C(C=C(C=C3O2)O)O)C4=C(C=C(C=C4O)O)O)O)O)O | C1[C@H]([C@H](OC2=C1C3=C([C@H](CC(=O)O3)C4=CC(=C(C=C4)O)O)C(=C2)O)C5=CC(=C(C=C5)O)O)O | CC(=C)[C@@H]1CC[C@]2([C@H]1[C@H]3CC[C@@H]4[C@]5(CC[C@@H](C([C@@H]5CC[C@]4([C@@]3(CC2)C)C)(C)C)O)C)C(=O)O | C1[C@H]([C@H](OC2=CC(=CC(=C21)O)O)C3=CC(=C(C(=C3)O)O)O)OC(=O)C4=CC(=C(C(=C4)O)O)O,枇杷清肺饮 | 甘露饮 | 清燥救肺汤,"It has the effects of suppressing cough, relieving asthma, lowering blood sugar, and reducing inflammation."
S026,胸膈满闷、呼吸急促、肺胃失和：喘咳、呕吐、咳嗽,清燥救肺汤,桑叶（Mori Follum）,CC1(C=CC2=C(C=C(C=C2O1)C3=CC4=C(O3)C=C(C=C4)O)O)C | CC1(C=CC2=C(C=C(C=C2O1)O)C3=CC4=C(O3)C=C(C=C4)O)C | CC1=CCC2=C(C=CC3=C2OC(=C3)C4=CC(=CC(=C4)O)O)OC1 | CC1=CCC2=C3C(=C(C=C2OC1)OC)C=C(O3)C4=CC(=CC(=C4)O)O | COC1=C(C=CC(=C1)C2=COC3=C(C2=O)C(=C(C(=C3)O)OC)O)O,沙参麦冬汤 | 清燥救肺汤,"It has the effects of improving vision, dispersing wind-heat, and clearing lung heat."
S026,胸膈满闷、呼吸急促、肺胃失和：喘咳、呕吐、咳嗽,清燥救肺汤,石膏（Gypsum）,O.O.[O-]S(=O)(=O)[O-].[Ca+2],泻黄散 | 竹叶石膏汤 | 厚朴麻黄汤 | 玉女煎 | 大秦艽汤 | 清燥救肺汤 | 白虎加人参汤 | 越婢汤 | 五虎汤 | 清胃汤,"It has the effects of clearing heat and purging fire, exerting anti-inflammatory and anti-swelling actions, and quenching thirst to promote fluid production."
S026,胸膈满闷、呼吸急促、肺胃失和：喘咳、呕吐、咳嗽,清燥救肺汤,甘草(licorice ),CC(=CCC1=C(C2=C(C=C1O)OC(=O)C3=C2OC4=C3C=CC(=C4)O)OC)C | CC1(C=CC2=C(O1)C=CC3=C2OC[C@@H]4[C@H]3OC5=C4C=CC(=C5)O)C | CC1(CCC2=C(O1)C=C3C(=C2OC)C=C(C(=O)O3)C4=C(C=C(C=C4)O)O)CO | CC1(C=CC2=C(O1)C=CC(=C2O)C3COC4=C(C3=O)C(=CC(=C4)O)OC)C | CC(=CCC1=C(C=CC2=C1OC(=O)C3=C2OC4=C3C=CC(=C4)O)O)C,苓桂术甘汤 | 温经汤 | 枇杷清肺饮 | 二冬汤 | 桃核承气汤 | 芍药甘草汤 | 半夏泻心汤 | 麦门冬汤 | 温胆汤 | 小续命汤 | 当归饮子 | 泻白散 | 清心莲子饮 | 羌活胜湿汤 | 清金化痰汤 | 金水六君煎 | 清肺汤 | 保元汤 | 半夏白术天麻汤 | 宣郁通经汤 | 异功散 | 泻黄散 | 白术散 | 消乳丸 | 人参五味子汤 | 清宁散 | 竹叶石膏汤 | 麻黄汤 | 当归四逆汤 | 桂枝芍药知母汤 | 当归建中汤 | 升阳益胃汤 | 厚朴温中汤 | 保阴煎 | 固阴煎 | 清骨散 | 达原饮 | 沙参麦冬汤 | 完带汤 | 身痛逐瘀汤 | 散偏汤 | 旋覆代赭汤 | 甘草泻心汤 | 黄连汤 | 橘皮竹茹汤 | 甘姜苓术汤 | 厚朴七物汤 | 温脾汤 | 竹茹汤 | 辛夷散 | 实脾散 | 甘露饮 | 华盖散 | 三痹汤 | 乌药汤 | 大秦艽汤 | 托里消毒散 | 清上蠲痛汤 | 养胃汤 | 石决明散 | 三甲复脉汤 | 蠲痹汤 | 四妙勇安汤 | 除湿胃苓汤 | 清燥救肺汤 | 凉血地黄汤 | 桂枝甘草汤 | 栀子柏皮汤 | 黄芩汤 | 茯苓桂枝甘 草大枣汤 | 柴胡桂枝汤 | 通脉四逆汤 | 桂枝加厚朴杏子汤 | 桂枝麻黄各半汤 | 柴胡桂枝干姜汤 | 桂枝人参汤 | 生姜泻心汤 | 白虎加人参汤 | 调胃承气汤 | 桔梗汤 | 防己黄芪汤 | 苓甘五味姜辛汤 | 防己茯苓汤 | 越婢汤 | 麻黄杏仁薏苡甘草汤 | 瓜蒌桂枝汤 | 生姜甘草汤 | 苏子降气汤 | 香苏散 | 升麻葛根汤 | 平胃散 | 六和汤 | 五虎汤 | 芍药汤 | 门冬清肺饮 | 普济消毒饮子 | 羌活胜风汤 | 牛蒡甘桔汤 | 大补元煎 | 左归饮 | 举元煎 | 茜根散 | 泰山磐石散 | 滋阴降火汤 | 清胃汤 | 调肝汤 | 柴葛解肌汤 | 茵陈术附汤 | 阳和汤 | 柴胡清肝汤 | 地黄饮 | 凉血四物汤 | 膈下逐瘀汤 | 会厌逐瘀汤,"It has the effects of tonifying the spleen and replenishing qi, clearing heat and detoxifying, dispelling phlegm and stopping cough, relieving spasm and alleviating pain, as well as harmonizing the actions of other herbs."
S026,胸膈满闷、呼吸急促、肺胃失和：喘咳、呕吐、咳嗽,清燥救肺汤,人参(Panax Ginseng C. A. Mey.),C1[C@H]2[C@@H](C3=C(O1)C=C(C=C3)O)OC4=CC5=C(C=C24)OCO5 | C1CCN(CCCNC(=O)C[C@H](NC1)C2=CC=CC=C2)C(=O)C3=CC=CC=C3 | C1=CC=C2C(=C1)C3=C(C(=O)C4=CC=CC=C4O3)C(=O)O2 | CC1=CC2=C(C3=C1OC(C=C3)(C)C)NC4=CC=CC=C42 | COC1=C(C=C(C=C1)C[C@@H]\2COC(=O)/C2=C/C3=CC4=C(C=C3)OCO4)OC,温经汤 | 枇杷清肺饮 | 二冬汤 | 半夏泻心汤 | 大建中汤 | 麦门冬汤 | 小续命汤 | 开心散 | 清心莲子饮 | 保元汤 | 异功散 | 白术散 | 人参五味子汤 | 竹叶石膏汤 | 升阳益胃汤 | 固阴煎 | 完带汤 | 旋覆代赭汤 | 吴茱萸汤 | 黄连汤 | 附子汤 | 橘皮竹茹汤 | 温脾汤 | 三痹汤 | 圣愈汤 | 托里消毒散 | 养胃汤 | 丁香柿蒂散 | 清燥救肺汤 | 柴胡桂枝汤 | 桂枝人参汤 | 生姜泻心汤 | 白虎加人参汤 | 生姜甘草汤 | 延年薯蓣酒 | 六和汤 | 门冬清肺饮 | 普济消毒饮子 | 大补元煎 | 举元煎 | 泰山磐石散 | 解郁汤 | 固本止崩汤,"It has the effects of greatly tonifying primordial qi, restoring pulses and securing collapse, tonifying the spleen and nourishing the lungs, promoting fluid production, and tranquilizing the mind."
S026,胸膈满闷、呼吸急促、肺胃失和：喘咳、呕吐、咳嗽,清燥救肺汤,亚麻子（Semen Lini ）,C[C@H](CCC=C(C)C)[C@H]1CC[C@@]2([C@@]1(CC[C@]34[C@H]2CC[C@@H]5[C@]3(C4)CC[C@@H](C5(C)C)O)C)C | CC[C@H](CC[C@@H](C)[C@H]1CC[C@@H]2[C@@]1(CC[C@H]3[C@H]2CC=C4[C@@]3(CC[C@@H](C4)O)C)C)C(C)C | CC[C@H](CC[C@@H](C)[C@H]1CC[C@@H]2[C@@]1(CC[C@H]3[C@H]2CC=C4[C@@]3(CC[C@H](C4)O)C)C)C(C)C | CC1=CC2=C(C3=C1OC4(CCC(C3C4)C(=C)C)C)NC5=CC=CC=C52 | C[C@H](CCCC(C)C)[C@H]1CC[C@@H]2[C@@]1(CC[C@H]3[C@H]2CC=C4[C@@]3(CC[C@@H](C4)O)C)C,清燥救肺汤,"It has the effects of moistening intestines to relieve constipation, tonifying blood, and dispelling wind."
S026,胸膈满闷、呼吸急促、肺胃失和：喘咳、呕吐、咳嗽,清燥救肺汤,阿胶（Colla corii Asini）,C([C@@H](C(=O)O)N)C(=O)O | CSCCC(C(=O)O)N | C[C@H]([C@@H](C(=O)O)N)O | C1=CC=C(C=C1)C[C@@H](C(=O)O)N | C1=C(NC=N1)C[C@@H](C(=O)O)N,猪苓汤 | 三甲复脉汤 | 清肝止淋汤 | 两地汤 | 清燥救肺汤 | 茜根散 | 调肝汤 | 寿胎丸,"It has the effects of stopping bleeding, moistening dryness, nourishing blood, and replenishing yin."
S026,胸膈满闷、呼吸急促、肺胃失和：喘咳、呕吐、咳嗽,清燥救肺汤,苦杏仁（Amygdalus Communis Vas）,CC(=C)[C@@H]1CC[C@]2([C@H]1[C@H]3CC[C@@H]4[C@]5(CC[C@@H](C([C@@H]5CC[C@]4([C@@]3(CC2)C)C)(C)C)O)C)C(=O)O | CC(=CCC1=C(C2=C(C=C1O)OC(=O)C3=C2OC4=C3C=CC(=C4)O)OC)C | C[C@H]1[C@@H]([C@H]([C@H]([C@@H](O1)O[C@@H]2[C@H]([C@H](CO[C@H]2O[C@H]3CC[C@@]4([C@H]5CC[C@@H]6[C@H]7[C@@](C[C@@H](O[C@@]78C[C@]6([C@@]5(CC[C@H]4C3(C)C)C)CO8)C=C(C)C)(C)O)C)O)O[C@H]9[C@@H]([C@H]([C@@H]([C@H](O9)CO)O)O)O[C@H]1[C@@H]([C@H]([C@@H](CO1)O)O)O)O)O)O | C1[C@H](OC2=C(C1=O)C=CC(=C2)O)C3=CC=C(C=C3)O[C@H]4[C@@H]([C@H]([C@@H]([C@H](O4)CO)O)O)O,小续命汤 | 清肺汤 | 麻黄汤 | 厚朴麻黄汤 | 华盖散 | 桑白皮汤 | 清燥救肺汤 | 桂枝加厚朴杏子汤 | 桂枝麻黄各半汤 | 麻黄杏仁薏苡甘草汤 | 六和汤 | 五虎汤 | 宣痹汤,"It has the effects of stopping cough and calming wheezing, moistening intestines to relieve constipation, and diffusing the lungs to release the exterior."
S026,胸膈满闷、呼吸急促、肺胃失和：喘咳、呕吐、咳嗽,清燥救肺汤,麦冬（Ophiopogon japonicus）,CC1CCC2(C(C3C(O2)CC4C3(CCC5C4CC=C6C5(C(CC(C6)O)OC7C(C(C(C(O7)C)O)OC8C(C(C(CO8)O)O)O)OC9C(C(C(C(O9)C)O)O)O)C)C)C)OC1 | C=CC(=O)NCCCCC1=NC=C(N1)CO | CC1=C(C(=C2C(=C1O)C(=O)[C@@H](CO2)CC3=CC=C(C=C3)OC)C)O | CC1=C(C(=C2C(=C1O)C(=O)C(=CO2)CC3=CC4=C(C=C3)OCO4)C=O)O,一贯煎 | 麦门冬汤 | 清心莲子饮 | 地黄饮子 | 清金化痰汤 | 清肺汤 | 人参五味子汤 | 竹叶石膏汤 | 玉女煎 | 沙参麦冬汤 | 甘露饮 | 清上蠲痛汤 | 三甲复脉汤 | 益胃汤 | 两地汤 | 清燥救肺汤 | 门冬清肺饮 | 滋阴降火汤 | 增液承气汤,"It has the effects of nourishing yin to promote fluid production, moistening the lungs, and clearing heart heat."
S027,痔核肿痛、便血血色鲜红、舌红苔黄腻、脉滑数、烦躁,凉血地黄汤,升麻（Cimicifugae Rhizoma）,COC1=C(C=CC(=C1)CCNC(=O)/C=C\C2=CC(=C(C=C2)O)OC)O | C1=CC(=CC=C1/C=C/C(=O)O[C@H](C(=O)O)[C@](CC2=CC(=C(C=C2)O)O)(C(=O)O)O)O | CC1=CC(=O)C2=C(C3=C(C=C2O1)OC(C3)C(C)(C)O)O | C[C@]12C[C@@]3([C@@H]4C[C@]1([C@@]4([C@H](O2)O3)COC(=O)C5=CC=CC=C5)O[C@H]6[C@@H]([C@H]([C@@H]([C@H](O6)CO)O)O)O)O | COC1=C(C=CC(=C1)/C=C\C(=O)NCCC2=CC=C(C=C2)O)O,升陷汤 | 济川煎 | 辛夷散 | 清胃散 | 凉血地黄汤 | 升麻葛根汤 | 普济消毒饮子 | 举元煎,"It has the effects of sedation and hypnosis, analgesia, antipyresis and temperature reduction, liver protection, immunomodulation, anti-inflammation, and antiviral effects."
S027,痔核肿痛、便血血色鲜红、舌红苔黄腻、脉滑数、烦躁,凉血地黄汤,当归(Angelicae Sinensis Radix),CC1=CC[C@@]2(CCCC([C@]23[C@H]1C3)(C)C)C | CC[C@H](CC[C@@H](C)[C@H]1CC[C@@H]2[C@@]1(CC[C@H]3[C@H]2CC=C4[C@@]3(CC[C@@H](C4)O)C)C)C(C)C | CC[C@H](/C=C/[C@@H](C)[C@H]1CC[C@@H]2[C@@]1(CC[C@H]3[C@H]2CC=C4[C@@]3(CC[C@@H](C4)O)C)C)C(C)C | C[C@@H]1CC[C@@H]2[C@]13CC=C([C@H](C3)C2(C)C)C | C1=CC=C(C=C1)C2=CC(=S)C=C(S2)C3=CC=CC=C3,温经汤 | 一贯煎 | 桃红四物汤 | 当归饮子 | 当归补血汤 | 金水六君煎 | 济川煎 | 清肺汤 | 宣郁通经汤 | 当归四逆汤 | 当归建中汤 | 当归六黄汤 | 身痛逐瘀汤 | 三痹汤 | 清胃散 | 圣愈汤 | 乌药汤 | 大秦艽汤 | 暖肝煎 | 托里消毒散 | 清上蠲痛汤 | 蠲痹汤 | 清肝止淋汤 | 四妙勇安汤 | 黄连膏 | 凉血地黄汤 | 当归散 | 温脾丸 | 苏子降气汤 | 佛手散 | 芍药汤 | 门冬清肺饮 | 大补元煎 | 泰山磐石散 | 滋阴降火汤 | 清胃汤 | 解郁汤 | 固本止崩汤 | 养精种玉汤 | 定经汤 | 调肝汤 | 柴胡清肝汤 | 四物消风饮 | 地黄饮 | 凉血四物汤 | 滋水清肝饮 | 膈下逐瘀汤 | 会厌逐瘀汤 | 补肾活血汤 | 活络效灵丹,"It has the effects of nourishing blood, promoting blood circulation, regulating menstruation, relieving pain, and moistening intestines to relieve constipation."
S027,痔核肿痛、便血血色鲜红、舌红苔黄腻、脉滑数、烦躁,凉血地黄汤,地黄(Rehmanniae Radix Praeparata),CCCCC/C=C\C/C=C\CCCCCCCC(=O)O | CC[C@H](CC[C@@H](C)[C@H]1CC[C@@H]2[C@@]1(CC[C@H]3[C@H]2CC=C4[C@@]3(CC[C@H](C4)O)C)C)C(C)C | CO[C@@H]1CC2C([C@H](O1)OC)C3(C(C2O)O3)CO | C[C@@H]1[C@H]([C@H]([C@H]([C@@H](O1)OC[C@@H]2[C@H]([C@@H]([C@H]([C@@H](O2)O[C@H]3[C@H]4[C@H](CCC4=C)C(=CO3)C(=O)OC)O)O)O)O)O)O | CC[C@H](/C=C/[C@@H](C)[C@H]1CC[C@@H]2[C@@]1(CC[C@H]3[C@H]2CC=C4[C@@]3(CC[C@@H](C4)O)C)C)C(C)C,一贯煎 | 桃红四物汤 | 当归饮子 | 百合地黄汤 | 当归六黄汤 | 保阴煎 | 甘露饮 | 三痹汤 | 清胃散 | 圣愈汤 | 大秦艽汤 | 三甲复脉汤 | 益胃汤 | 清肝止淋汤 | 黄连膏 | 凉血地黄汤 | 驻景丸 | 茜根散 | 滋阴降火汤 | 柴葛解肌汤 | 柴胡清肝汤 | 四物消风饮 | 地黄饮 | 凉血四物汤 | 增液承气汤 | 会厌逐瘀汤,"It has the effects of tonifying essence and replenishing marrow, nourishing blood, and supplementing yin."
S027,痔核肿痛、便血血色鲜红、舌红苔黄腻、脉滑数、烦躁,凉血地黄汤,黄连(Coptidis Rhizoma),C[C@@]12CC[C@@H]3[C@]4(C=CC(=O)OC([C@@H]4CC(=O)[C@]3([C@@]15[C@H](O5)C(=O)O[C@H]2C6=COC=C6)C)(C)C)C | COC1=C(C=C2C(=C1)CC[N+]3=C2C=C4C=CC5=C(C4=C3)OCO5)OC | COC1=C(C2=C(CC3C4=CC5=C(C=C4CCN3C2)OCO5)C=C1)OC | COC1=C(C2=C[N+]3=C(C=C2C=C1)C4=CC(=C(C=C4CC3)OC)OC)OC | CC1=C2C3=CC4=C(C=C3CC[N+]2=CC5=CC6=C(C=C15)OCO6)OCO4,枇杷清肺饮 | 半夏泻心汤 | 升阳益胃汤 | 当归六黄汤 | 甘草泻心汤 | 黄连汤 | 清胃散 | 桑白皮汤 | 黄连膏 | 凉血地黄汤 | 附子泻心汤 | 小陷胸汤 | 生姜泻心汤 | 大黄黄连泻心汤 | 泻心汤 | 温脾丸 | 芍药汤 | 普济消毒饮子 | 牛蒡甘桔汤 | 清胃汤 | 柴胡陷胸汤 | 连朴饮,"It has the effects of clearing heat and drying dampness, purging fire and detoxifying."
S027,痔核肿痛、便血血色鲜红、舌红苔黄腻、脉滑数、烦躁,凉血地黄汤,枳壳（Aurantii Fructus）,C/C(=C\COC1=CC2=C(C=C1)C=CC(=O)O2)/CC[C@H](C(C)(C)O)O | COC1=C(C=C(C=C1)[C@@H]2CC(=O)C3=C(C=C(C=C3O2)O)O)O | CC[C@H](CC[C@@H](C)[C@H]1CC[C@@H]2[C@@]1(CC[C@H]3[C@H]2CC=C4[C@@]3(CC[C@@H](C4)O)C)C)C(C)C | C1[C@H](OC2=CC(=CC(=C2C1=O)O)O)C3=CC=C(C=C3)O | COC1=C(C=C(C=C1)C2=CC(=O)C3=C(O2)C(=C(C(=C3OC)OC)OC)OC)OC | CNCCC1=CC=C(C=C1)O,济川煎 | 槐花散 | 甘露饮 | 凉血地黄汤 | 羌活胜风汤 | 六磨汤 | 清胃汤 | 解郁汤 | 蒿芩清胆汤 | 膈下逐瘀汤 | 会厌逐瘀汤,"It has the effects of regulating qi to relieve middle-jiao distension, moving stagnation to reduce bloating."
S027,痔核肿痛、便血血色鲜红、舌红苔黄腻、脉滑数、烦躁,凉血地黄汤,黄芩(Scutellariae Radix),COC1=CC=CC(=C1C2=CC(=O)C3=C(C(=C(C(=C3O2)OC)OC)OC)O)O | COC1=C(C2=C(C(=C1)O)C(=O)C=C(O2)C3=CC=CC=C3O)OC | COC1=C(C=C(C2=C1OC(=CC2=O)C3=CC=C(C=C3)O)O)O,二冬汤 | 半夏泻心汤 | 小续命汤 | 清心莲子饮 | 清金化痰汤 | 清肺汤 | 宣郁通经汤 | 当归六黄汤 | 保阴煎 | 达原饮 | 甘草泻心汤 | 甘露饮 | 大秦艽汤 | 桑白皮汤 | 清上蠲痛汤 | 凉血地黄汤 | 黄芩汤 | 附子泻心汤 | 柴胡桂枝汤 | 柴胡桂枝干姜汤 | 生姜泻心汤 | 当归散 | 泻心汤 | 芍药汤 | 普济消毒饮子 | 羌活胜风汤 | 茜根散 | 泰山磐石散 | 滋阴降火汤 | 清胃汤 | 柴葛解肌汤 | 柴胡清肝汤 | 凉血四物汤 | 柴胡陷胸汤,"It has the effects of clearing heat and drying dampness, purging fire and detoxifying, stopping bleeding, and preventing miscarriage."
S027,痔核肿痛、便血血色鲜红、舌红苔黄腻、脉滑数、烦躁,凉血地黄汤,槐角（Fructussophorae）,C1=CC=C(C=C1)C2=CC(=O)C3=C(O2)C=C(C(=C3O)O)O | C1=CC=C(C=C1)C2=CC(=O)C3=C(C(=C(C=C3O2)O[C@H]4[C@@H]([C@H]([C@@H]([C@H](O4)C(=O)O)O)O)O)O)O | C1C[C@H]2CN3[C@H](CC=CC3=O)[C@@H]4[C@H]2N(C1)CCC4 | C1=CC(=CC=C1C2=C(C(=O)C3=C(C=C(C=C3O2)O)O)O)O | C1=CC(=C(C=C1C2=C(C(=O)C3=C(C=C(C=C3O2)O)O)O)O)O,凉血地黄汤,"It has the effects of clearing heat to purge fire, and cooling blood to stop bleeding."
S027,痔核肿痛、便血血色鲜红、舌红苔黄腻、脉滑数、烦躁,凉血地黄汤,地榆（Radix Sanguisorbae）,CC(=C)[C@@H]1CC[C@]2([C@H]1[C@H]3CC[C@@H]4[C@]5(CC[C@@H](C([C@@H]5CC[C@]4([C@@]3(CC2)C)C)(C)C)O)C)C(=O)O | C1=CC(=CC=C1C2=C(C(=O)C3=C(C=C(C=C3O2)O)O)O)O | CC[C@@]1(C(=O)NC(=O)N(C1=O)C)C2=CC=CC=C2 | C1=CC(=C(C=C1C2=C(C(=O)C3=C(C=C(C=C3O2)O)O)O)O)O,凉血地黄汤,"It has the effects of cooling blood to stop bleeding, reducing swelling, promoting wound healing, and clearing heat to detoxify."
S027,痔核肿痛、便血血色鲜红、舌红苔黄腻、脉滑数、烦躁,凉血地黄汤,荆芥穗（Schizonepetae Spica）,CC(=CCC/C(=C/CC/C(=C/CC/C=C(\C)/CC/C=C(/C)\CCC=C(C)C)/C)/C)C | CC[C@H](CC[C@@H](C)[C@H]1CC[C@@H]2[C@@]1(CC[C@H]3[C@H]2CC=C4[C@@]3(CC[C@H](C4)O)C)C)C(C)C | CC[C@H](/C=C/[C@@H](C)[C@H]1CC[C@@H]2[C@@]1(CC[C@H]3[C@H]2CC=C4[C@@]3(CC[C@@H](C4)O)C)C)C(C)C | COC1=CC=C(C=C1)C2=CC(=O)C3=C(O2)C=C(C(=C3O)OC)O,当归饮子 | 槐花散 | 凉血地黄汤 | 羌活胜风汤 | 清胃汤 | 定经汤 | 四物消风饮,"It has the effects of dispersing wind-cold, promoting eruption to relieve itching, and stopping bleeding."
S027,痔核肿痛、便血血色鲜红、舌红苔黄腻、脉滑数、烦躁,凉血地黄汤,天花粉(Trichosanthis Radix),CC[C@H](/C=C/[C@@H](C)[C@H]1CC[C@@H]2[C@@]1(CC[C@H]3C2=CC[C@@H]4[C@@]3(CC[C@@H](C4)O)C)C)C(C)C | CC[C@H](CC[C@@H](C)[C@H]1CC[C@@H]2[C@@]1(CC[C@H]3C2=CC[C@@H]4[C@@]3(CC[C@@H](C4)O)C)C)C(C)C,二冬汤 | 沙参麦冬汤 | 凉血地黄汤 | 牛蒡甘桔汤 | 柴胡清肝汤 | 理冲汤,"It has the effects of clearing heat to generate fluids, reducing swelling and draining pus."
S027,痔核肿痛、便血血色鲜红、舌红苔黄腻、脉滑数、烦躁,凉血地黄汤,甘草(licorice ),CC(=CCC1=C(C2=C(C=C1O)OC(=O)C3=C2OC4=C3C=CC(=C4)O)OC)C | CC1(C=CC2=C(O1)C=CC3=C2OC[C@@H]4[C@H]3OC5=C4C=CC(=C5)O)C | CC1(CCC2=C(O1)C=C3C(=C2OC)C=C(C(=O)O3)C4=C(C=C(C=C4)O)O)CO | CC1(C=CC2=C(O1)C=CC(=C2O)C3COC4=C(C3=O)C(=CC(=C4)O)OC)C | CC(=CCC1=C(C=CC2=C1OC(=O)C3=C2OC4=C3C=CC(=C4)O)O)C,苓桂术甘汤 | 温经汤 | 枇杷清肺饮 | 二冬汤 | 桃核承气汤 | 芍药甘草汤 | 半夏泻心汤 | 麦门冬汤 | 温胆汤 | 小续命汤 | 当归饮子 | 泻白散 | 清心莲子饮 | 羌活胜湿汤 | 清金化痰汤 | 金水六君煎 | 清肺汤 | 保元汤 | 半夏白术天麻汤 | 宣郁通经汤 | 异功散 | 泻黄散 | 白术散 | 消乳丸 | 人参五味子汤 | 清宁散 | 竹叶石膏汤 | 麻黄汤 | 当归四逆汤 | 桂枝芍药知母汤 | 当归建中汤 | 升阳益胃汤 | 厚朴温中汤 | 保阴煎 | 固阴煎 | 清骨散 | 达原饮 | 沙参麦冬汤 | 完带汤 | 身痛逐瘀汤 | 散偏汤 | 旋覆代赭汤 | 甘草泻心汤 | 黄连汤 | 橘皮竹茹汤 | 甘姜苓术汤 | 厚朴七物汤 | 温脾汤 | 竹茹汤 | 辛夷散 | 实脾散 | 甘露饮 | 华盖散 | 三痹汤 | 乌药汤 | 大秦艽汤 | 托里消毒散 | 清上蠲痛汤 | 养胃汤 | 石决明散 | 三甲复脉汤 | 蠲痹汤 | 四妙勇安汤 | 除湿胃苓汤 | 清燥救肺汤 | 凉血地黄汤 | 桂枝甘草汤 | 栀子柏皮汤 | 黄芩汤 | 茯苓桂枝甘 草大枣汤 | 柴胡桂枝汤 | 通脉四逆汤 | 桂枝加厚朴杏子汤 | 桂枝麻黄各半汤 | 柴胡桂枝干姜汤 | 桂枝人参汤 | 生姜泻心汤 | 白虎加人参汤 | 调胃承气汤 | 桔梗汤 | 防己黄芪汤 | 苓甘五味姜辛汤 | 防己茯苓汤 | 越婢汤 | 麻黄杏仁薏苡甘草汤 | 瓜蒌桂枝汤 | 生姜甘草汤 | 苏子降气汤 | 香苏散 | 升麻葛根汤 | 平胃散 | 六和汤 | 五虎汤 | 芍药汤 | 门冬清肺饮 | 普济消毒饮子 | 羌活胜风汤 | 牛蒡甘桔汤 | 大补元煎 | 左归饮 | 举元煎 | 茜根散 | 泰山磐石散 | 滋阴降火汤 | 清胃汤 | 调肝汤 | 柴葛解肌汤 | 茵陈术附汤 | 阳和汤 | 柴胡清肝汤 | 地黄饮 | 凉血四物汤 | 膈下逐瘀汤 | 会厌逐瘀汤,"It has the effects of tonifying the spleen and replenishing qi, clearing heat and detoxifying, dispelling phlegm and stopping cough, relieving spasm and alleviating pain, as well as harmonizing the actions of other herbs."
S028,发热微恶寒、微呕、心下支结、四肢关节烦疼、风寒引起的不适,柴胡桂枝汤,桂枝 (Cinnamomi Ramulus),C[C@H](/C=C/[C@H](C)C(C)C)[C@H]1CC[C@@H]2[C@@]1(CC[C@H]3[C@]24C=C[C@@]5([C@@]3(CC[C@@H](C5)O)C)OO4)C | C1[C@@H]([C@H](OC2=CC(=CC(=C21)O)O)C3=CC(=C(C=C3)O)O)O | C1[C@@H]([C@@H](OC2=CC(=CC(=C21)O)O)C3=CC(=C(C=C3)O)O)O | C1=CC(=C(C=C1[C@@H]2[C@H](C(=O)C3=C(C=C(C=C3O2)O)O)O)O)O,苓桂术甘汤 | 桃核承气汤 | 黄芪桂枝五物汤 | 麻黄汤 | 当归四逆汤 | 桂枝芍药知母汤 | 枳实薤白桂枝汤 | 黄连汤 | 厚朴七物汤 | 桂枝甘草汤 | 茯苓桂枝甘 草大枣汤 | 柴胡桂枝汤 | 桂枝加厚朴杏子汤 | 桂枝麻黄各半汤 | 柴胡桂枝干姜汤 | 桂枝人参汤 | 防己茯苓汤 | 瓜蒌桂枝汤 | 芍药汤,"It has the effects of warming meridians and dredging collaterals, releasing the exterior, dispersing wind-cold, and unblocking yang."
S028,发热微恶寒、微呕、心下支结、四肢关节烦疼、风寒引起的不适,柴胡桂枝汤,黄芩(Scutellariae Radix),COC1=CC=CC(=C1C2=CC(=O)C3=C(C(=C(C(=C3O2)OC)OC)OC)O)O | COC1=C(C2=C(C(=C1)O)C(=O)C=C(O2)C3=CC=CC=C3O)OC | COC1=C(C=C(C2=C1OC(=CC2=O)C3=CC=C(C=C3)O)O)O,二冬汤 | 半夏泻心汤 | 小续命汤 | 清心莲子饮 | 清金化痰汤 | 清肺汤 | 宣郁通经汤 | 当归六黄汤 | 保阴煎 | 达原饮 | 甘草泻心汤 | 甘露饮 | 大秦艽汤 | 桑白皮汤 | 清上蠲痛汤 | 凉血地黄汤 | 黄芩汤 | 附子泻心汤 | 柴胡桂枝汤 | 柴胡桂枝干姜汤 | 生姜泻心汤 | 当归散 | 泻心汤 | 芍药汤 | 普济消毒饮子 | 羌活胜风汤 | 茜根散 | 泰山磐石散 | 滋阴降火汤 | 清胃汤 | 柴葛解肌汤 | 柴胡清肝汤 | 凉血四物汤 | 柴胡陷胸汤,"It has the effects of clearing heat and drying dampness, purging fire and detoxifying, stopping bleeding, and preventing miscarriage."
S028,发热微恶寒、微呕、心下支结、四肢关节烦疼、风寒引起的不适,柴胡桂枝汤,人参(Panax Ginseng C. A. Mey.),C1[C@H]2[C@@H](C3=C(O1)C=C(C=C3)O)OC4=CC5=C(C=C24)OCO5 | C1CCN(CCCNC(=O)C[C@H](NC1)C2=CC=CC=C2)C(=O)C3=CC=CC=C3 | C1=CC=C2C(=C1)C3=C(C(=O)C4=CC=CC=C4O3)C(=O)O2 | CC1=CC2=C(C3=C1OC(C=C3)(C)C)NC4=CC=CC=C42 | COC1=C(C=C(C=C1)C[C@@H]\2COC(=O)/C2=C/C3=CC4=C(C=C3)OCO4)OC,温经汤 | 枇杷清肺饮 | 二冬汤 | 半夏泻心汤 | 大建中汤 | 麦门冬汤 | 小续命汤 | 开心散 | 清心莲子饮 | 保元汤 | 异功散 | 白术散 | 人参五味子汤 | 竹叶石膏汤 | 升阳益胃汤 | 固阴煎 | 完带汤 | 旋覆代赭汤 | 吴茱萸汤 | 黄连汤 | 附子汤 | 橘皮竹茹汤 | 温脾汤 | 三痹汤 | 圣愈汤 | 托里消毒散 | 养胃汤 | 丁香柿蒂散 | 清燥救肺汤 | 柴胡桂枝汤 | 桂枝人参汤 | 生姜泻心汤 | 白虎加人参汤 | 生姜甘草汤 | 延年薯蓣酒 | 六和汤 | 门冬清肺饮 | 普济消毒饮子 | 大补元煎 | 举元煎 | 泰山磐石散 | 解郁汤 | 固本止崩汤,"It has the effects of greatly tonifying primordial qi, restoring pulses and securing collapse, tonifying the spleen and nourishing the lungs, promoting fluid production, and tranquilizing the mind."
S028,发热微恶寒、微呕、心下支结、四肢关节烦疼、风寒引起的不适,柴胡桂枝汤,甘草(licorice ),CC(=CCC1=C(C2=C(C=C1O)OC(=O)C3=C2OC4=C3C=CC(=C4)O)OC)C | CC1(C=CC2=C(O1)C=CC3=C2OC[C@@H]4[C@H]3OC5=C4C=CC(=C5)O)C | CC1(CCC2=C(O1)C=C3C(=C2OC)C=C(C(=O)O3)C4=C(C=C(C=C4)O)O)CO | CC1(C=CC2=C(O1)C=CC(=C2O)C3COC4=C(C3=O)C(=CC(=C4)O)OC)C | CC(=CCC1=C(C=CC2=C1OC(=O)C3=C2OC4=C3C=CC(=C4)O)O)C,苓桂术甘汤 | 温经汤 | 枇杷清肺饮 | 二冬汤 | 桃核承气汤 | 芍药甘草汤 | 半夏泻心汤 | 麦门冬汤 | 温胆汤 | 小续命汤 | 当归饮子 | 泻白散 | 清心莲子饮 | 羌活胜湿汤 | 清金化痰汤 | 金水六君煎 | 清肺汤 | 保元汤 | 半夏白术天麻汤 | 宣郁通经汤 | 异功散 | 泻黄散 | 白术散 | 消乳丸 | 人参五味子汤 | 清宁散 | 竹叶石膏汤 | 麻黄汤 | 当归四逆汤 | 桂枝芍药知母汤 | 当归建中汤 | 升阳益胃汤 | 厚朴温中汤 | 保阴煎 | 固阴煎 | 清骨散 | 达原饮 | 沙参麦冬汤 | 完带汤 | 身痛逐瘀汤 | 散偏汤 | 旋覆代赭汤 | 甘草泻心汤 | 黄连汤 | 橘皮竹茹汤 | 甘姜苓术汤 | 厚朴七物汤 | 温脾汤 | 竹茹汤 | 辛夷散 | 实脾散 | 甘露饮 | 华盖散 | 三痹汤 | 乌药汤 | 大秦艽汤 | 托里消毒散 | 清上蠲痛汤 | 养胃汤 | 石决明散 | 三甲复脉汤 | 蠲痹汤 | 四妙勇安汤 | 除湿胃苓汤 | 清燥救肺汤 | 凉血地黄汤 | 桂枝甘草汤 | 栀子柏皮汤 | 黄芩汤 | 茯苓桂枝甘 草大枣汤 | 柴胡桂枝汤 | 通脉四逆汤 | 桂枝加厚朴杏子汤 | 桂枝麻黄各半汤 | 柴胡桂枝干姜汤 | 桂枝人参汤 | 生姜泻心汤 | 白虎加人参汤 | 调胃承气汤 | 桔梗汤 | 防己黄芪汤 | 苓甘五味姜辛汤 | 防己茯苓汤 | 越婢汤 | 麻黄杏仁薏苡甘草汤 | 瓜蒌桂枝汤 | 生姜甘草汤 | 苏子降气汤 | 香苏散 | 升麻葛根汤 | 平胃散 | 六和汤 | 五虎汤 | 芍药汤 | 门冬清肺饮 | 普济消毒饮子 | 羌活胜风汤 | 牛蒡甘桔汤 | 大补元煎 | 左归饮 | 举元煎 | 茜根散 | 泰山磐石散 | 滋阴降火汤 | 清胃汤 | 调肝汤 | 柴葛解肌汤 | 茵陈术附汤 | 阳和汤 | 柴胡清肝汤 | 地黄饮 | 凉血四物汤 | 膈下逐瘀汤 | 会厌逐瘀汤,"It has the effects of tonifying the spleen and replenishing qi, clearing heat and detoxifying, dispelling phlegm and stopping cough, relieving spasm and alleviating pain, as well as harmonizing the actions of other herbs."
S028,发热微恶寒、微呕、心下支结、四肢关节烦疼、风寒引起的不适,柴胡桂枝汤,半夏（Arum Ternatum Thunb）,C1=CC=C(C=C1)C2=CC(=O)C3=C(C(=C(C=C3O2)O[C@H]4[C@@H]([C@H]([C@@H]([C@H](O4)C(=O)O)O)O)O)O)O | CC[C@H](/C=C/[C@@H](C)[C@H]1CC[C@@H]2[C@@]1(CC[C@H]3[C@H]2CC=C4[C@@]3(CC[C@@H](C4)O)C)C)C(C)C | COC(=O)[C@H](CC1=CC=CC=C1)NC(=O)N2CCN(CCN(CC2)C(=O)N[C@@H](CC3=CC=CC=C3)C(=O)OC)C(=O)N[C@@H](CC4=CC=CC=C4)C(=O)OC | C1=NC2=C(N1[C@H]3[C@@H]([C@@H]([C@H](O3)CO)O)O)NC(=O)NC2=O,半夏泻心汤 | 瓜蒌薤白半夏汤 | 麦门冬汤 | 温胆汤 | 金水六君煎 | 半夏白术天麻汤 | 竹叶石膏汤 | 半夏厚朴汤 | 厚朴麻黄汤 | 升阳益胃汤 | 旋覆代赭汤 | 甘草泻心汤 | 黄连汤 | 竹茹汤 | 桑白皮汤 | 养胃汤 | 柴胡桂枝汤 | 小陷胸汤 | 生姜泻心汤 | 射干麻黄汤 | 小半夏加茯苓汤 | 苏子降气汤 | 六和汤 | 导痰汤 | 蒿芩清胆汤 | 柴胡陷胸汤 | 宣痹汤 | 连朴饮,"It has the effects of descending rebellion to stop vomiting, drying dampness to transform phlegm, and dissipating masses to resolve stagnation."
S028,发热微恶寒、微呕、心下支结、四肢关节烦疼、风寒引起的不适,柴胡桂枝汤,白芍(Paeoniae Radix Alba),C[C@@]12CC(=O)[C@H]3C[C@@]1(O[C@@H]([C@@H]3COC(=O)C4=CC=CC=C4)O2)O | C[C@]12C[C@@]3([C@@H]4C[C@]1([C@@]4([C@H](O2)O3)COC(=O)C5=CC=CC=C5)O[C@H]6[C@@H]([C@H]([C@@H]([C@H](O6)CO)O)O)O)O | C[C@]12C[C@H]([C@@H]3C[C@]1([C@@]3(C(=O)O2)COC(=O)C4=CC=CC=C4)O[C@H]5[C@@H]([C@H]([C@@H]([C@H](O5)CO)O)O)O)O | CC(=C)[C@@H]1CC[C@]2([C@H]1[C@H]3CC[C@@H]4[C@]5(CC[C@@H](C([C@@H]5CC[C@]4([C@@]3(CC2)C)C)(C)C)O)C)C(=O)O,温经汤 | 桃红四物汤 | 芍药甘草汤 | 真武汤 | 黄芪桂枝五物汤 | 小续命汤 | 当归饮子 | 宣郁通经汤 | 当归四逆汤 | 桂枝芍药知母汤 | 当归建中汤 | 升阳益胃汤 | 保阴煎 | 化肝煎 | 达原饮 | 完带汤 | 散偏汤 | 附子汤 | 三痹汤 | 大秦艽汤 | 托里消毒散 | 三甲复脉汤 | 清经散 | 清肝止淋汤 | 两地汤 | 黄芩汤 | 柴胡桂枝汤 | 桂枝加厚朴杏子汤 | 桂枝麻黄各半汤 | 当归散 | 枳实芍药散 | 瓜蒌桂枝汤 | 升麻葛根汤 | 芍药汤 | 门冬清肺饮 | 泰山磐石散 | 滋阴降火汤 | 解郁汤 | 养精种玉汤 | 定经汤 | 调肝汤 | 滋水清肝饮,"It has the effects of pacifying the liver to relieve pain, nourishing blood to regulate menstruation, and astringing yin to stop sweating."
S028,发热微恶寒、微呕、心下支结、四肢关节烦疼、风寒引起的不适,柴胡桂枝汤,大枣(Jujubae Fructus),C[C@@]12CCC[C@]34[C@@H]1[C@]5(C[C@]67[C@H]3C(=O)[C@H](CC6C4N5C2)C(=C)C7)O | CC(=C)[C@@H]1CC[C@]2([C@H]1[C@H]3CC[C@@H]4[C@]5(CC[C@@H](C([C@@H]5CC[C@]4([C@@]3(CC2)C)C)(C)C)O)C)C(=O)O | CC1CCC(C2(C13CC(C(C2OC(=O)C4=CC=CC=C4)OC(=O)C)C(O3)(C)C)CO)O | CN1CCC2=CC3=C(C=C2C(=O)CC4=C(C1)C5=C(C=C4)OCO5)OCO3 | CC(=C)[C@@H]1CC[C@]2([C@H]1[C@H]3CC[C@H]4[C@]([C@@]3(CC2)C)(CC[C@@H]5[C@@]4([C@H]([C@@H](C5(C)C)O)C(=O)O)C)C)C(=O)O,半夏泻心汤 | 黄芪桂枝五物汤 | 麦门冬汤 | 地黄饮子 | 清肺汤 | 半夏白术天麻汤 | 异功散 | 苏葶丸 | 人参五味子汤 | 清宁散 | 当归四逆汤 | 当归建中汤 | 升阳益胃汤 | 旋覆代赭汤 | 吴茱萸汤 | 甘草泻心汤 | 黄连汤 | 橘皮竹茹汤 | 厚朴七物汤 | 清肝止淋汤 | 黄芩汤 | 茯苓桂枝甘 草大枣汤 | 柴胡桂枝汤 | 桂枝加厚朴杏子汤 | 桂枝麻黄各半汤 | 生姜泻心汤 | 射干麻黄汤 | 葶苈大枣泻肺汤 | 越婢汤 | 瓜蒌桂枝汤 | 生姜甘草汤 | 通窍活血汤,"It has the effects of tonifying the spleen and stomach, harmonizing blood, calming the spirit, replenishing qi, and nourishing blood."
S028,发热微恶寒、微呕、心下支结、四肢关节烦疼、风寒引起的不适,柴胡桂枝汤,生姜( Zingiber Officinale Roscoe),CC[C@H](CC[C@@H](C)[C@H]1CC[C@@H]2[C@@]1(CC[C@H]3[C@H]2CC=C4[C@@]3(CC[C@@H](C4)O)C)C)C(C)C | CC[C@H](/C=C/[C@@H](C)[C@H]1CC[C@@H]2[C@@]1(CC[C@H]3[C@H]2CC=C4[C@@]3(CC[C@@H](C4)O)C)C)C(C)C | CC[C@@H](CC[C@@H](C)[C@H]1CC[C@@H]2[C@@]1(CC[C@H]3[C@H]2CC=C4[C@@]3(CC[C@@H](C4)O)C)C)C(C)C | CC(C)CCCCCCC(=O)NCC1=CC(=C(C=C1)O)OC,真武汤 | 黄芪桂枝五物汤 | 温胆汤 | 小续命汤 | 当归饮子 | 地黄饮子 | 金水六君煎 | 清肺汤 | 保元汤 | 半夏白术天麻汤 | 异功散 | 人参五味子汤 | 清宁散 | 桂枝芍药知母汤 | 半夏厚朴汤 | 当归建中汤 | 升阳益胃汤 | 厚朴温中汤 | 旋覆代赭汤 | 吴茱萸汤 | 橘皮竹茹汤 | 厚朴七物汤 | 丁香柿蒂散 | 柴胡桂枝汤 | 桂枝加厚朴杏子汤 | 桂枝麻黄各半汤 | 生姜泻心汤 | 射干麻黄汤 | 小半夏加茯苓汤 | 越婢汤 | 瓜蒌桂枝汤 | 生姜甘草汤 | 延年薯蓣酒 | 柴胡陷胸汤 | 通窍活血汤,"It has the effects of resolving phlegm to stop cough, descending rebellion to arrest vomiting, releasing the exterior, and dispersing wind-cold."
S028,发热微恶寒、微呕、心下支结、四肢关节烦疼、风寒引起的不适,柴胡桂枝汤,柴胡（Radix Bupleuri）,COC1=C(C=CC(=C1)C2=C(C(=O)C3=C(C=C(C=C3O2)O)O)O)O | COC1=C(C=C(C(=C1)C2=CC(=O)C3=C(C(=C(C=C3O2)OC)OC)O)O)O | C1[C@@H]([C@H]([C@H](O1)O)CC2=CC3=C(C=C2)OCO3)CC4=CC5=C(C=C4)OCO5 | CC1(CCCC23[C@@H]1[C@@H](C([C@]45[C@H]2CC[C@H](C4O)C(=C)C5=O)(OC3)O)O)C | C/C=C(\C)/C(=O)O[C@H]1[C@H](C(OC2=C1C3=C(C=C2)C=CC(=O)O3)(C)C)OC(=O)/C(=C/C)/C,升陷汤 | 宣郁通经汤 | 升阳益胃汤 | 完带汤 | 散偏汤 | 柴胡桂枝汤 | 柴胡桂枝干姜汤 | 佛手散 | 普济消毒饮子 | 羌活胜风汤 | 滋阴降火汤 | 定经汤 | 柴葛解肌汤 | 柴胡清肝汤 | 四物消风饮 | 滋水清肝饮 | 柴胡陷胸汤 | 会厌逐瘀汤,"It has the effects of dispersing and reducing fever, soothing the liver, and lifting yang."
S029,咳嗽喘急、喉中痰鸣、痰多稀白、恶寒无汗、舌苔白滑,射干麻黄汤,射干（ Belamcandae Rhizome）,COC1=CC(=C2C(=C1)OC(=C(C2=O)O)C3=CC(=C(C=C3)O)OC)O | COC1=C(C=CC(=C1)C2=C(C(=O)C3=C(C=C(C=C3O2)O)O)O)O | COC1=C(C=C(C=C1)C2=COC3=C(C2=O)C(=C(C(=C3)O)OC)O)O | COC1=CC=C(C=C1)[C@@H]2[C@H](C(=O)C3=C(C=C(C=C3O2)O)O)O | C1OC2=C(O1)C(=C3C(=C2)OC=C(C3=O)C4=CC=C(C=C4)O)O,射干麻黄汤,"It has the effects of purging fire to detoxify, eliminating phlegm, and relieving sore throat, etc."
S029,咳嗽喘急、喉中痰鸣、痰多稀白、恶寒无汗、舌苔白滑,射干麻黄汤,麻黄（Ephedra Herba）,C1=CC(=CC=C1C2C(C(C3=C(C=C(C=C3O2)O)O)O)O)O | C1[C@@H]([C@H](OC2=CC(=CC(=C21)O)O)C3=CC(=C(C=C3)O)O)O | C1[C@H](OC2=CC(=CC(=C2C1=O)O)O)C3=CC=C(C=C3)O | C1=CC(=C(C=C1[C@@H]2[C@H](C(=O)C3=C(C=C(C=C3O2)O)O)O)O)O | C1[C@H](OC2=CC(=CC(=C2C1=O)O)O)C3=CC(=C(C=C3)O)O,小续命汤 | 麻黄汤 | 桂枝芍药知母汤 | 厚朴麻黄汤 | 华盖散 | 麻黄细辛附子汤 | 桂枝麻黄各半汤 | 射干麻黄汤 | 越婢汤 | 麻黄杏仁薏苡甘草汤 | 牡蛎散 | 五虎汤 | 阳和汤,"It has the effects of inducing sweating to disperse cold, diffusing the lungs to relieve wheezing, and promoting diuresis to reduce edema."
S029,咳嗽喘急、喉中痰鸣、痰多稀白、恶寒无汗、舌苔白滑,射干麻黄汤,生姜( Zingiber Officinale Roscoe),CC[C@H](CC[C@@H](C)[C@H]1CC[C@@H]2[C@@]1(CC[C@H]3[C@H]2CC=C4[C@@]3(CC[C@@H](C4)O)C)C)C(C)C | CC[C@H](/C=C/[C@@H](C)[C@H]1CC[C@@H]2[C@@]1(CC[C@H]3[C@H]2CC=C4[C@@]3(CC[C@@H](C4)O)C)C)C(C)C | CC[C@@H](CC[C@@H](C)[C@H]1CC[C@@H]2[C@@]1(CC[C@H]3[C@H]2CC=C4[C@@]3(CC[C@@H](C4)O)C)C)C(C)C | CC(C)CCCCCCC(=O)NCC1=CC(=C(C=C1)O)OC,真武汤 | 黄芪桂枝五物汤 | 温胆汤 | 小续命汤 | 当归饮子 | 地黄饮子 | 金水六君煎 | 清肺汤 | 保元汤 | 半夏白术天麻汤 | 异功散 | 人参五味子汤 | 清宁散 | 桂枝芍药知母汤 | 半夏厚朴汤 | 当归建中汤 | 升阳益胃汤 | 厚朴温中汤 | 旋覆代赭汤 | 吴茱萸汤 | 橘皮竹茹汤 | 厚朴七物汤 | 丁香柿蒂散 | 柴胡桂枝汤 | 桂枝加厚朴杏子汤 | 桂枝麻黄各半汤 | 生姜泻心汤 | 射干麻黄汤 | 小半夏加茯苓汤 | 越婢汤 | 瓜蒌桂枝汤 | 生姜甘草汤 | 延年薯蓣酒 | 柴胡陷胸汤 | 通窍活血汤,"It has the effects of resolving phlegm to stop cough, descending rebellion to arrest vomiting, releasing the exterior, and dispersing wind-cold."
S029,咳嗽喘急、喉中痰鸣、痰多稀白、恶寒无汗、舌苔白滑,射干麻黄汤,细辛（Asari Radix Et Rhizoma）,CN1CCC2=CC(=C(C=C2C(=O)CC3=C(C1)C4=C(C=C3)OCO4)OC)OC | C1[C@H]2[C@H](CO[C@@H]2C3=CC4=C(C=C3)OCO4)[C@H](O1)C5=CC6=C(C=C5)OCO6 | C/C=C/CC1=C([C@H](CC1=O)OC(=O)[C@@H]2[C@H](C2(C)C)/C=C(\C)/C(=O)OC)C | COC1=C(C(=C(C=C1)[C@H]2COC3=C(C2=O)C=CC(=C3)O)OC)OC | C1=CC(=CC=C1C2=C(C(=O)C3=C(C=C(C=C3O2)O)O)O)O,当归四逆汤 | 厚朴麻黄汤 | 辛夷散 | 三痹汤 | 大秦艽汤 | 清上蠲痛汤 | 麻黄细辛附子汤 | 大黄附子汤 | 射干麻黄汤 | 苓甘五味姜辛汤 | 温脾丸,"It has the effects of dispelling wind and scattering cold, unblocking orifices to relieve pain, and warming the lungs to transform retained fluid."
S029,咳嗽喘急、喉中痰鸣、痰多稀白、恶寒无汗、舌苔白滑,射干麻黄汤,紫菀（ Asteris Radix Et Rhizoma ）,C1=CC=C(C=C1)C2=C(C(=O)C3=C(C=C(C=C3O2)O)O)O | CC[C@H](/C=C/[C@@H](C)[C@H]1CC[C@@H]2[C@@]1(CC[C@@H]3[C@@H]2CC=C4[C@@]3(CC[C@@H](C4)O)C)C)C(C)C | COC1=C(C=CC(=C1)C2=C(C(=O)C3=C(C=C(C=C3O2)O)O)O)O | C1=CC(=C(C=C1C2=C(C(=O)C3=C(C=C(C=C3O2)O)O)O)O)O,射干麻黄汤 | 门冬清肺饮,"It has the effects of moistening the lungs to direct qi downward, and relieving cough and resolving phlegm."
S029,咳嗽喘急、喉中痰鸣、痰多稀白、恶寒无汗、舌苔白滑,射干麻黄汤,款冬花（Farfarae Flos）,C/C=C\1/C[C@H]([C@@](C(=O)OC/C/2=C/CN(CC[C@H](C2=O)OC1=O)C)(C)O)C | CC/C(=C/C(=O)O[C@@H]1C[C@H]([C@H]2[C@@H](C1=C)CC(=O)[C@@H]2[C@@H](C)OC(=O)C)C(C)C)/C | CC1=CCCC(C1/C=C/C(=C\C=C/C(=C/C=C/C=C(\C)/C=C\C=C(\C)/C=C/C23C(CCCC2(O3)C)(C)C)/C)/C)(C)C | C1=CC(=CC=C1C#N)C(C2=CC=C(C=C2)C#N)N3C=NC=N3 | C1=CC(=C(C=C1C2=C(C(=O)C3=C(C=C(C=C3O2)O)O)O)O)O,射干麻黄汤,"It has the effects of moistening the lungs to direct qi downward, and relieving cough and resolving phlegm."
S029,咳嗽喘急、喉中痰鸣、痰多稀白、恶寒无汗、舌苔白滑,射干麻黄汤,五味子（Fructus Schisandrae）,CC1CC2=CC(=C(C(=C2C3=C(C(=C(C=C3CC1C)OC)OC)OC)OC)OC)OC | C/C/1=C\CCC(=C)[C@H]2CC([C@@H]2CC1)(C)C | C[C@H]1CC2=CC(=C(C(=C2C3=C(C(=C(C=C3C[C@]1(C)O)OC)OC)OC)OC)OC)OC | CC1CC2=CC3=C(C(=C2C4=C(C(=C(C=C4CC1C)OC)OC)OC)OC)OCO3 | C[C@@H]1CC2=CC3=C(C(=C2C4=C(C5=C(C=C4C[C@@H]1C)OCO5)OC)OC)OCO3,地黄饮子 | 清肺汤 | 人参五味子汤 | 厚朴麻黄汤 | 固阴煎 | 射干麻黄汤 | 苓甘五味姜辛汤 | 延年薯蓣酒 | 门冬清肺饮,"It has the effects of astringing and consolidating, replenishing qi to promote fluid production, and tonifying the kidneys to calm the heart."
S029,咳嗽喘急、喉中痰鸣、痰多稀白、恶寒无汗、舌苔白滑,射干麻黄汤,大枣(Jujubae Fructus),C[C@@]12CCC[C@]34[C@@H]1[C@]5(C[C@]67[C@H]3C(=O)[C@H](CC6C4N5C2)C(=C)C7)O | CC(=C)[C@@H]1CC[C@]2([C@H]1[C@H]3CC[C@@H]4[C@]5(CC[C@@H](C([C@@H]5CC[C@]4([C@@]3(CC2)C)C)(C)C)O)C)C(=O)O | CC1CCC(C2(C13CC(C(C2OC(=O)C4=CC=CC=C4)OC(=O)C)C(O3)(C)C)CO)O | CN1CCC2=CC3=C(C=C2C(=O)CC4=C(C1)C5=C(C=C4)OCO5)OCO3 | CC(=C)[C@@H]1CC[C@]2([C@H]1[C@H]3CC[C@H]4[C@]([C@@]3(CC2)C)(CC[C@@H]5[C@@]4([C@H]([C@@H](C5(C)C)O)C(=O)O)C)C)C(=O)O,半夏泻心汤 | 黄芪桂枝五物汤 | 麦门冬汤 | 地黄饮子 | 清肺汤 | 半夏白术天麻汤 | 异功散 | 苏葶丸 | 人参五味子汤 | 清宁散 | 当归四逆汤 | 当归建中汤 | 升阳益胃汤 | 旋覆代赭汤 | 吴茱萸汤 | 甘草泻心汤 | 黄连汤 | 橘皮竹茹汤 | 厚朴七物汤 | 清肝止淋汤 | 黄芩汤 | 茯苓桂枝甘 草大枣汤 | 柴胡桂枝汤 | 桂枝加厚朴杏子汤 | 桂枝麻黄各半汤 | 生姜泻心汤 | 射干麻黄汤 | 葶苈大枣泻肺汤 | 越婢汤 | 瓜蒌桂枝汤 | 生姜甘草汤 | 通窍活血汤,"It has the effects of tonifying the spleen and stomach, harmonizing blood, calming the spirit, replenishing qi, and nourishing blood."
S029,咳嗽喘急、喉中痰鸣、痰多稀白、恶寒无汗、舌苔白滑,射干麻黄汤,半夏（Arum Ternatum Thunb）,C1=CC=C(C=C1)C2=CC(=O)C3=C(C(=C(C=C3O2)O[C@H]4[C@@H]([C@H]([C@@H]([C@H](O4)C(=O)O)O)O)O)O)O | CC[C@H](/C=C/[C@@H](C)[C@H]1CC[C@@H]2[C@@]1(CC[C@H]3[C@H]2CC=C4[C@@]3(CC[C@@H](C4)O)C)C)C(C)C | COC(=O)[C@H](CC1=CC=CC=C1)NC(=O)N2CCN(CCN(CC2)C(=O)N[C@@H](CC3=CC=CC=C3)C(=O)OC)C(=O)N[C@@H](CC4=CC=CC=C4)C(=O)OC | C1=NC2=C(N1[C@H]3[C@@H]([C@@H]([C@H](O3)CO)O)O)NC(=O)NC2=O,半夏泻心汤 | 瓜蒌薤白半夏汤 | 麦门冬汤 | 温胆汤 | 金水六君煎 | 半夏白术天麻汤 | 竹叶石膏汤 | 半夏厚朴汤 | 厚朴麻黄汤 | 升阳益胃汤 | 旋覆代赭汤 | 甘草泻心汤 | 黄连汤 | 竹茹汤 | 桑白皮汤 | 养胃汤 | 柴胡桂枝汤 | 小陷胸汤 | 生姜泻心汤 | 射干麻黄汤 | 小半夏加茯苓汤 | 苏子降气汤 | 六和汤 | 导痰汤 | 蒿芩清胆汤 | 柴胡陷胸汤 | 宣痹汤 | 连朴饮,"It has the effects of descending rebellion to stop vomiting, drying dampness to transform phlegm, and dissipating masses to resolve stagnation."
S030,项背强急、汗出恶风、脉沉迟或伴轻微发热、舌淡红少津、热毒引起的症状,温脾丸,黄柏(Phellodendri Chinrnsis Cortex),C1CC2CN3C(=O)C=CC=C3C4=CCCN(C24)C1 | COC1=C(C2=C[N+]3=C(C=C2C=C1)C4=CC(=C(C=C4CC3)OC)OC)OC | CN1CCC2=CC3=C(C=C2C(=O)CC4=C(C1)C5=C(C=C4)OCO5)OCO3 | CC(=CCC1=C(C=C(C2=C1O[C@@H]([C@H](C2=O)O)C3=CC=C(C=C3)O)O)O[C@H]4[C@@H]([C@H]([C@@H]([C@H](O4)CO)O)O)O)C | COC1=C(C2=C(C[C@H]3C4=CC5=C(C=C4CCN3C2)OCO5)C=C1)OC,枇杷清肺饮 | 易黄汤 | 当归六黄汤 | 保阴煎 | 清经散 | 清肝止淋汤 | 黄连膏 | 栀子柏皮汤 | 温脾丸 | 滋阴降火汤,"It has the effects of clearing heat and drying dampness, purging fire to eliminate steaming bone disorder, and resolving toxic sores."
S030,项背强急、汗出恶风、脉沉迟或伴轻微发热、舌淡红少津、热毒引起的症状,温脾丸,麦芽（Hordei Fructus Germinatus）,COC1=C2C(=C3[C@@H]4C=CO[C@@H]4OC3=C1)OC5=CC=CC(=C5C2=O)O | C[C@H](CCCC(C)C)[C@H]1CC[C@@H]\2[C@@]1(CCC/C2=C\C=C\3/C[C@H](CCC3=C)O)C | CC1=C[C@@H]2[C@]([C@@H](C1=O)O)([C@]3(C[C@H]([C@H]([C@@]34CO4)O2)OC(=O)C)C)CO | COC1=CC(=CC(=C1OC)OC)C2=CC(=O)C3=C(C=C(C=C3O2)O)O | COC1=CC=CC=C1NC(=O)C2=C(C=C3C=CC(=CC3=C2)Br)OP(=O)(O)O,消乳丸 | 温脾丸,It has the effects of resolving food stagnation and stopping lactation.
S030,项背强急、汗出恶风、脉沉迟或伴轻微发热、舌淡红少津、热毒引起的症状,温脾丸,吴茱萸（Evodiae Fructus）,C[C@@]12CC[C@H]3[C@]([C@@]14[C@H](O4)C(=O)O[C@H]2C5=COC=C5)([C@H](C(=O)[C@@H]6[C@@]37COC(=O)C[C@@H]7OC6(C)C)O)C | CN1[C@@H]2C3=C(CCN2C(=O)C4=CC=CC=C41)C5=CC=CC=C5N3 | 1238-43-3 | CN1C2=CC=CC=C2C(=O)N(C1=O)CCC3=CNC4=CC=CC=C43,吴茱萸汤 | 温脾丸,"It has the effects of scattering cold to relieve pain, descending rebellion to stop vomiting, and supporting yang to stop diarrhea."
S030,项背强急、汗出恶风、脉沉迟或伴轻微发热、舌淡红少津、热毒引起的症状,温脾丸,肉桂（Cinnanmomi Cortex ）,CCCCC/C=C\C/C=C\CCCCCCCC(=O)O | C[C@@]12CC[C@@H]3[C@H](CC3(C)C)C(=C)CC[C@H]1O2 | CC(C)COC(=O)C1=CC=CC=C1C(=O)OCC(C)C | CCCCCCCC/C=C\CCCCCCCC(=O)O | C[C@H](C[C@@H]([C@@H]1C(O1)(C)C)OC(=O)C)C2=C3C[C@@H]([C@H]4[C@]5(CCC(=O)C([C@@H]5CC[C@@]4([C@]3(CC2)C)C)(C)C)C)O,小续命汤 | 地黄饮子 | 保元汤 | 当归建中汤 | 三痹汤 | 暖肝煎 | 蠲痹汤 | 除湿胃苓汤 | 温脾丸 | 苏子降气汤 | 茵陈术附汤 | 阳和汤,"It has the effects of tonifying fire to assist yang, guiding fire back to its origin, dispersing cold to relieve pain, and activating blood circulation to unblock menstruation."
S030,项背强急、汗出恶风、脉沉迟或伴轻微发热、舌淡红少津、热毒引起的症状,温脾丸,干姜(Zingiberis Rhizoma),CCCCC/C=C\C/C=C\CCCCCCCC(=O)OC[C@H](CO)O | C/C=C/CC1=C([C@H](CC1=O)OC(=O)[C@@H]2[C@H](C2(C)C)/C=C(\C)/C(=O)OC)C | COC1=C(C=C(C2=C1OC(=C(C2=O)O)C3=CC=C(C=C3)O)O)O | CC[C@H](CC[C@@H](C)[C@H]1CC[C@@H]2[C@@]1(CC[C@H]3[C@H]2CC=C4[C@@]3(CC[C@@H](C4)O)C)C)C(C)C | CC[C@H](CC[C@@H](C)[C@H]1CC[C@@H]2[C@@]1(CC[C@H]3[C@H]2CC=C4[C@@]3(CC[C@H](C4)O)C)C)C(C)C,半夏泻心汤 | 大建中汤 | 厚朴麻黄汤 | 厚朴温中汤 | 甘草泻心汤 | 黄连汤 | 甘姜苓术汤 | 温脾汤 | 实脾散 | 通脉四逆汤 | 柴胡桂枝干姜汤 | 桂枝人参汤 | 生姜泻心汤 | 苓甘五味姜辛汤 | 温脾丸 | 茵陈术附汤,"It has the effects of warming the middle jiao, warming the lungs to transform retained fluid, restoring yang, tonifying yang, strengthening spleen yang, and unblocking collaterals."
S030,项背强急、汗出恶风、脉沉迟或伴轻微发热、舌淡红少津、热毒引起的症状,温脾丸,细辛（Asari Radix Et Rhizoma）,CN1CCC2=CC(=C(C=C2C(=O)CC3=C(C1)C4=C(C=C3)OCO4)OC)OC | C1[C@H]2[C@H](CO[C@@H]2C3=CC4=C(C=C3)OCO4)[C@H](O1)C5=CC6=C(C=C5)OCO6 | C/C=C/CC1=C([C@H](CC1=O)OC(=O)[C@@H]2[C@H](C2(C)C)/C=C(\C)/C(=O)OC)C | COC1=C(C(=C(C=C1)[C@H]2COC3=C(C2=O)C=CC(=C3)O)OC)OC | C1=CC(=CC=C1C2=C(C(=O)C3=C(C=C(C=C3O2)O)O)O)O,当归四逆汤 | 厚朴麻黄汤 | 辛夷散 | 三痹汤 | 大秦艽汤 | 清上蠲痛汤 | 麻黄细辛附子汤 | 大黄附子汤 | 射干麻黄汤 | 苓甘五味姜辛汤 | 温脾丸,"It has the effects of dispelling wind and scattering cold, unblocking orifices to relieve pain, and warming the lungs to transform retained fluid."
S030,项背强急、汗出恶风、脉沉迟或伴轻微发热、舌淡红少津、热毒引起的症状,温脾丸,附子(Aconiti Lateralis Radix Praeparata),C[C@@]12CC[C@H]([C@@]([C@@H]1CCC(=C)[C@H]2CCC3=CCOC3=O)(C)CO)O | CCN1C[C@@]2(CC[C@@H]([C@@]34[C@@H]2C[C@@H](C31)[C@]5(C[C@@H]([C@H]6C[C@@H]4[C@@H]5[C@H]6O)OC)O)O)C | COC1=C(OC2=C(C1=O)C=CC3=C2C=CO3)C4=CC=CC=C4 | CCN1C[C@@]2(CC[C@@H]([C@@]34[C@@H]2C[C@@H](C31)[C@]5(C[C@@H]([C@H]6C[C@@H]4[C@@H]5[C@H]6O)OC)O)O)COC,真武汤 | 小续命汤 | 地黄饮子 | 桂枝芍药知母汤 | 附子汤 | 温脾汤 | 实脾散 | 乌药汤 | 麻黄细辛附子汤 | 附子泻心汤 | 通脉四逆汤 | 大黄附子汤 | 薏苡附子败酱散 | 温脾丸 | 香苏散 | 茵陈术附汤,"It has the effects of tonifying the life-gate fire, warming and transforming cold-dampness, restoring yang, supplementing yang, and strengthening spleen yang."
S030,项背强急、汗出恶风、脉沉迟或伴轻微发热、舌淡红少津、热毒引起的症状,温脾丸,当归(Angelicae Sinensis Radix),CC1=CC[C@@]2(CCCC([C@]23[C@H]1C3)(C)C)C | CC[C@H](CC[C@@H](C)[C@H]1CC[C@@H]2[C@@]1(CC[C@H]3[C@H]2CC=C4[C@@]3(CC[C@@H](C4)O)C)C)C(C)C | CC[C@H](/C=C/[C@@H](C)[C@H]1CC[C@@H]2[C@@]1(CC[C@H]3[C@H]2CC=C4[C@@]3(CC[C@@H](C4)O)C)C)C(C)C | C[C@@H]1CC[C@@H]2[C@]13CC=C([C@H](C3)C2(C)C)C | C1=CC=C(C=C1)C2=CC(=S)C=C(S2)C3=CC=CC=C3,温经汤 | 一贯煎 | 桃红四物汤 | 当归饮子 | 当归补血汤 | 金水六君煎 | 济川煎 | 清肺汤 | 宣郁通经汤 | 当归四逆汤 | 当归建中汤 | 当归六黄汤 | 身痛逐瘀汤 | 三痹汤 | 清胃散 | 圣愈汤 | 乌药汤 | 大秦艽汤 | 暖肝煎 | 托里消毒散 | 清上蠲痛汤 | 蠲痹汤 | 清肝止淋汤 | 四妙勇安汤 | 黄连膏 | 凉血地黄汤 | 当归散 | 温脾丸 | 苏子降气汤 | 佛手散 | 芍药汤 | 门冬清肺饮 | 大补元煎 | 泰山磐石散 | 滋阴降火汤 | 清胃汤 | 解郁汤 | 固本止崩汤 | 养精种玉汤 | 定经汤 | 调肝汤 | 柴胡清肝汤 | 四物消风饮 | 地黄饮 | 凉血四物汤 | 滋水清肝饮 | 膈下逐瘀汤 | 会厌逐瘀汤 | 补肾活血汤 | 活络效灵丹,"It has the effects of nourishing blood, promoting blood circulation, regulating menstruation, relieving pain, and moistening intestines to relieve constipation."
S030,项背强急、汗出恶风、脉沉迟或伴轻微发热、舌淡红少津、热毒引起的症状,温脾丸,大黄（Radix Rhei Et Rhizome）,COC1=C(C=C(C=C1)C2=C(C(=O)C3=C(C(=C(C=C3O2)OC)OC)O)O)O | CC1=C(C(CCC1)(C)C)/C=C/C(=C/C=C/C(=C/C=C/C=C(\C)/C=C/C=C(\C)/C2C=C3C(CCCC3(O2)C)(C)C)/C)/C | C1=CC2=C(C(=C1)O)C(=O)C3=C(C2=O)C=C(C=C3O)C(=O)O | C1=CC2=C(C(=C1)O[C@H]3[C@@H]([C@H]([C@@H]([C@H](O3)CO)O)O)O)C(=O)C4=C(C2C5C6=C(C(=CC=C6)O[C@H]7[C@@H]([C@H]([C@@H]([C@H](O7)CO)O)O)OC(=O)C(=O)O)C(=O)C8=C5C=C(C=C8O)C(=O)O)C=C(C=C4O)C(=O)O | C1=CC2=C(C(=C1)O[C@H]3[C@@H]([C@H]([C@@H]([C@H](O3)CO)O)O)O)C(=O)C4=C([C@H]2[C@@H]5C6=C(C(=CC=C6)O[C@H]7[C@@H]([C@H]([C@@H]([C@H](O7)CO)O)O)O)C(=O)C8=C5C=C(C=C8O)C(=O)O)C=C(C=C4O)CO,桃核承气汤 | 小承气汤 | 厚朴七物汤 | 温脾汤 | 三化汤 | 茵陈蒿汤 | 附子泻心汤 | 调胃承气汤 | 大黄黄连泻心汤 | 大黄附子汤 | 厚朴三物汤 | 泻心汤 | 栀子大黄汤 | 温脾丸 | 芍药汤 | 六磨汤 | 升降散 | 增液承气汤,"It has the effects of purging heat to unblock the intestines, cooling blood and detoxifying, and dispelling stasis to promote menstruation."
S030,项背强急、汗出恶风、脉沉迟或伴轻微发热、舌淡红少津、热毒引起的症状,温脾丸,黄连(Coptidis Rhizoma),C[C@@]12CC[C@@H]3[C@]4(C=CC(=O)OC([C@@H]4CC(=O)[C@]3([C@@]15[C@H](O5)C(=O)O[C@H]2C6=COC=C6)C)(C)C)C | COC1=C(C=C2C(=C1)CC[N+]3=C2C=C4C=CC5=C(C4=C3)OCO5)OC | COC1=C(C2=C(CC3C4=CC5=C(C=C4CCN3C2)OCO5)C=C1)OC | COC1=C(C2=C[N+]3=C(C=C2C=C1)C4=CC(=C(C=C4CC3)OC)OC)OC | CC1=C2C3=CC4=C(C=C3CC[N+]2=CC5=CC6=C(C=C15)OCO6)OCO4,枇杷清肺饮 | 半夏泻心汤 | 升阳益胃汤 | 当归六黄汤 | 甘草泻心汤 | 黄连汤 | 清胃散 | 桑白皮汤 | 黄连膏 | 凉血地黄汤 | 附子泻心汤 | 小陷胸汤 | 生姜泻心汤 | 大黄黄连泻心汤 | 泻心汤 | 温脾丸 | 芍药汤 | 普济消毒饮子 | 牛蒡甘桔汤 | 清胃汤 | 柴胡陷胸汤 | 连朴饮,"It has the effects of clearing heat and drying dampness, purging fire and detoxifying."
S031,咳吐大量清稀涎沫、咽干但不欲饮、畏寒肢冷、舌淡苔白滑、脾胃虚弱,延年薯蓣酒,山药（Rhizoma Dioscoreae）,C1=CC(=C(C=C1[C@H]2[C@@H](C(=O)C3=C(C=C(C=C3O2)O)O)O)O)O | C[C@@H]1[C@H](OC2=CC(=O)C(=C[C@@]12OC)CC=C)C3=CC(=C(C=C3)OC)OC | C[C@@H]1[C@H](OC2=CC(=O)C(=C[C@]12OC)CC=C)C3=CC(=C(C=C3)OC)OC | C[C@H]1C([C@H]2C(=O)[C@@]1(C=C([C@]2(C)O)OC)CC=C)C3=CC(=C(C=C3)OC)OC | C/C(=C\C1=CC(=C(C(=C1)OC)OC)OC)/C2(C=C(C(=O)C=C2OC)CC=C)OC,易黄汤 | 保阴煎 | 固阴煎 | 完带汤 | 延年薯蓣酒 | 大补元煎 | 左归饮 | 定经汤 | 调肝汤 | 滋水清肝饮 | 理冲汤,"It has the effects of tonifying the spleen and nourishing the stomach, promoting fluid production to benefit the lungs, and tonifying the kidneys to astringe essence."
S031,咳吐大量清稀涎沫、咽干但不欲饮、畏寒肢冷、舌淡苔白滑、脾胃虚弱,延年薯蓣酒,白术(Atractylodes Macrocephala Koidz),C[C@@H]1CC[C@@]2(CC[C@@]3(C(=CC[C@H]4[C@]3(CC[C@@H]5[C@@]4(CC[C@@H](C5(C)C)O)C)C)[C@@H]2[C@H]1C)C)C | CC1=COC2=C1C[C@H]3C(=C)[C@H](CC[C@@]3(C2)C)OC(=O)C | CCC[C@@H](CC[C@@H](C)[C@H]1CC[C@@H]2[C@@]1(CC[C@H]3[C@H]2CC=C4[C@@]3(CC[C@@H](C4)O)C)C)C(C)C | CCO[C@]12C[C@]3(CCCC(=C)[C@@H]3CC1=C(C(=O)O2)C)C,苓桂术甘汤 | 真武汤 | 半夏白术天麻汤 | 异功散 | 白术散 | 人参五味子汤 | 桂枝芍药知母汤 | 升阳益胃汤 | 完带汤 | 附子汤 | 泽泻汤 | 甘姜苓术汤 | 实脾散 | 大秦艽汤 | 托里消毒散 | 除湿胃苓汤 | 桂枝人参汤 | 当归散 | 防己黄芪汤 | 延年薯蓣酒 | 羌活胜风汤 | 举元煎 | 泰山磐石散 | 解郁汤 | 固本止崩汤 | 茵陈术附汤 | 理冲汤,"It has the effects of strengthening the spleen and tonifying qi, drying dampness and promoting diuresis, stopping sweating, and preventing miscarriage."
S031,咳吐大量清稀涎沫、咽干但不欲饮、畏寒肢冷、舌淡苔白滑、脾胃虚弱,延年薯蓣酒,五味子（Fructus Schisandrae）,CC1CC2=CC(=C(C(=C2C3=C(C(=C(C=C3CC1C)OC)OC)OC)OC)OC)OC | C/C/1=C\CCC(=C)[C@H]2CC([C@@H]2CC1)(C)C | C[C@H]1CC2=CC(=C(C(=C2C3=C(C(=C(C=C3C[C@]1(C)O)OC)OC)OC)OC)OC)OC | CC1CC2=CC3=C(C(=C2C4=C(C(=C(C=C4CC1C)OC)OC)OC)OC)OCO3 | C[C@@H]1CC2=CC3=C(C(=C2C4=C(C5=C(C=C4C[C@@H]1C)OCO5)OC)OC)OCO3,地黄饮子 | 清肺汤 | 人参五味子汤 | 厚朴麻黄汤 | 固阴煎 | 射干麻黄汤 | 苓甘五味姜辛汤 | 延年薯蓣酒 | 门冬清肺饮,"It has the effects of astringing and consolidating, replenishing qi to promote fluid production, and tonifying the kidneys to calm the heart."
S031,咳吐大量清稀涎沫、咽干但不欲饮、畏寒肢冷、舌淡苔白滑、脾胃虚弱,延年薯蓣酒,丹参（Radix Salviae）,CC1=COC2=C1C(=O)C(=O)C3=C2C=CC4=C(C=CC=C43)C=O | CC(C)C1=C[C@]23CC[C@@H]4C(=CCCC4(C)C)[C@H]2OC(=O)[C@@]3(C1=O)O | CC1=C2C=CC3=C(C2=CC=C1)C(=O)C(=O)C4=C3OC=C4CO | C[C@H]1COC2=C1C(=O)[C@@](C3=C2C=CC4=C3CCCC4(C)C)(CC(=O)C)O | C[C@H]1COC2=C1C(=O)[C@@](C3=C2C=CC4=C(C=CC=C43)C)(CC(=O)C)O,延年薯蓣酒 | 活络效灵丹,"It has the effects of dispelling stasis to relieve pain, activating blood circulation to promote menstruation, and clearing the heart to relieve restlessness."
S031,咳吐大量清稀涎沫、咽干但不欲饮、畏寒肢冷、舌淡苔白滑、脾胃虚弱,延年薯蓣酒,防风（Saposhnikoviae Radix）,COC1=C(C=CC(=C1)[C@@H]2[C@H](OC3=C4C(=CC(=C3O2)OC)C=CC(=O)O4)CO)O | C/C=C(\C)/C(=O)O[C@H]1[C@@H](C(OC2=C1C3=C(C=C2)C=CC(=O)O3)(C)C)OC(=O)/C(=C/C)/C | C/C=C(/C)\C(=O)O[C@H]1CC2=C(C=C3C(=C2O)C(=O)C=C(O3)CO)OC1(C)C | CC[C@H](CC[C@@H](C)[C@H]1CC[C@@H]2[C@@]1(CC[C@H]3[C@H]2CC=C4[C@@]3(CC[C@H](C4)O)C)C)C(C)C | CC[C@H](CC[C@@H](C)[C@H]1CC[C@@H]2[C@@]1(CC[C@H]3[C@H]2CC=C4[C@@]3(CC[C@@H](C4)O)C)C)C(C)C,小续命汤 | 当归饮子 | 羌活胜湿汤 | 泻黄散 | 桂枝芍药知母汤 | 升阳益胃汤 | 辛夷散 | 三痹汤 | 大秦艽汤 | 清上蠲痛汤 | 除湿胃苓汤 | 延年薯蓣酒 | 羌活胜风汤 | 清胃汤 | 柴胡清肝汤 | 四物消风饮,"It has the effects of releasing the exterior and dispelling wind, overcoming dampness, and stopping convulsions."
S031,咳吐大量清稀涎沫、咽干但不欲饮、畏寒肢冷、舌淡苔白滑、脾胃虚弱,延年薯蓣酒,山茱萸（Cornus Officinalis Sieb. Et Zucc）,CC[C@H](/C=C/[C@@H](C)[C@H]1CC[C@@H]2[C@@]1(CC[C@H]3[C@H]2CC=C4[C@@]3(CC[C@@H](C4)O)C)C)C(C)C | CC1CCC(C2(C13CC(C(C2OC(=O)C4=CC=CC=C4)OC(=O)C)C(O3)(C)C)CO)O | CC1=C(C(=NN1S(=O)(=O)C2=CC=C(S2)C3=NN=C(N3C)SC)C)Br | C[C@]12CC[C@@H](C[C@]1(CC[C@@H]3[C@@H]2CC[C@]4([C@@]3(CC[C@@H]4C5=COC(=O)C=C5)O)C)O)O | C1C(C(OC(=O)C2=CC(=C(C(=C2C3=C(C(=C(C=C3C(=O)O1)O)O)O)O)O)O)C(C(C=O)O)OC(=O)C4=CC(=C(C(=C4)O)O)O)O,地黄饮子 | 固阴煎 | 延年薯蓣酒 | 大补元煎 | 左归饮 | 养精种玉汤 | 调肝汤 | 滋水清肝饮 | 补肾活血汤,"It has the effects of tonifying and benefiting the liver and kidneys, astringing essence to secure collapse."
S031,咳吐大量清稀涎沫、咽干但不欲饮、畏寒肢冷、舌淡苔白滑、脾胃虚弱,延年薯蓣酒,人参(Panax Ginseng C. A. Mey.),C1[C@H]2[C@@H](C3=C(O1)C=C(C=C3)O)OC4=CC5=C(C=C24)OCO5 | C1CCN(CCCNC(=O)C[C@H](NC1)C2=CC=CC=C2)C(=O)C3=CC=CC=C3 | C1=CC=C2C(=C1)C3=C(C(=O)C4=CC=CC=C4O3)C(=O)O2 | CC1=CC2=C(C3=C1OC(C=C3)(C)C)NC4=CC=CC=C42 | COC1=C(C=C(C=C1)C[C@@H]\2COC(=O)/C2=C/C3=CC4=C(C=C3)OCO4)OC,温经汤 | 枇杷清肺饮 | 二冬汤 | 半夏泻心汤 | 大建中汤 | 麦门冬汤 | 小续命汤 | 开心散 | 清心莲子饮 | 保元汤 | 异功散 | 白术散 | 人参五味子汤 | 竹叶石膏汤 | 升阳益胃汤 | 固阴煎 | 完带汤 | 旋覆代赭汤 | 吴茱萸汤 | 黄连汤 | 附子汤 | 橘皮竹茹汤 | 温脾汤 | 三痹汤 | 圣愈汤 | 托里消毒散 | 养胃汤 | 丁香柿蒂散 | 清燥救肺汤 | 柴胡桂枝汤 | 桂枝人参汤 | 生姜泻心汤 | 白虎加人参汤 | 生姜甘草汤 | 延年薯蓣酒 | 六和汤 | 门冬清肺饮 | 普济消毒饮子 | 大补元煎 | 举元煎 | 泰山磐石散 | 解郁汤 | 固本止崩汤,"It has the effects of greatly tonifying primordial qi, restoring pulses and securing collapse, tonifying the spleen and nourishing the lungs, promoting fluid production, and tranquilizing the mind."
S031,咳吐大量清稀涎沫、咽干但不欲饮、畏寒肢冷、舌淡苔白滑、脾胃虚弱,延年薯蓣酒,生姜( Zingiber Officinale Roscoe),CC[C@H](CC[C@@H](C)[C@H]1CC[C@@H]2[C@@]1(CC[C@H]3[C@H]2CC=C4[C@@]3(CC[C@@H](C4)O)C)C)C(C)C | CC[C@H](/C=C/[C@@H](C)[C@H]1CC[C@@H]2[C@@]1(CC[C@H]3[C@H]2CC=C4[C@@]3(CC[C@@H](C4)O)C)C)C(C)C | CC[C@@H](CC[C@@H](C)[C@H]1CC[C@@H]2[C@@]1(CC[C@H]3[C@H]2CC=C4[C@@]3(CC[C@@H](C4)O)C)C)C(C)C | CC(C)CCCCCCC(=O)NCC1=CC(=C(C=C1)O)OC,真武汤 | 黄芪桂枝五物汤 | 温胆汤 | 小续命汤 | 当归饮子 | 地黄饮子 | 金水六君煎 | 清肺汤 | 保元汤 | 半夏白术天麻汤 | 异功散 | 人参五味子汤 | 清宁散 | 桂枝芍药知母汤 | 半夏厚朴汤 | 当归建中汤 | 升阳益胃汤 | 厚朴温中汤 | 旋覆代赭汤 | 吴茱萸汤 | 橘皮竹茹汤 | 厚朴七物汤 | 丁香柿蒂散 | 柴胡桂枝汤 | 桂枝加厚朴杏子汤 | 桂枝麻黄各半汤 | 生姜泻心汤 | 射干麻黄汤 | 小半夏加茯苓汤 | 越婢汤 | 瓜蒌桂枝汤 | 生姜甘草汤 | 延年薯蓣酒 | 柴胡陷胸汤 | 通窍活血汤,"It has the effects of resolving phlegm to stop cough, descending rebellion to arrest vomiting, releasing the exterior, and dispersing wind-cold."
S032,呕吐泄泻、胸膈痞满、痰喘咳嗽、寒热交作、小便赤涩,六和汤,厚朴（Magnolia Officinalis Rehd Et Wils．）,C[C@@]12CCC3=C([C@@H]1CCC2=O)C=CC4=C3C=CC(=C4)O | C[C@H]1[C@@H]([C@H]([C@H]([C@@H](O1)O[C@@H]2[C@H]([C@@H]([C@H](O[C@H]2OC3=CC(=C4C(=O)C[C@H](OC4=C3)C5=CC(=C(C=C5)OC)O)O)CO)O)O)O)O)O,小承气汤 | 半夏厚朴汤 | 枳实薤白桂枝汤 | 厚朴麻黄汤 | 厚朴温中汤 | 达原饮 | 厚朴七物汤 | 实脾散 | 三化汤 | 养胃汤 | 新加香薷饮 | 除湿胃苓汤 | 桂枝加厚朴杏子汤 | 厚朴三物汤 | 苏子降气汤 | 平胃散 | 六和汤 | 连朴饮,"It has the effects of drying dampness to eliminate phlegm, descending qi to relieve fullness."
S032,呕吐泄泻、胸膈痞满、痰喘咳嗽、寒热交作、小便赤涩,六和汤,砂仁（Amomum Aurantiacum H. T. Tsai Et S. W. Zhao）,COC1=C(C=C(C=C1)C2=CSC(=C2C(=O)OC)N)OC | CC/C=C/C/C=C/C/C=C/CCCCCCCCCC(=O)OC | CC[C@H](/C=C/[C@@H](C)[C@H]1CC[C@@H]2[C@@]1(CC[C@H]3[C@H]2CC=C4[C@@]3(CC[C@@H](C4)OC(=O)C)C)C)C(C)C,消乳丸 | 六和汤 | 泰山磐石散 | 解郁汤,"It has the effects of resolving dampness to stimulate appetite, warming the spleen to stop diarrhea, and regulating qi to prevent miscarriage."
S032,呕吐泄泻、胸膈痞满、痰喘咳嗽、寒热交作、小便赤涩,六和汤,半夏（Arum Ternatum Thunb）,C1=CC=C(C=C1)C2=CC(=O)C3=C(C(=C(C=C3O2)O[C@H]4[C@@H]([C@H]([C@@H]([C@H](O4)C(=O)O)O)O)O)O)O | CC[C@H](/C=C/[C@@H](C)[C@H]1CC[C@@H]2[C@@]1(CC[C@H]3[C@H]2CC=C4[C@@]3(CC[C@@H](C4)O)C)C)C(C)C | COC(=O)[C@H](CC1=CC=CC=C1)NC(=O)N2CCN(CCN(CC2)C(=O)N[C@@H](CC3=CC=CC=C3)C(=O)OC)C(=O)N[C@@H](CC4=CC=CC=C4)C(=O)OC | C1=NC2=C(N1[C@H]3[C@@H]([C@@H]([C@H](O3)CO)O)O)NC(=O)NC2=O,半夏泻心汤 | 瓜蒌薤白半夏汤 | 麦门冬汤 | 温胆汤 | 金水六君煎 | 半夏白术天麻汤 | 竹叶石膏汤 | 半夏厚朴汤 | 厚朴麻黄汤 | 升阳益胃汤 | 旋覆代赭汤 | 甘草泻心汤 | 黄连汤 | 竹茹汤 | 桑白皮汤 | 养胃汤 | 柴胡桂枝汤 | 小陷胸汤 | 生姜泻心汤 | 射干麻黄汤 | 小半夏加茯苓汤 | 苏子降气汤 | 六和汤 | 导痰汤 | 蒿芩清胆汤 | 柴胡陷胸汤 | 宣痹汤 | 连朴饮,"It has the effects of descending rebellion to stop vomiting, drying dampness to transform phlegm, and dissipating masses to resolve stagnation."
S032,呕吐泄泻、胸膈痞满、痰喘咳嗽、寒热交作、小便赤涩,六和汤,苦杏仁（Amygdalus Communis Vas）,CC(=C)[C@@H]1CC[C@]2([C@H]1[C@H]3CC[C@@H]4[C@]5(CC[C@@H](C([C@@H]5CC[C@]4([C@@]3(CC2)C)C)(C)C)O)C)C(=O)O | CC(=CCC1=C(C2=C(C=C1O)OC(=O)C3=C2OC4=C3C=CC(=C4)O)OC)C | C[C@H]1[C@@H]([C@H]([C@H]([C@@H](O1)O[C@@H]2[C@H]([C@H](CO[C@H]2O[C@H]3CC[C@@]4([C@H]5CC[C@@H]6[C@H]7[C@@](C[C@@H](O[C@@]78C[C@]6([C@@]5(CC[C@H]4C3(C)C)C)CO8)C=C(C)C)(C)O)C)O)O[C@H]9[C@@H]([C@H]([C@@H]([C@H](O9)CO)O)O)O[C@H]1[C@@H]([C@H]([C@@H](CO1)O)O)O)O)O)O | C1[C@H](OC2=C(C1=O)C=CC(=C2)O)C3=CC=C(C=C3)O[C@H]4[C@@H]([C@H]([C@@H]([C@H](O4)CO)O)O)O,小续命汤 | 清肺汤 | 麻黄汤 | 厚朴麻黄汤 | 华盖散 | 桑白皮汤 | 清燥救肺汤 | 桂枝加厚朴杏子汤 | 桂枝麻黄各半汤 | 麻黄杏仁薏苡甘草汤 | 六和汤 | 五虎汤 | 宣痹汤,"It has the effects of stopping cough and calming wheezing, moistening intestines to relieve constipation, and diffusing the lungs to release the exterior."
S032,呕吐泄泻、胸膈痞满、痰喘咳嗽、寒热交作、小便赤涩,六和汤,人参(Panax Ginseng C. A. Mey.),C1[C@H]2[C@@H](C3=C(O1)C=C(C=C3)O)OC4=CC5=C(C=C24)OCO5 | C1CCN(CCCNC(=O)C[C@H](NC1)C2=CC=CC=C2)C(=O)C3=CC=CC=C3 | C1=CC=C2C(=C1)C3=C(C(=O)C4=CC=CC=C4O3)C(=O)O2 | CC1=CC2=C(C3=C1OC(C=C3)(C)C)NC4=CC=CC=C42 | COC1=C(C=C(C=C1)C[C@@H]\2COC(=O)/C2=C/C3=CC4=C(C=C3)OCO4)OC,温经汤 | 枇杷清肺饮 | 二冬汤 | 半夏泻心汤 | 大建中汤 | 麦门冬汤 | 小续命汤 | 开心散 | 清心莲子饮 | 保元汤 | 异功散 | 白术散 | 人参五味子汤 | 竹叶石膏汤 | 升阳益胃汤 | 固阴煎 | 完带汤 | 旋覆代赭汤 | 吴茱萸汤 | 黄连汤 | 附子汤 | 橘皮竹茹汤 | 温脾汤 | 三痹汤 | 圣愈汤 | 托里消毒散 | 养胃汤 | 丁香柿蒂散 | 清燥救肺汤 | 柴胡桂枝汤 | 桂枝人参汤 | 生姜泻心汤 | 白虎加人参汤 | 生姜甘草汤 | 延年薯蓣酒 | 六和汤 | 门冬清肺饮 | 普济消毒饮子 | 大补元煎 | 举元煎 | 泰山磐石散 | 解郁汤 | 固本止崩汤,"It has the effects of greatly tonifying primordial qi, restoring pulses and securing collapse, tonifying the spleen and nourishing the lungs, promoting fluid production, and tranquilizing the mind."
S032,呕吐泄泻、胸膈痞满、痰喘咳嗽、寒热交作、小便赤涩,六和汤,甘草(licorice ),CC(=CCC1=C(C2=C(C=C1O)OC(=O)C3=C2OC4=C3C=CC(=C4)O)OC)C | CC1(C=CC2=C(O1)C=CC3=C2OC[C@@H]4[C@H]3OC5=C4C=CC(=C5)O)C | CC1(CCC2=C(O1)C=C3C(=C2OC)C=C(C(=O)O3)C4=C(C=C(C=C4)O)O)CO | CC1(C=CC2=C(O1)C=CC(=C2O)C3COC4=C(C3=O)C(=CC(=C4)O)OC)C | CC(=CCC1=C(C=CC2=C1OC(=O)C3=C2OC4=C3C=CC(=C4)O)O)C,苓桂术甘汤 | 温经汤 | 枇杷清肺饮 | 二冬汤 | 桃核承气汤 | 芍药甘草汤 | 半夏泻心汤 | 麦门冬汤 | 温胆汤 | 小续命汤 | 当归饮子 | 泻白散 | 清心莲子饮 | 羌活胜湿汤 | 清金化痰汤 | 金水六君煎 | 清肺汤 | 保元汤 | 半夏白术天麻汤 | 宣郁通经汤 | 异功散 | 泻黄散 | 白术散 | 消乳丸 | 人参五味子汤 | 清宁散 | 竹叶石膏汤 | 麻黄汤 | 当归四逆汤 | 桂枝芍药知母汤 | 当归建中汤 | 升阳益胃汤 | 厚朴温中汤 | 保阴煎 | 固阴煎 | 清骨散 | 达原饮 | 沙参麦冬汤 | 完带汤 | 身痛逐瘀汤 | 散偏汤 | 旋覆代赭汤 | 甘草泻心汤 | 黄连汤 | 橘皮竹茹汤 | 甘姜苓术汤 | 厚朴七物汤 | 温脾汤 | 竹茹汤 | 辛夷散 | 实脾散 | 甘露饮 | 华盖散 | 三痹汤 | 乌药汤 | 大秦艽汤 | 托里消毒散 | 清上蠲痛汤 | 养胃汤 | 石决明散 | 三甲复脉汤 | 蠲痹汤 | 四妙勇安汤 | 除湿胃苓汤 | 清燥救肺汤 | 凉血地黄汤 | 桂枝甘草汤 | 栀子柏皮汤 | 黄芩汤 | 茯苓桂枝甘 草大枣汤 | 柴胡桂枝汤 | 通脉四逆汤 | 桂枝加厚朴杏子汤 | 桂枝麻黄各半汤 | 柴胡桂枝干姜汤 | 桂枝人参汤 | 生姜泻心汤 | 白虎加人参汤 | 调胃承气汤 | 桔梗汤 | 防己黄芪汤 | 苓甘五味姜辛汤 | 防己茯苓汤 | 越婢汤 | 麻黄杏仁薏苡甘草汤 | 瓜蒌桂枝汤 | 生姜甘草汤 | 苏子降气汤 | 香苏散 | 升麻葛根汤 | 平胃散 | 六和汤 | 五虎汤 | 芍药汤 | 门冬清肺饮 | 普济消毒饮子 | 羌活胜风汤 | 牛蒡甘桔汤 | 大补元煎 | 左归饮 | 举元煎 | 茜根散 | 泰山磐石散 | 滋阴降火汤 | 清胃汤 | 调肝汤 | 柴葛解肌汤 | 茵陈术附汤 | 阳和汤 | 柴胡清肝汤 | 地黄饮 | 凉血四物汤 | 膈下逐瘀汤 | 会厌逐瘀汤,"It has the effects of tonifying the spleen and replenishing qi, clearing heat and detoxifying, dispelling phlegm and stopping cough, relieving spasm and alleviating pain, as well as harmonizing the actions of other herbs."
S032,呕吐泄泻、胸膈痞满、痰喘咳嗽、寒热交作、小便赤涩,六和汤,茯苓（Poria Cocos(Schw.) Wolf ）,CC(=CCC[C@H]([C@H]1CC[C@@]2([C@@]1(CCC3=C2CC[C@@H]4[C@@]3(CC[C@@H](C4(C)C)O)C)C)C)C(=O)O)C | C[C@H](/C=C/[C@H](C)C(C)C)[C@H]1CC[C@@H]2[C@@]1(CC[C@H]3C2=CC[C@@H]4[C@@]3(CC[C@@H](C4)O)C)C | C[C@H](/C=C/[C@H](C)C(C)C)[C@H]1CC[C@@H]2[C@@]1(CC[C@H]3[C@]24C=C[C@@]5([C@@]3(CC[C@@H](C5)O)C)OO4)C | CC(C)C(=C)CC[C@H]([C@H]1CC[C@@]2([C@@]1(CCC3=C2CC[C@@H]4[C@@]3(CC[C@@H](C4(C)C)O)C)C)C)C(=O)O | CC(C)C(=C)CC[C@H]([C@H]1CC[C@@]2([C@@]1(CC=C3C2=CC[C@@H]4[C@@]3(CC[C@@H](C4(C)C)O)C)C)C)C(=O)O,苓桂术甘汤 | 真武汤 | 开心散 | 清心莲子饮 | 地黄饮子 | 清金化痰汤 | 金水六君煎 | 清肺汤 | 半夏白术天麻汤 | 异功散 | 白术散 | 人参五味子汤 | 半夏厚朴汤 | 升阳益胃汤 | 厚朴温中汤 | 猪苓汤 | 附子汤 | 甘姜苓术汤 | 实脾散 | 三痹汤 | 大秦艽汤 | 暖肝煎 | 托里消毒散 | 养胃汤 | 清经散 | 茯苓桂枝甘 草大枣汤 | 小半夏加茯苓汤 | 苓甘五味姜辛汤 | 防己茯苓汤 | 六和汤 | 导痰汤 | 左归饮 | 解郁汤 | 定经汤 | 滋水清肝饮,"It has the effects of promoting diuresis and draining dampness, strengthening the spleen and harmonizing the stomach, as well as calming the heart and tranquilizing the mind."
S032,呕吐泄泻、胸膈痞满、痰喘咳嗽、寒热交作、小便赤涩,六和汤,广藿香（Pogostemon Cablin (Blanco) Benth）,CC(C)CCCCCOC(=O)C1=CC=CC=C1C(=O)OCCCCCC(C)C | COC1=CC=C(C=C1)[C@H]2CC(=O)C3=C(C=C(C=C3O2)OC)O | COC1=CC(=C2C(=C1)OC(=C(C2=O)OC)C3=CC(=C(C=C3)O)OC)O | COC1=CC(=CC(=C1O)OC)[C@@H]2[C@H]3CO[C@@H]([C@H]3CO2)C4=CC(=C(C(=C4)OC)O[C@H]5[C@@H]([C@H]([C@@H]([C@H](O5)CO)O)O)O)OC | C1=CC(=C(C=C1C2=C(C(=O)C3=C(C=C(C=C3O2)O)O)O)O)O,泻黄散 | 白术散 | 养胃汤 | 六和汤,"It has the effects of resolving turbidity with aromatic herbs, stimulating appetite to stop vomiting, and releasing the exterior to relieve summerheat."
S032,呕吐泄泻、胸膈痞满、痰喘咳嗽、寒热交作、小便赤涩,六和汤,白扁豆（Lablab Semen Album）,CC1=C(C(CCC1)(C)C)/C=C/C(=C/C=C/C(=C/C=C/C=C(/C=C/C=C(/C=C/C2=C(CCCC2(C)C)C)\C)\C)/C)/C,沙参麦冬汤 | 新加香薷饮 | 六和汤,"It has the effects of resolving dampness, fortifying the spleen, and relieving summerheat."
S032,呕吐泄泻、胸膈痞满、痰喘咳嗽、寒热交作、小便赤涩,六和汤,木瓜（ Chaenomeles Sinensis (Thouin) Koehne）,CC(=C)[C@@H]1CC[C@]2([C@H]1[C@H]3CC[C@@H]4[C@]5(CC[C@@H](C([C@@H]5CC[C@]4([C@@]3(CC2)C)C)(C)C)O)C)C(=O)O | CCCCCCCC/C=C\CCCCCCCC(=O)OCC | C1[C@@H]([C@@H](OC2=CC(=CC(=C21)O)O)C3=CC(=C(C=C3)O)O)O | C1=CC(=C(C=C1C2=C(C(=O)C3=C(C=C(C=C3O2)O)O)O)O)O,实脾散 | 六和汤,"It has the effects of pacifying the liver to relax sinews, and harmonizing the stomach to transform dampness."
S032,呕吐泄泻、胸膈痞满、痰喘咳嗽、寒热交作、小便赤涩,六和汤,香薷（Moslae Herba）,COC1=C(C(=C2C(=C1)OC(=CC2=O)C3=CC=CC=C3)O)O | COC1=CC(=C2C(=C1)OC(=C(C2=O)OC)C3=CC=C(C=C3)O)O | COC1=C(C2=C(C=C1O)O[C@H](CC2=O)C3=CC=CC=C3)O | C1=CC(=CC=C1C2=C(C(=O)C3=C(C=C(C=C3O2)O)O)O)O | C1=CC(=C(C=C1O)O)C2=C(C(=O)C3=C(C=C(C=C3O2)O)O)O,新加香薷饮 | 六和汤,"It has the effects of resolving dampness to harmonize the middle jiao, inducing sweating, and promoting diuresis to reduce edema."
S033,大便夹黏液脓血、排便后肛门坠胀感不减、胀痛或刺痛（便后暂缓）、肝气郁结、月经失调,芍药汤,白芍(Paeoniae Radix Alba),C[C@@]12CC(=O)[C@H]3C[C@@]1(O[C@@H]([C@@H]3COC(=O)C4=CC=CC=C4)O2)O | C[C@]12C[C@@]3([C@@H]4C[C@]1([C@@]4([C@H](O2)O3)COC(=O)C5=CC=CC=C5)O[C@H]6[C@@H]([C@H]([C@@H]([C@H](O6)CO)O)O)O)O | C[C@]12C[C@H]([C@@H]3C[C@]1([C@@]3(C(=O)O2)COC(=O)C4=CC=CC=C4)O[C@H]5[C@@H]([C@H]([C@@H]([C@H](O5)CO)O)O)O)O | CC(=C)[C@@H]1CC[C@]2([C@H]1[C@H]3CC[C@@H]4[C@]5(CC[C@@H](C([C@@H]5CC[C@]4([C@@]3(CC2)C)C)(C)C)O)C)C(=O)O,温经汤 | 桃红四物汤 | 芍药甘草汤 | 真武汤 | 黄芪桂枝五物汤 | 小续命汤 | 当归饮子 | 宣郁通经汤 | 当归四逆汤 | 桂枝芍药知母汤 | 当归建中汤 | 升阳益胃汤 | 保阴煎 | 化肝煎 | 达原饮 | 完带汤 | 散偏汤 | 附子汤 | 三痹汤 | 大秦艽汤 | 托里消毒散 | 三甲复脉汤 | 清经散 | 清肝止淋汤 | 两地汤 | 黄芩汤 | 柴胡桂枝汤 | 桂枝加厚朴杏子汤 | 桂枝麻黄各半汤 | 当归散 | 枳实芍药散 | 瓜蒌桂枝汤 | 升麻葛根汤 | 芍药汤 | 门冬清肺饮 | 泰山磐石散 | 滋阴降火汤 | 解郁汤 | 养精种玉汤 | 定经汤 | 调肝汤 | 滋水清肝饮,"It has the effects of pacifying the liver to relieve pain, nourishing blood to regulate menstruation, and astringing yin to stop sweating."
S033,大便夹黏液脓血、排便后肛门坠胀感不减、胀痛或刺痛（便后暂缓）、肝气郁结、月经失调,芍药汤,当归(Angelicae Sinensis Radix),CC1=CC[C@@]2(CCCC([C@]23[C@H]1C3)(C)C)C | CC[C@H](CC[C@@H](C)[C@H]1CC[C@@H]2[C@@]1(CC[C@H]3[C@H]2CC=C4[C@@]3(CC[C@@H](C4)O)C)C)C(C)C | CC[C@H](/C=C/[C@@H](C)[C@H]1CC[C@@H]2[C@@]1(CC[C@H]3[C@H]2CC=C4[C@@]3(CC[C@@H](C4)O)C)C)C(C)C | C[C@@H]1CC[C@@H]2[C@]13CC=C([C@H](C3)C2(C)C)C | C1=CC=C(C=C1)C2=CC(=S)C=C(S2)C3=CC=CC=C3,温经汤 | 一贯煎 | 桃红四物汤 | 当归饮子 | 当归补血汤 | 金水六君煎 | 济川煎 | 清肺汤 | 宣郁通经汤 | 当归四逆汤 | 当归建中汤 | 当归六黄汤 | 身痛逐瘀汤 | 三痹汤 | 清胃散 | 圣愈汤 | 乌药汤 | 大秦艽汤 | 暖肝煎 | 托里消毒散 | 清上蠲痛汤 | 蠲痹汤 | 清肝止淋汤 | 四妙勇安汤 | 黄连膏 | 凉血地黄汤 | 当归散 | 温脾丸 | 苏子降气汤 | 佛手散 | 芍药汤 | 门冬清肺饮 | 大补元煎 | 泰山磐石散 | 滋阴降火汤 | 清胃汤 | 解郁汤 | 固本止崩汤 | 养精种玉汤 | 定经汤 | 调肝汤 | 柴胡清肝汤 | 四物消风饮 | 地黄饮 | 凉血四物汤 | 滋水清肝饮 | 膈下逐瘀汤 | 会厌逐瘀汤 | 补肾活血汤 | 活络效灵丹,"It has the effects of nourishing blood, promoting blood circulation, regulating menstruation, relieving pain, and moistening intestines to relieve constipation."
S033,大便夹黏液脓血、排便后肛门坠胀感不减、胀痛或刺痛（便后暂缓）、肝气郁结、月经失调,芍药汤,黄连(Coptidis Rhizoma),C[C@@]12CC[C@@H]3[C@]4(C=CC(=O)OC([C@@H]4CC(=O)[C@]3([C@@]15[C@H](O5)C(=O)O[C@H]2C6=COC=C6)C)(C)C)C | COC1=C(C=C2C(=C1)CC[N+]3=C2C=C4C=CC5=C(C4=C3)OCO5)OC | COC1=C(C2=C(CC3C4=CC5=C(C=C4CCN3C2)OCO5)C=C1)OC | COC1=C(C2=C[N+]3=C(C=C2C=C1)C4=CC(=C(C=C4CC3)OC)OC)OC | CC1=C2C3=CC4=C(C=C3CC[N+]2=CC5=CC6=C(C=C15)OCO6)OCO4,枇杷清肺饮 | 半夏泻心汤 | 升阳益胃汤 | 当归六黄汤 | 甘草泻心汤 | 黄连汤 | 清胃散 | 桑白皮汤 | 黄连膏 | 凉血地黄汤 | 附子泻心汤 | 小陷胸汤 | 生姜泻心汤 | 大黄黄连泻心汤 | 泻心汤 | 温脾丸 | 芍药汤 | 普济消毒饮子 | 牛蒡甘桔汤 | 清胃汤 | 柴胡陷胸汤 | 连朴饮,"It has the effects of clearing heat and drying dampness, purging fire and detoxifying."
S033,大便夹黏液脓血、排便后肛门坠胀感不减、胀痛或刺痛（便后暂缓）、肝气郁结、月经失调,芍药汤,槟榔（Arecae Semen）,CCCCCCOC(=O)C1=CC=CC=C1C(=O)OCCCCCC | CC/C=C\C/C=C\C/C=C\C/C=C\C/C=C\CCCC(=O)O | C1=CC(=C(C=C1[C@@H]2[C@H]([C@H](C3=C(C=C(C=C3O2)O)O)O)O)O)O | CCCCCCCCOC(=O)C1=CC=CC=C1C(=O)OCCCCCCCC | C1[C@@H]([C@@H](OC2=CC(=CC(=C21)O)O)C3=CC(=C(C=C3)O)O)O,达原饮 | 实脾散 | 芍药汤 | 六磨汤,"It has the effects of killing parasites and resolving accumulation, descending qi, moving water, and stopping malaria."
S033,大便夹黏液脓血、排便后肛门坠胀感不减、胀痛或刺痛（便后暂缓）、肝气郁结、月经失调,芍药汤,木香（Aucklandiae Radix）,C1=CC=C2C(=C1)C=CC3=C2NC4=CC=CC=C34 | C=C1C[C@@H]([C@@H]2[C@@H]([C@@H]3[C@H]1C[C@@H](C3=C)O)OC(=O)C2=C)OC(=O)C(=C)CO | C[C@]1(CCC(=O)[C@]2([C@H]1[C@@H]3[C@@H](CC2)C(=C)C(=O)O3)C)C[C@]4([C@@H]5CCC(=C)[C@@H]6CCC(=C)[C@@H]6[C@H]5OC4=O)O | CC(=C)[C@@H]1CC[C@]2([C@H]1[C@H]3CC[C@@H]4[C@]5(CC[C@@H](C([C@@H]5CC[C@]4([C@@]3(CC2)C)C)(C)C)O)C)C(=O)O | CC[C@H](CC[C@@H](C)[C@H]1CC[C@@H]2[C@@]1(CC[C@H]3[C@H]2CC=C4[C@@]3(CC[C@H](C4)O)C)C)C(C)C,白术散 | 厚朴温中汤 | 实脾散 | 乌药汤 | 暖肝煎 | 蠲痹汤 | 芍药汤 | 六磨汤,"It has the effects of moving qi to relieve pain, and fortifying the spleen to promote digestion."
S033,大便夹黏液脓血、排便后肛门坠胀感不减、胀痛或刺痛（便后暂缓）、肝气郁结、月经失调,芍药汤,甘草(licorice ),CC(=CCC1=C(C2=C(C=C1O)OC(=O)C3=C2OC4=C3C=CC(=C4)O)OC)C | CC1(C=CC2=C(O1)C=CC3=C2OC[C@@H]4[C@H]3OC5=C4C=CC(=C5)O)C | CC1(CCC2=C(O1)C=C3C(=C2OC)C=C(C(=O)O3)C4=C(C=C(C=C4)O)O)CO | CC1(C=CC2=C(O1)C=CC(=C2O)C3COC4=C(C3=O)C(=CC(=C4)O)OC)C | CC(=CCC1=C(C=CC2=C1OC(=O)C3=C2OC4=C3C=CC(=C4)O)O)C,苓桂术甘汤 | 温经汤 | 枇杷清肺饮 | 二冬汤 | 桃核承气汤 | 芍药甘草汤 | 半夏泻心汤 | 麦门冬汤 | 温胆汤 | 小续命汤 | 当归饮子 | 泻白散 | 清心莲子饮 | 羌活胜湿汤 | 清金化痰汤 | 金水六君煎 | 清肺汤 | 保元汤 | 半夏白术天麻汤 | 宣郁通经汤 | 异功散 | 泻黄散 | 白术散 | 消乳丸 | 人参五味子汤 | 清宁散 | 竹叶石膏汤 | 麻黄汤 | 当归四逆汤 | 桂枝芍药知母汤 | 当归建中汤 | 升阳益胃汤 | 厚朴温中汤 | 保阴煎 | 固阴煎 | 清骨散 | 达原饮 | 沙参麦冬汤 | 完带汤 | 身痛逐瘀汤 | 散偏汤 | 旋覆代赭汤 | 甘草泻心汤 | 黄连汤 | 橘皮竹茹汤 | 甘姜苓术汤 | 厚朴七物汤 | 温脾汤 | 竹茹汤 | 辛夷散 | 实脾散 | 甘露饮 | 华盖散 | 三痹汤 | 乌药汤 | 大秦艽汤 | 托里消毒散 | 清上蠲痛汤 | 养胃汤 | 石决明散 | 三甲复脉汤 | 蠲痹汤 | 四妙勇安汤 | 除湿胃苓汤 | 清燥救肺汤 | 凉血地黄汤 | 桂枝甘草汤 | 栀子柏皮汤 | 黄芩汤 | 茯苓桂枝甘 草大枣汤 | 柴胡桂枝汤 | 通脉四逆汤 | 桂枝加厚朴杏子汤 | 桂枝麻黄各半汤 | 柴胡桂枝干姜汤 | 桂枝人参汤 | 生姜泻心汤 | 白虎加人参汤 | 调胃承气汤 | 桔梗汤 | 防己黄芪汤 | 苓甘五味姜辛汤 | 防己茯苓汤 | 越婢汤 | 麻黄杏仁薏苡甘草汤 | 瓜蒌桂枝汤 | 生姜甘草汤 | 苏子降气汤 | 香苏散 | 升麻葛根汤 | 平胃散 | 六和汤 | 五虎汤 | 芍药汤 | 门冬清肺饮 | 普济消毒饮子 | 羌活胜风汤 | 牛蒡甘桔汤 | 大补元煎 | 左归饮 | 举元煎 | 茜根散 | 泰山磐石散 | 滋阴降火汤 | 清胃汤 | 调肝汤 | 柴葛解肌汤 | 茵陈术附汤 | 阳和汤 | 柴胡清肝汤 | 地黄饮 | 凉血四物汤 | 膈下逐瘀汤 | 会厌逐瘀汤,"It has the effects of tonifying the spleen and replenishing qi, clearing heat and detoxifying, dispelling phlegm and stopping cough, relieving spasm and alleviating pain, as well as harmonizing the actions of other herbs."
S033,大便夹黏液脓血、排便后肛门坠胀感不减、胀痛或刺痛（便后暂缓）、肝气郁结、月经失调,芍药汤,大黄（Radix Rhei Et Rhizome）,COC1=C(C=C(C=C1)C2=C(C(=O)C3=C(C(=C(C=C3O2)OC)OC)O)O)O | CC1=C(C(CCC1)(C)C)/C=C/C(=C/C=C/C(=C/C=C/C=C(\C)/C=C/C=C(\C)/C2C=C3C(CCCC3(O2)C)(C)C)/C)/C | C1=CC2=C(C(=C1)O)C(=O)C3=C(C2=O)C=C(C=C3O)C(=O)O | C1=CC2=C(C(=C1)O[C@H]3[C@@H]([C@H]([C@@H]([C@H](O3)CO)O)O)O)C(=O)C4=C(C2C5C6=C(C(=CC=C6)O[C@H]7[C@@H]([C@H]([C@@H]([C@H](O7)CO)O)O)OC(=O)C(=O)O)C(=O)C8=C5C=C(C=C8O)C(=O)O)C=C(C=C4O)C(=O)O | C1=CC2=C(C(=C1)O[C@H]3[C@@H]([C@H]([C@@H]([C@H](O3)CO)O)O)O)C(=O)C4=C([C@H]2[C@@H]5C6=C(C(=CC=C6)O[C@H]7[C@@H]([C@H]([C@@H]([C@H](O7)CO)O)O)O)C(=O)C8=C5C=C(C=C8O)C(=O)O)C=C(C=C4O)CO,桃核承气汤 | 小承气汤 | 厚朴七物汤 | 温脾汤 | 三化汤 | 茵陈蒿汤 | 附子泻心汤 | 调胃承气汤 | 大黄黄连泻心汤 | 大黄附子汤 | 厚朴三物汤 | 泻心汤 | 栀子大黄汤 | 温脾丸 | 芍药汤 | 六磨汤 | 升降散 | 增液承气汤,"It has the effects of purging heat to unblock the intestines, cooling blood and detoxifying, and dispelling stasis to promote menstruation."
S033,大便夹黏液脓血、排便后肛门坠胀感不减、胀痛或刺痛（便后暂缓）、肝气郁结、月经失调,芍药汤,黄芩(Scutellariae Radix),COC1=CC=CC(=C1C2=CC(=O)C3=C(C(=C(C(=C3O2)OC)OC)OC)O)O | COC1=C(C2=C(C(=C1)O)C(=O)C=C(O2)C3=CC=CC=C3O)OC | COC1=C(C=C(C2=C1OC(=CC2=O)C3=CC=C(C=C3)O)O)O,二冬汤 | 半夏泻心汤 | 小续命汤 | 清心莲子饮 | 清金化痰汤 | 清肺汤 | 宣郁通经汤 | 当归六黄汤 | 保阴煎 | 达原饮 | 甘草泻心汤 | 甘露饮 | 大秦艽汤 | 桑白皮汤 | 清上蠲痛汤 | 凉血地黄汤 | 黄芩汤 | 附子泻心汤 | 柴胡桂枝汤 | 柴胡桂枝干姜汤 | 生姜泻心汤 | 当归散 | 泻心汤 | 芍药汤 | 普济消毒饮子 | 羌活胜风汤 | 茜根散 | 泰山磐石散 | 滋阴降火汤 | 清胃汤 | 柴葛解肌汤 | 柴胡清肝汤 | 凉血四物汤 | 柴胡陷胸汤,"It has the effects of clearing heat and drying dampness, purging fire and detoxifying, stopping bleeding, and preventing miscarriage."
S033,大便夹黏液脓血、排便后肛门坠胀感不减、胀痛或刺痛（便后暂缓）、肝气郁结、月经失调,芍药汤,桂枝 (Cinnamomi Ramulus),C[C@H](/C=C/[C@H](C)C(C)C)[C@H]1CC[C@@H]2[C@@]1(CC[C@H]3[C@]24C=C[C@@]5([C@@]3(CC[C@@H](C5)O)C)OO4)C | C1[C@@H]([C@H](OC2=CC(=CC(=C21)O)O)C3=CC(=C(C=C3)O)O)O | C1[C@@H]([C@@H](OC2=CC(=CC(=C21)O)O)C3=CC(=C(C=C3)O)O)O | C1=CC(=C(C=C1[C@@H]2[C@H](C(=O)C3=C(C=C(C=C3O2)O)O)O)O)O,苓桂术甘汤 | 桃核承气汤 | 黄芪桂枝五物汤 | 麻黄汤 | 当归四逆汤 | 桂枝芍药知母汤 | 枳实薤白桂枝汤 | 黄连汤 | 厚朴七物汤 | 桂枝甘草汤 | 茯苓桂枝甘 草大枣汤 | 柴胡桂枝汤 | 桂枝加厚朴杏子汤 | 桂枝麻黄各半汤 | 柴胡桂枝干姜汤 | 桂枝人参汤 | 防己茯苓汤 | 瓜蒌桂枝汤 | 芍药汤,"It has the effects of warming meridians and dredging collaterals, releasing the exterior, dispersing wind-cold, and unblocking yang."
S034,头面焮红肿痛、咽喉肿痛、舌干口燥、初起憎寒壮热、呼吸急促,普济消毒饮子,黄芩(Scutellariae Radix),COC1=CC=CC(=C1C2=CC(=O)C3=C(C(=C(C(=C3O2)OC)OC)OC)O)O | COC1=C(C2=C(C(=C1)O)C(=O)C=C(O2)C3=CC=CC=C3O)OC | COC1=C(C=C(C2=C1OC(=CC2=O)C3=CC=C(C=C3)O)O)O,二冬汤 | 半夏泻心汤 | 小续命汤 | 清心莲子饮 | 清金化痰汤 | 清肺汤 | 宣郁通经汤 | 当归六黄汤 | 保阴煎 | 达原饮 | 甘草泻心汤 | 甘露饮 | 大秦艽汤 | 桑白皮汤 | 清上蠲痛汤 | 凉血地黄汤 | 黄芩汤 | 附子泻心汤 | 柴胡桂枝汤 | 柴胡桂枝干姜汤 | 生姜泻心汤 | 当归散 | 泻心汤 | 芍药汤 | 普济消毒饮子 | 羌活胜风汤 | 茜根散 | 泰山磐石散 | 滋阴降火汤 | 清胃汤 | 柴葛解肌汤 | 柴胡清肝汤 | 凉血四物汤 | 柴胡陷胸汤,"It has the effects of clearing heat and drying dampness, purging fire and detoxifying, stopping bleeding, and preventing miscarriage."
S034,头面焮红肿痛、咽喉肿痛、舌干口燥、初起憎寒壮热、呼吸急促,普济消毒饮子,黄连(Coptidis Rhizoma),C[C@@]12CC[C@@H]3[C@]4(C=CC(=O)OC([C@@H]4CC(=O)[C@]3([C@@]15[C@H](O5)C(=O)O[C@H]2C6=COC=C6)C)(C)C)C | COC1=C(C=C2C(=C1)CC[N+]3=C2C=C4C=CC5=C(C4=C3)OCO5)OC | COC1=C(C2=C(CC3C4=CC5=C(C=C4CCN3C2)OCO5)C=C1)OC | COC1=C(C2=C[N+]3=C(C=C2C=C1)C4=CC(=C(C=C4CC3)OC)OC)OC | CC1=C2C3=CC4=C(C=C3CC[N+]2=CC5=CC6=C(C=C15)OCO6)OCO4,枇杷清肺饮 | 半夏泻心汤 | 升阳益胃汤 | 当归六黄汤 | 甘草泻心汤 | 黄连汤 | 清胃散 | 桑白皮汤 | 黄连膏 | 凉血地黄汤 | 附子泻心汤 | 小陷胸汤 | 生姜泻心汤 | 大黄黄连泻心汤 | 泻心汤 | 温脾丸 | 芍药汤 | 普济消毒饮子 | 牛蒡甘桔汤 | 清胃汤 | 柴胡陷胸汤 | 连朴饮,"It has the effects of clearing heat and drying dampness, purging fire and detoxifying."
S034,头面焮红肿痛、咽喉肿痛、舌干口燥、初起憎寒壮热、呼吸急促,普济消毒饮子,人参(Panax Ginseng C. A. Mey.),C1[C@H]2[C@@H](C3=C(O1)C=C(C=C3)O)OC4=CC5=C(C=C24)OCO5 | C1CCN(CCCNC(=O)C[C@H](NC1)C2=CC=CC=C2)C(=O)C3=CC=CC=C3 | C1=CC=C2C(=C1)C3=C(C(=O)C4=CC=CC=C4O3)C(=O)O2 | CC1=CC2=C(C3=C1OC(C=C3)(C)C)NC4=CC=CC=C42 | COC1=C(C=C(C=C1)C[C@@H]\2COC(=O)/C2=C/C3=CC4=C(C=C3)OCO4)OC,温经汤 | 枇杷清肺饮 | 二冬汤 | 半夏泻心汤 | 大建中汤 | 麦门冬汤 | 小续命汤 | 开心散 | 清心莲子饮 | 保元汤 | 异功散 | 白术散 | 人参五味子汤 | 竹叶石膏汤 | 升阳益胃汤 | 固阴煎 | 完带汤 | 旋覆代赭汤 | 吴茱萸汤 | 黄连汤 | 附子汤 | 橘皮竹茹汤 | 温脾汤 | 三痹汤 | 圣愈汤 | 托里消毒散 | 养胃汤 | 丁香柿蒂散 | 清燥救肺汤 | 柴胡桂枝汤 | 桂枝人参汤 | 生姜泻心汤 | 白虎加人参汤 | 生姜甘草汤 | 延年薯蓣酒 | 六和汤 | 门冬清肺饮 | 普济消毒饮子 | 大补元煎 | 举元煎 | 泰山磐石散 | 解郁汤 | 固本止崩汤,"It has the effects of greatly tonifying primordial qi, restoring pulses and securing collapse, tonifying the spleen and nourishing the lungs, promoting fluid production, and tranquilizing the mind."
S034,头面焮红肿痛、咽喉肿痛、舌干口燥、初起憎寒壮热、呼吸急促,普济消毒饮子,橘红（Citri Exocarpium Rubrum）,C1[C@@H](OC2=CC(=CC(=C2C1=O)O)O)C3=CC=C(C=C3)O | COC1=CC(=CC(=C1)O)[C@@H]2CC(=O)C3=C(C=C(C=C3O2)O)O | CC(=CCOC1=C2C=CC(=O)OC2=CC3=C1C=CO3)C | C[C@@]12CC[C@@H]3[C@]4(C=CC(=O)OC([C@@H]4CC(=O)[C@]3([C@@]15[C@H](O5)C(=O)O[C@H]2C6=COC=C6)C)(C)C)C | C1[C@H](OC2=CC(=CC(=C2C1=O)O)O)C3=CC=C(C=C3)O,清金化痰汤 | 清肺汤 | 半夏白术天麻汤 | 厚朴温中汤 | 养胃汤 | 导痰汤 | 普济消毒饮子,"It has the effects of transforming phlegm, moving qi to relieve middle-jiao distension, dispelling cold, fortifying the stomach, regulating qi, and drying dampness."
S034,头面焮红肿痛、咽喉肿痛、舌干口燥、初起憎寒壮热、呼吸急促,普济消毒饮子,玄参（Figwort Root ）,C[C@]12C[C@@]3([C@@H]4C[C@]1([C@@]4([C@H](O2)O3)COC(=O)C5=CC=CC=C5)O[C@H]6[C@@H]([C@H]([C@@H]([C@H](O6)CO)O)O)O)O | CC(C)C1=C(C=C2C(=C1)C(=O)C[C@@H]3[C@@]2(CCCC3(C)C)C)O | CC[C@H](CC[C@@H](C)[C@H]1CC[C@@H]2[C@@]1(CC[C@H]3[C@H]2CC=C4[C@@]3(CC[C@@H](C4)O)C)C)C(C)C,两地汤 | 四妙勇安汤 | 普济消毒饮子 | 消瘰丸 | 地黄饮 | 增液承气汤 | 会厌逐瘀汤,"It has the effects of cooling blood to nourish yin, and purging fire to detoxify."
S034,头面焮红肿痛、咽喉肿痛、舌干口燥、初起憎寒壮热、呼吸急促,普济消毒饮子,甘草(licorice ),CC(=CCC1=C(C2=C(C=C1O)OC(=O)C3=C2OC4=C3C=CC(=C4)O)OC)C | CC1(C=CC2=C(O1)C=CC3=C2OC[C@@H]4[C@H]3OC5=C4C=CC(=C5)O)C | CC1(CCC2=C(O1)C=C3C(=C2OC)C=C(C(=O)O3)C4=C(C=C(C=C4)O)O)CO | CC1(C=CC2=C(O1)C=CC(=C2O)C3COC4=C(C3=O)C(=CC(=C4)O)OC)C | CC(=CCC1=C(C=CC2=C1OC(=O)C3=C2OC4=C3C=CC(=C4)O)O)C,苓桂术甘汤 | 温经汤 | 枇杷清肺饮 | 二冬汤 | 桃核承气汤 | 芍药甘草汤 | 半夏泻心汤 | 麦门冬汤 | 温胆汤 | 小续命汤 | 当归饮子 | 泻白散 | 清心莲子饮 | 羌活胜湿汤 | 清金化痰汤 | 金水六君煎 | 清肺汤 | 保元汤 | 半夏白术天麻汤 | 宣郁通经汤 | 异功散 | 泻黄散 | 白术散 | 消乳丸 | 人参五味子汤 | 清宁散 | 竹叶石膏汤 | 麻黄汤 | 当归四逆汤 | 桂枝芍药知母汤 | 当归建中汤 | 升阳益胃汤 | 厚朴温中汤 | 保阴煎 | 固阴煎 | 清骨散 | 达原饮 | 沙参麦冬汤 | 完带汤 | 身痛逐瘀汤 | 散偏汤 | 旋覆代赭汤 | 甘草泻心汤 | 黄连汤 | 橘皮竹茹汤 | 甘姜苓术汤 | 厚朴七物汤 | 温脾汤 | 竹茹汤 | 辛夷散 | 实脾散 | 甘露饮 | 华盖散 | 三痹汤 | 乌药汤 | 大秦艽汤 | 托里消毒散 | 清上蠲痛汤 | 养胃汤 | 石决明散 | 三甲复脉汤 | 蠲痹汤 | 四妙勇安汤 | 除湿胃苓汤 | 清燥救肺汤 | 凉血地黄汤 | 桂枝甘草汤 | 栀子柏皮汤 | 黄芩汤 | 茯苓桂枝甘 草大枣汤 | 柴胡桂枝汤 | 通脉四逆汤 | 桂枝加厚朴杏子汤 | 桂枝麻黄各半汤 | 柴胡桂枝干姜汤 | 桂枝人参汤 | 生姜泻心汤 | 白虎加人参汤 | 调胃承气汤 | 桔梗汤 | 防己黄芪汤 | 苓甘五味姜辛汤 | 防己茯苓汤 | 越婢汤 | 麻黄杏仁薏苡甘草汤 | 瓜蒌桂枝汤 | 生姜甘草汤 | 苏子降气汤 | 香苏散 | 升麻葛根汤 | 平胃散 | 六和汤 | 五虎汤 | 芍药汤 | 门冬清肺饮 | 普济消毒饮子 | 羌活胜风汤 | 牛蒡甘桔汤 | 大补元煎 | 左归饮 | 举元煎 | 茜根散 | 泰山磐石散 | 滋阴降火汤 | 清胃汤 | 调肝汤 | 柴葛解肌汤 | 茵陈术附汤 | 阳和汤 | 柴胡清肝汤 | 地黄饮 | 凉血四物汤 | 膈下逐瘀汤 | 会厌逐瘀汤,"It has the effects of tonifying the spleen and replenishing qi, clearing heat and detoxifying, dispelling phlegm and stopping cough, relieving spasm and alleviating pain, as well as harmonizing the actions of other herbs."
S034,头面焮红肿痛、咽喉肿痛、舌干口燥、初起憎寒壮热、呼吸急促,普济消毒饮子,连翘（Forsythiae Fructus）,COC1=C(C=C(C=C1)C[C@H]2COC(=O)[C@@H]2CC3=CC(=C(C=C3)OC)OC)OC | COC1=C(C=C(C=C1)[C@@H]2[C@H]3CO[C@@H]([C@H]3CO2)C4=CC(=C(C=C4)O)OC)OC | COC1=C(C=C(C=C1)[C@H]2[C@H]3CO[C@@H]([C@H]3CO2)C4=CC(=C(C=C4)O)OC)OC | CN1CCC2=CC3=C(C=C2[C@H]1[C@H]4C5=C(C6=C(C=C5)OCO6)C(=O)O4)OCO3,新加香薷饮 | 普济消毒饮子 | 清胃汤 | 柴胡清肝汤 | 宣痹汤,"It has the effects of clearing heat and detoxifying, reducing swelling and dissipating nodules"
S034,头面焮红肿痛、咽喉肿痛、舌干口燥、初起憎寒壮热、呼吸急促,普济消毒饮子,牛蒡子（Fructus Arctii）,COC1=C(C=C(C=C1)C[C@H]2COC(=O)[C@@H]2CC3=CC(=C(C=C3)OC4=C(C=C(C=C4)C[C@H]5COC(=O)[C@@H]5CC6=CC(=C(C(=C6)OC)O)OC)OC)OC)OC | COC1=C(C=C(C=C1)C[C@H]2COC(=O)[C@@H]2CC3=CC(=C(C=C3)O[C@H]4[C@@H]([C@H]([C@@H]([C@H](O4)CO)O)O)O)OC)OC | CC[C@H](CC[C@@H](C)[C@H]1CC[C@@H]2[C@@]1(CC[C@H]3[C@H]2CC=C4[C@@]3(CC[C@@H](C4)O)C)C)C(C)C | C1=CC(=CC=C1C2=C(C(=O)C3=C(C=C(C=C3O2)O)O)O)O | CC1=C(C(CCC1)(C)C)/C=C/C(=C/C=C/C(=C/C=C/C=C(/C=C/C=C(/C=C/C2=C(CCCC2(C)C)C)\C)\C)/C)/C,普济消毒饮子 | 牛蒡甘桔汤 | 柴胡清肝汤,"It has the effects of reducing swelling and toxic nodules, resolving stagnation, dispelling wind-heat, benefiting the throat, ventilating the lung, and promoting the eruption of rashes."
S034,头面焮红肿痛、咽喉肿痛、舌干口燥、初起憎寒壮热、呼吸急促,普济消毒饮子,板蓝根（Isatidis Radix）,CC1=C(C(=O)CC2N1C3(CCC2)C4=CC=CC=C4NC3=O)C(=O)O | C1=CC=C2C(=C1)C(=CN2)C/C(=N/OS(=O)(=O)O)/S[C@H]3[C@@H]([C@H]([C@@H]([C@H](O3)CO)O)O)O | COC1=C(C=C(C=C1)C2=CC(=O)C3=C(C(=C(C=C3O2)OC)OC)OC)OC | CC[C@H](/C=C/[C@@H](C)[C@H]1CC[C@@H]2[C@@]1(CC[C@H]3[C@H]2CC=C4[C@@]3(CC[C@@H](C4)O)C)C)C(C)C,普济消毒饮子,"It has the effects of cooling blood, detoxifying, benefiting the throat, and clearing heat."
S034,头面焮红肿痛、咽喉肿痛、舌干口燥、初起憎寒壮热、呼吸急促,普济消毒饮子,马勃（Lasiosphaera Seu Calvatia）,C[C@H](/C=C/[C@H](C)C(C)C)[C@H]1CC[C@@H]2[C@@]1(CC[C@H]3C2=CCC4[C@@]3(CCC(=O)C4)C)C | CC[C@H](CC[C@@H](C)[C@H]1CC[C@@H]2[C@@]1(CC[C@H]3[C@H]2CC=C4[C@@]3(CC[C@@H](C4)O)C)C)C(C)C,普济消毒饮子,"It has the effects of stopping bleeding, detoxifying, benefiting the throat, and clearing the lung."
S034,头面焮红肿痛、咽喉肿痛、舌干口燥、初起憎寒壮热、呼吸急促,普济消毒饮子,白僵蚕（ Beauveria bassiana bassiana (Bals.) Vaillant）,C([C@@H](C(=O)O)N)C(=O)O | CCCCCCC(C)C1CC(=O)N[C@H](C(=O)N[C@H](C(=O)N[C@@H](C(=O)O1)[C@@H](C)CC)CC2=CC=CC=C2)C(C)C | CC(C)CC1C(=O)OC(C(=O)N(C(C(=O)OC(C(=O)N(C(C(=O)OC(C(=O)N(C(C(=O)OC(C(=O)N1C)C(C)C)CC(C)C)C)C(C)C)CC(C)C)C)C(C)C)CC(C)C)C)C(C)C | CCC(C)/C=C(\C)/C=C/C=C/C(=O)C1=C(C(=CN(C1=O)O)C2=CC=C(C=C2)O)O | CC(C)C[C@@H](C(=O)O)N,普济消毒饮子 | 地黄饮 | 升降散,"It has the effects of resolving phlegm, dissipating nodules, benefiting the throat, dispelling wind and relieving spasm, clearing heat, and detoxifying."
S034,头面焮红肿痛、咽喉肿痛、舌干口燥、初起憎寒壮热、呼吸急促,普济消毒饮子,升麻（Cimicifugae Rhizoma）,COC1=C(C=CC(=C1)CCNC(=O)/C=C\C2=CC(=C(C=C2)O)OC)O | C1=CC(=CC=C1/C=C/C(=O)O[C@H](C(=O)O)[C@](CC2=CC(=C(C=C2)O)O)(C(=O)O)O)O | CC1=CC(=O)C2=C(C3=C(C=C2O1)OC(C3)C(C)(C)O)O | C[C@]12C[C@@]3([C@@H]4C[C@]1([C@@]4([C@H](O2)O3)COC(=O)C5=CC=CC=C5)O[C@H]6[C@@H]([C@H]([C@@H]([C@H](O6)CO)O)O)O)O | COC1=C(C=CC(=C1)/C=C\C(=O)NCCC2=CC=C(C=C2)O)O,升陷汤 | 济川煎 | 辛夷散 | 清胃散 | 凉血地黄汤 | 升麻葛根汤 | 普济消毒饮子 | 举元煎,"It has the effects of sedation and hypnosis, analgesia, antipyresis and temperature reduction, liver protection, immunomodulation, anti-inflammation, and antiviral effects."
S034,头面焮红肿痛、咽喉肿痛、舌干口燥、初起憎寒壮热、呼吸急促,普济消毒饮子,柴胡（Radix Bupleuri）,COC1=C(C=CC(=C1)C2=C(C(=O)C3=C(C=C(C=C3O2)O)O)O)O | COC1=C(C=C(C(=C1)C2=CC(=O)C3=C(C(=C(C=C3O2)OC)OC)O)O)O | C1[C@@H]([C@H]([C@H](O1)O)CC2=CC3=C(C=C2)OCO3)CC4=CC5=C(C=C4)OCO5 | CC1(CCCC23[C@@H]1[C@@H](C([C@]45[C@H]2CC[C@H](C4O)C(=C)C5=O)(OC3)O)O)C | C/C=C(\C)/C(=O)O[C@H]1[C@H](C(OC2=C1C3=C(C=C2)C=CC(=O)O3)(C)C)OC(=O)/C(=C/C)/C,升陷汤 | 宣郁通经汤 | 升阳益胃汤 | 完带汤 | 散偏汤 | 柴胡桂枝汤 | 柴胡桂枝干姜汤 | 佛手散 | 普济消毒饮子 | 羌活胜风汤 | 滋阴降火汤 | 定经汤 | 柴葛解肌汤 | 柴胡清肝汤 | 四物消风饮 | 滋水清肝饮 | 柴胡陷胸汤 | 会厌逐瘀汤,"It has the effects of dispersing and reducing fever, soothing the liver, and lifting yang."
S034,头面焮红肿痛、咽喉肿痛、舌干口燥、初起憎寒壮热、呼吸急促,普济消毒饮子,桔梗（Platycodon Grandiforus）,CC[C@H](/C=C/[C@@H](C)[C@H]1CC[C@@H]2[C@@]1(CC[C@H]3C2=CC[C@@H]4[C@@]3(CC[C@@H](C4)O)C)C)C(C)C | C1=CC(=C(C=C1[C@H]2[C@H](C(=O)C3=C(C=C(C=C3O2)O)O)O)O)O | C[C@H]1[C@@H]([C@H]([C@H]([C@@H](O1)OC[C@@H]2[C@@H]([C@@H]([C@H]([C@@H](O2)OC3=C(OC4=CC(=CC(=C4C3=O)O)O[C@H]5[C@@H]([C@@H]([C@H]([C@@H](O5)C)O)O)O)C6=CC=C(C=C6)O)O)O)O)O)O)O,升陷汤 | 清金化痰汤 | 清肺汤 | 托里消毒散 | 桔梗汤 | 普济消毒饮子 | 羌活胜风汤 | 牛蒡甘桔汤 | 柴胡陷胸汤 | 会厌逐瘀汤,"It has the effects of diffusing the lungs, relieving sore throat, eliminating phlegm, and draining pus."
S035,目赤肿痛：、畏光流泪、头痛鼻塞、眉骨酸胀、舌红苔薄黄,羌活胜风汤,白术(Atractylodes Macrocephala Koidz),C[C@@H]1CC[C@@]2(CC[C@@]3(C(=CC[C@H]4[C@]3(CC[C@@H]5[C@@]4(CC[C@@H](C5(C)C)O)C)C)[C@@H]2[C@H]1C)C)C | CC1=COC2=C1C[C@H]3C(=C)[C@H](CC[C@@]3(C2)C)OC(=O)C | CCC[C@@H](CC[C@@H](C)[C@H]1CC[C@@H]2[C@@]1(CC[C@H]3[C@H]2CC=C4[C@@]3(CC[C@@H](C4)O)C)C)C(C)C | CCO[C@]12C[C@]3(CCCC(=C)[C@@H]3CC1=C(C(=O)O2)C)C,苓桂术甘汤 | 真武汤 | 半夏白术天麻汤 | 异功散 | 白术散 | 人参五味子汤 | 桂枝芍药知母汤 | 升阳益胃汤 | 完带汤 | 附子汤 | 泽泻汤 | 甘姜苓术汤 | 实脾散 | 大秦艽汤 | 托里消毒散 | 除湿胃苓汤 | 桂枝人参汤 | 当归散 | 防己黄芪汤 | 延年薯蓣酒 | 羌活胜风汤 | 举元煎 | 泰山磐石散 | 解郁汤 | 固本止崩汤 | 茵陈术附汤 | 理冲汤,"It has the effects of strengthening the spleen and tonifying qi, drying dampness and promoting diuresis, stopping sweating, and preventing miscarriage."
S035,目赤肿痛：、畏光流泪、头痛鼻塞、眉骨酸胀、舌红苔薄黄,羌活胜风汤,枳壳（Aurantii Fructus）,C/C(=C\COC1=CC2=C(C=C1)C=CC(=O)O2)/CC[C@H](C(C)(C)O)O | COC1=C(C=C(C=C1)[C@@H]2CC(=O)C3=C(C=C(C=C3O2)O)O)O | CC[C@H](CC[C@@H](C)[C@H]1CC[C@@H]2[C@@]1(CC[C@H]3[C@H]2CC=C4[C@@]3(CC[C@@H](C4)O)C)C)C(C)C | C1[C@H](OC2=CC(=CC(=C2C1=O)O)O)C3=CC=C(C=C3)O | COC1=C(C=C(C=C1)C2=CC(=O)C3=C(O2)C(=C(C(=C3OC)OC)OC)OC)OC | CNCCC1=CC=C(C=C1)O,济川煎 | 槐花散 | 甘露饮 | 凉血地黄汤 | 羌活胜风汤 | 六磨汤 | 清胃汤 | 解郁汤 | 蒿芩清胆汤 | 膈下逐瘀汤 | 会厌逐瘀汤,"It has the effects of regulating qi to relieve middle-jiao distension, moving stagnation to reduce bloating."
S035,目赤肿痛：、畏光流泪、头痛鼻塞、眉骨酸胀、舌红苔薄黄,羌活胜风汤,羌活（Notopterygii Rhizoma Et Radix）,C/C(=C\COC1=CC2=C(C=C1)C=CC(=O)O2)/CC[C@@H](C(C)(C)O)O | C/C(=C\COC1=C2C=CC(=O)OC2=CC3=C1C=CO3)/C/C=C/C(C)(C)O | CC(C)([C@H]1CC2=C(O1)C=C3C(=C2)C=CC(=O)O3)O[C@H]4[C@@H]([C@H]([C@@H]([C@H](O4)CO)O)O)O | CC(C)CC(=O)OCC1=CC2=C(C=C1)OCO2,羌活胜湿汤 | 升阳益胃汤 | 身痛逐瘀汤 | 辛夷散 | 大秦艽汤 | 三化汤 | 清上蠲痛汤 | 石决明散 | 蠲痹汤 | 羌活胜风汤,"It has the effects of dispersing cold, dispelling wind, eliminating dampness, and relieving pain."
S035,目赤肿痛：、畏光流泪、头痛鼻塞、眉骨酸胀、舌红苔薄黄,羌活胜风汤,川芎(Chuanxiong Rhizoma),CCCCC/C=C\C/C=C\CCCCCCCC(=O)OCC | C1=CC=C2C(=C1)C3=C(N2)C(=NC=C3)C4=CC=C(O4)CO | CC1=CC(=O)C=C(C1=O)C/C=C(\C)/CC/C=C(\C)/CCC=C(C)C | C1=CC(=CC=C1C(=O)N[C@@H](CCC(=O)O)C(=O)O)NCC2=CN=C3C(=N2)C(=O)NC(=N3)N | COC1=C2C=C(CCCCC(=O)CCC3=CC2=C(C=C3)O)C(=C1OC)O,温经汤 | 桃红四物汤 | 小续命汤 | 当归饮子 | 羌活胜湿汤 | 身痛逐瘀汤 | 散偏汤 | 辛夷散 | 三痹汤 | 圣愈汤 | 大秦艽汤 | 托里消毒散 | 清上蠲痛汤 | 蠲痹汤 | 当归散 | 佛手散 | 羌活胜风汤 | 牛蒡甘桔汤 | 泰山磐石散 | 滋阴降火汤 | 柴胡清肝汤 | 四物消风饮 | 凉血四物汤 | 通窍活血汤 | 膈下逐瘀汤,"It has the effects of activating blood circulation, promoting qi movement, dispelling wind, and relieving pain."
S035,目赤肿痛：、畏光流泪、头痛鼻塞、眉骨酸胀、舌红苔薄黄,羌活胜风汤,白芷（A. Dahurica (Fisch.) Benth. Et Hook ）,CC1([C@H](O1)COC2=C3C(=C(C4=C2OC(=O)C=C4)OC)C=CO3)C | CC1(C(O1)COC2=C3C=COC3=C(C4=C2C=CC(=O)O4)OCC5C(O5)(C)C)C | CC[C@H](/C=C/[C@@H](C)[C@H]1CC[C@@H]2[C@@]1(CC[C@H]3[C@H]2CC=C4[C@@]3(CC[C@@H](C4)O)C)C)C(C)C | CCCC[C@@H](CC)COC(=O)C1=CC=CC=C1C(=O)OC[C@H](CC)CCCC,散偏汤 | 辛夷散 | 大秦艽汤 | 托里消毒散 | 清上蠲痛汤 | 羌活胜风汤,"It has the effects of dispersing wind and eliminating dampness, unblocking orifices to relieve pain, and reducing swelling to drain pus."
S035,目赤肿痛：、畏光流泪、头痛鼻塞、眉骨酸胀、舌红苔薄黄,羌活胜风汤,独活（Radix Angelicae Biseratae）,C/C=C(/C)\C(=O)O[C@H](C1=C(C=C2C(=C1)C=CC(=O)O2)OC)[C@H](C(C)(C)O)O | CC(C)CC(=O)O[C@H](C1=C(C=C2C(=C1)C=CC(=O)O2)OC)[C@H](C(C)(C)O)O | CC(=CCOC1=C2C=CC(=O)OC2=CC3=C1C=CO3)C | CC(=O)OC(C)(C)[C@@H]1CC2=C(O1)C=CC3=C2OC(=O)C=C3 | CC(C)([C@H]1CC2=C(O1)C=C3C(=C2)C=CC(=O)O3)O[C@H]4[C@@H]([C@H]([C@@H]([C@H](O4)CO)O)O)O,羌活胜湿汤 | 升阳益胃汤 | 三痹汤 | 大秦艽汤 | 清上蠲痛汤 | 蠲痹汤 | 羌活胜风汤 | 四物消风饮 | 补肾活血汤,"It has the effects of dispelling wind and eliminating dampness, unblocking impediment and relieving pain."
S035,目赤肿痛：、畏光流泪、头痛鼻塞、眉骨酸胀、舌红苔薄黄,羌活胜风汤,防风（Saposhnikoviae Radix）,COC1=C(C=CC(=C1)[C@@H]2[C@H](OC3=C4C(=CC(=C3O2)OC)C=CC(=O)O4)CO)O | C/C=C(\C)/C(=O)O[C@H]1[C@@H](C(OC2=C1C3=C(C=C2)C=CC(=O)O3)(C)C)OC(=O)/C(=C/C)/C | C/C=C(/C)\C(=O)O[C@H]1CC2=C(C=C3C(=C2O)C(=O)C=C(O3)CO)OC1(C)C | CC[C@H](CC[C@@H](C)[C@H]1CC[C@@H]2[C@@]1(CC[C@H]3[C@H]2CC=C4[C@@]3(CC[C@H](C4)O)C)C)C(C)C | CC[C@H](CC[C@@H](C)[C@H]1CC[C@@H]2[C@@]1(CC[C@H]3[C@H]2CC=C4[C@@]3(CC[C@@H](C4)O)C)C)C(C)C,小续命汤 | 当归饮子 | 羌活胜湿汤 | 泻黄散 | 桂枝芍药知母汤 | 升阳益胃汤 | 辛夷散 | 三痹汤 | 大秦艽汤 | 清上蠲痛汤 | 除湿胃苓汤 | 延年薯蓣酒 | 羌活胜风汤 | 清胃汤 | 柴胡清肝汤 | 四物消风饮,"It has the effects of releasing the exterior and dispelling wind, overcoming dampness, and stopping convulsions."
S035,目赤肿痛：、畏光流泪、头痛鼻塞、眉骨酸胀、舌红苔薄黄,羌活胜风汤,前胡（Peucedani Radix）,C/C=C(/C)\C(=O)O[C@H]1[C@H](C2=C(C=CC3=C2OC(=O)C=C3)OC1(C)C)OC(=O)CC(C)C | C/C=C(\C)/C(=O)O[C@H]1[C@H](C(OC2=C1C3=C(C=C2)C=CC(=O)O3)(C)C)OC(=O)C | CC(C)(C(CC1=C(C=C(C2=C1OC(=O)C=C2)OC)OC)O)OC3C(C(C(C(O3)COC4C(C(CO4)(CO)O)O)O)O)O | C[C@@]12C(=O)N3[C@@H]4[C@]([C@H]([C@]3(C(=O)N1C)SS2)O)(C5=CC(=C(C(=C5N4C)OC)OC)Cl)O | CC(C)([C@@H]1CC2=C(O1)C(=C3C(=C2)C=CC(=O)O3)O)O,苏子降气汤 | 佛手散 | 羌活胜风汤,"It has the effects of dispersing wind-heat, and directing qi downward to resolve phlegm. | It has the effects of dispersing wind-heat, and descending qi to transform phlegm."
S035,目赤肿痛：、畏光流泪、头痛鼻塞、眉骨酸胀、舌红苔薄黄,羌活胜风汤,桔梗（Platycodon Grandiforus）,CC[C@H](/C=C/[C@@H](C)[C@H]1CC[C@@H]2[C@@]1(CC[C@H]3C2=CC[C@@H]4[C@@]3(CC[C@@H](C4)O)C)C)C(C)C | C1=CC(=C(C=C1[C@H]2[C@H](C(=O)C3=C(C=C(C=C3O2)O)O)O)O)O | C[C@H]1[C@@H]([C@H]([C@H]([C@@H](O1)OC[C@@H]2[C@@H]([C@@H]([C@H]([C@@H](O2)OC3=C(OC4=CC(=CC(=C4C3=O)O)O[C@H]5[C@@H]([C@@H]([C@H]([C@@H](O5)C)O)O)O)C6=CC=C(C=C6)O)O)O)O)O)O)O,升陷汤 | 清金化痰汤 | 清肺汤 | 托里消毒散 | 桔梗汤 | 普济消毒饮子 | 羌活胜风汤 | 牛蒡甘桔汤 | 柴胡陷胸汤 | 会厌逐瘀汤,"It has the effects of diffusing the lungs, relieving sore throat, eliminating phlegm, and draining pus."
S035,目赤肿痛：、畏光流泪、头痛鼻塞、眉骨酸胀、舌红苔薄黄,羌活胜风汤,薄荷（ Menthae Herba）,CC1(CC(C2=CC=CC=C2N1C(=O)CSC3=NCCS3)(C)C4=CC=CC=C4)C | C1[C@H](OC2=CC(=CC(=C2C1=O)O)O)C3=CC=C(C=C3)O | C1=CC2=C(C(=C1)O)C(=O)C3=C(C2=O)C=C(C=C3O)CO | C1[C@H](OC2=CC(=CC(=C2C1=O)O)O)C3=CC(=C(C=C3)O)O | COC1=CC(=C2C(=C1)OC(=CC2=O)C3=CC=C(C=C3)O)O,地黄饮子 | 羌活胜风汤 | 解郁汤 | 四物消风饮,"It has the effects of dissipating wind-heat, clearing the head and eyes, and promoting eruption ."
S035,目赤肿痛：、畏光流泪、头痛鼻塞、眉骨酸胀、舌红苔薄黄,羌活胜风汤,荆芥穗（Schizonepetae Spica）,CC(=CCC/C(=C/CC/C(=C/CC/C=C(\C)/CC/C=C(/C)\CCC=C(C)C)/C)/C)C | CC[C@H](CC[C@@H](C)[C@H]1CC[C@@H]2[C@@]1(CC[C@H]3[C@H]2CC=C4[C@@]3(CC[C@H](C4)O)C)C)C(C)C | CC[C@H](/C=C/[C@@H](C)[C@H]1CC[C@@H]2[C@@]1(CC[C@H]3[C@H]2CC=C4[C@@]3(CC[C@@H](C4)O)C)C)C(C)C | COC1=CC=C(C=C1)C2=CC(=O)C3=C(O2)C=C(C(=C3O)OC)O,当归饮子 | 槐花散 | 凉血地黄汤 | 羌活胜风汤 | 清胃汤 | 定经汤 | 四物消风饮,"It has the effects of dispersing wind-cold, promoting eruption to relieve itching, and stopping bleeding."
S035,目赤肿痛：、畏光流泪、头痛鼻塞、眉骨酸胀、舌红苔薄黄,羌活胜风汤,甘草(licorice ),CC(=CCC1=C(C2=C(C=C1O)OC(=O)C3=C2OC4=C3C=CC(=C4)O)OC)C | CC1(C=CC2=C(O1)C=CC3=C2OC[C@@H]4[C@H]3OC5=C4C=CC(=C5)O)C | CC1(CCC2=C(O1)C=C3C(=C2OC)C=C(C(=O)O3)C4=C(C=C(C=C4)O)O)CO | CC1(C=CC2=C(O1)C=CC(=C2O)C3COC4=C(C3=O)C(=CC(=C4)O)OC)C | CC(=CCC1=C(C=CC2=C1OC(=O)C3=C2OC4=C3C=CC(=C4)O)O)C,苓桂术甘汤 | 温经汤 | 枇杷清肺饮 | 二冬汤 | 桃核承气汤 | 芍药甘草汤 | 半夏泻心汤 | 麦门冬汤 | 温胆汤 | 小续命汤 | 当归饮子 | 泻白散 | 清心莲子饮 | 羌活胜湿汤 | 清金化痰汤 | 金水六君煎 | 清肺汤 | 保元汤 | 半夏白术天麻汤 | 宣郁通经汤 | 异功散 | 泻黄散 | 白术散 | 消乳丸 | 人参五味子汤 | 清宁散 | 竹叶石膏汤 | 麻黄汤 | 当归四逆汤 | 桂枝芍药知母汤 | 当归建中汤 | 升阳益胃汤 | 厚朴温中汤 | 保阴煎 | 固阴煎 | 清骨散 | 达原饮 | 沙参麦冬汤 | 完带汤 | 身痛逐瘀汤 | 散偏汤 | 旋覆代赭汤 | 甘草泻心汤 | 黄连汤 | 橘皮竹茹汤 | 甘姜苓术汤 | 厚朴七物汤 | 温脾汤 | 竹茹汤 | 辛夷散 | 实脾散 | 甘露饮 | 华盖散 | 三痹汤 | 乌药汤 | 大秦艽汤 | 托里消毒散 | 清上蠲痛汤 | 养胃汤 | 石决明散 | 三甲复脉汤 | 蠲痹汤 | 四妙勇安汤 | 除湿胃苓汤 | 清燥救肺汤 | 凉血地黄汤 | 桂枝甘草汤 | 栀子柏皮汤 | 黄芩汤 | 茯苓桂枝甘 草大枣汤 | 柴胡桂枝汤 | 通脉四逆汤 | 桂枝加厚朴杏子汤 | 桂枝麻黄各半汤 | 柴胡桂枝干姜汤 | 桂枝人参汤 | 生姜泻心汤 | 白虎加人参汤 | 调胃承气汤 | 桔梗汤 | 防己黄芪汤 | 苓甘五味姜辛汤 | 防己茯苓汤 | 越婢汤 | 麻黄杏仁薏苡甘草汤 | 瓜蒌桂枝汤 | 生姜甘草汤 | 苏子降气汤 | 香苏散 | 升麻葛根汤 | 平胃散 | 六和汤 | 五虎汤 | 芍药汤 | 门冬清肺饮 | 普济消毒饮子 | 羌活胜风汤 | 牛蒡甘桔汤 | 大补元煎 | 左归饮 | 举元煎 | 茜根散 | 泰山磐石散 | 滋阴降火汤 | 清胃汤 | 调肝汤 | 柴葛解肌汤 | 茵陈术附汤 | 阳和汤 | 柴胡清肝汤 | 地黄饮 | 凉血四物汤 | 膈下逐瘀汤 | 会厌逐瘀汤,"It has the effects of tonifying the spleen and replenishing qi, clearing heat and detoxifying, dispelling phlegm and stopping cough, relieving spasm and alleviating pain, as well as harmonizing the actions of other herbs."
S035,目赤肿痛：、畏光流泪、头痛鼻塞、眉骨酸胀、舌红苔薄黄,羌活胜风汤,柴胡（Radix Bupleuri）,COC1=C(C=CC(=C1)C2=C(C(=O)C3=C(C=C(C=C3O2)O)O)O)O | COC1=C(C=C(C(=C1)C2=CC(=O)C3=C(C(=C(C=C3O2)OC)OC)O)O)O | C1[C@@H]([C@H]([C@H](O1)O)CC2=CC3=C(C=C2)OCO3)CC4=CC5=C(C=C4)OCO5 | CC1(CCCC23[C@@H]1[C@@H](C([C@]45[C@H]2CC[C@H](C4O)C(=C)C5=O)(OC3)O)O)C | C/C=C(\C)/C(=O)O[C@H]1[C@H](C(OC2=C1C3=C(C=C2)C=CC(=O)O3)(C)C)OC(=O)/C(=C/C)/C,升陷汤 | 宣郁通经汤 | 升阳益胃汤 | 完带汤 | 散偏汤 | 柴胡桂枝汤 | 柴胡桂枝干姜汤 | 佛手散 | 普济消毒饮子 | 羌活胜风汤 | 滋阴降火汤 | 定经汤 | 柴葛解肌汤 | 柴胡清肝汤 | 四物消风饮 | 滋水清肝饮 | 柴胡陷胸汤 | 会厌逐瘀汤,"It has the effects of dispersing and reducing fever, soothing the liver, and lifting yang."
S035,目赤肿痛：、畏光流泪、头痛鼻塞、眉骨酸胀、舌红苔薄黄,羌活胜风汤,黄芩(Scutellariae Radix),COC1=CC=CC(=C1C2=CC(=O)C3=C(C(=C(C(=C3O2)OC)OC)OC)O)O | COC1=C(C2=C(C(=C1)O)C(=O)C=C(O2)C3=CC=CC=C3O)OC | COC1=C(C=C(C2=C1OC(=CC2=O)C3=CC=C(C=C3)O)O)O,二冬汤 | 半夏泻心汤 | 小续命汤 | 清心莲子饮 | 清金化痰汤 | 清肺汤 | 宣郁通经汤 | 当归六黄汤 | 保阴煎 | 达原饮 | 甘草泻心汤 | 甘露饮 | 大秦艽汤 | 桑白皮汤 | 清上蠲痛汤 | 凉血地黄汤 | 黄芩汤 | 附子泻心汤 | 柴胡桂枝汤 | 柴胡桂枝干姜汤 | 生姜泻心汤 | 当归散 | 泻心汤 | 芍药汤 | 普济消毒饮子 | 羌活胜风汤 | 茜根散 | 泰山磐石散 | 滋阴降火汤 | 清胃汤 | 柴葛解肌汤 | 柴胡清肝汤 | 凉血四物汤 | 柴胡陷胸汤,"It has the effects of clearing heat and drying dampness, purging fire and detoxifying, stopping bleeding, and preventing miscarriage."
S036,耳下、颈侧肿块、低热或不热、舌暗或有瘀斑、脉弦涩,牛蒡甘桔汤,牛蒡子（Fructus Arctii）,COC1=C(C=C(C=C1)C[C@H]2COC(=O)[C@@H]2CC3=CC(=C(C=C3)OC4=C(C=C(C=C4)C[C@H]5COC(=O)[C@@H]5CC6=CC(=C(C(=C6)OC)O)OC)OC)OC)OC | COC1=C(C=C(C=C1)C[C@H]2COC(=O)[C@@H]2CC3=CC(=C(C=C3)O[C@H]4[C@@H]([C@H]([C@@H]([C@H](O4)CO)O)O)O)OC)OC | CC[C@H](CC[C@@H](C)[C@H]1CC[C@@H]2[C@@]1(CC[C@H]3[C@H]2CC=C4[C@@]3(CC[C@@H](C4)O)C)C)C(C)C | C1=CC(=CC=C1C2=C(C(=O)C3=C(C=C(C=C3O2)O)O)O)O | CC1=C(C(CCC1)(C)C)/C=C/C(=C/C=C/C(=C/C=C/C=C(/C=C/C=C(/C=C/C2=C(CCCC2(C)C)C)\C)\C)/C)/C,普济消毒饮子 | 牛蒡甘桔汤 | 柴胡清肝汤,"It has the effects of reducing swelling and toxic nodules, resolving stagnation, dispelling wind-heat, benefiting the throat, ventilating the lung, and promoting the eruption of rashes."
S036,耳下、颈侧肿块、低热或不热、舌暗或有瘀斑、脉弦涩,牛蒡甘桔汤,桔梗（Platycodon Grandiforus）,CC[C@H](/C=C/[C@@H](C)[C@H]1CC[C@@H]2[C@@]1(CC[C@H]3C2=CC[C@@H]4[C@@]3(CC[C@@H](C4)O)C)C)C(C)C | C1=CC(=C(C=C1[C@H]2[C@H](C(=O)C3=C(C=C(C=C3O2)O)O)O)O)O | C[C@H]1[C@@H]([C@H]([C@H]([C@@H](O1)OC[C@@H]2[C@@H]([C@@H]([C@H]([C@@H](O2)OC3=C(OC4=CC(=CC(=C4C3=O)O)O[C@H]5[C@@H]([C@@H]([C@H]([C@@H](O5)C)O)O)O)C6=CC=C(C=C6)O)O)O)O)O)O)O,升陷汤 | 清金化痰汤 | 清肺汤 | 托里消毒散 | 桔梗汤 | 普济消毒饮子 | 羌活胜风汤 | 牛蒡甘桔汤 | 柴胡陷胸汤 | 会厌逐瘀汤,"It has the effects of diffusing the lungs, relieving sore throat, eliminating phlegm, and draining pus."
S036,耳下、颈侧肿块、低热或不热、舌暗或有瘀斑、脉弦涩,牛蒡甘桔汤,陈皮(Citrus Reticulata),CC[C@H](CC[C@@H](C)[C@H]1CC[C@@H]2[C@@]1(CC[C@H]3[C@H]2CC=C4[C@@]3(CC[C@H](C4)O)C)C)C(C)C | C1[C@H](OC2=CC(=CC(=C2C1=O)O)O)C3=CC=C(C=C3)O | COC1=C(C=C(C=C1)[C@H]2CC(=O)C3=C(C=C(C=C3O2)O)O)O | COC1=C(C=C(C=C1)C2CC(=O)C3=C(O2)C(=C(C(=C3OC)OC)OC)OC)OC | COC1=C(C=C(C=C1)C2=CC(=O)C3=C(O2)C(=C(C(=C3OC)OC)OC)OC)OC,温胆汤 | 金水六君煎 | 异功散 | 消乳丸 | 升阳益胃汤 | 化肝煎 | 完带汤 | 橘皮竹茹汤 | 华盖散 | 除湿胃苓汤 | 香苏散 | 平胃散 | 牛蒡甘桔汤 | 清胃汤 | 凉血四物汤 | 黄芪汤 | 蒿芩清胆汤,"It has the effects of harmonizing the stomach, descending rebellion to stop vomiting, regulating qi, and drying dampness to transform phlegm."
S036,耳下、颈侧肿块、低热或不热、舌暗或有瘀斑、脉弦涩,牛蒡甘桔汤,天花粉(Trichosanthis Radix),CC[C@H](/C=C/[C@@H](C)[C@H]1CC[C@@H]2[C@@]1(CC[C@H]3C2=CC[C@@H]4[C@@]3(CC[C@@H](C4)O)C)C)C(C)C | CC[C@H](CC[C@@H](C)[C@H]1CC[C@@H]2[C@@]1(CC[C@H]3C2=CC[C@@H]4[C@@]3(CC[C@@H](C4)O)C)C)C(C)C,二冬汤 | 沙参麦冬汤 | 凉血地黄汤 | 牛蒡甘桔汤 | 柴胡清肝汤 | 理冲汤,"It has the effects of clearing heat to generate fluids, reducing swelling and draining pus."
S036,耳下、颈侧肿块、低热或不热、舌暗或有瘀斑、脉弦涩,牛蒡甘桔汤,黄连(Coptidis Rhizoma),C[C@@]12CC[C@@H]3[C@]4(C=CC(=O)OC([C@@H]4CC(=O)[C@]3([C@@]15[C@H](O5)C(=O)O[C@H]2C6=COC=C6)C)(C)C)C | COC1=C(C=C2C(=C1)CC[N+]3=C2C=C4C=CC5=C(C4=C3)OCO5)OC | COC1=C(C2=C(CC3C4=CC5=C(C=C4CCN3C2)OCO5)C=C1)OC | COC1=C(C2=C[N+]3=C(C=C2C=C1)C4=CC(=C(C=C4CC3)OC)OC)OC | CC1=C2C3=CC4=C(C=C3CC[N+]2=CC5=CC6=C(C=C15)OCO6)OCO4,枇杷清肺饮 | 半夏泻心汤 | 升阳益胃汤 | 当归六黄汤 | 甘草泻心汤 | 黄连汤 | 清胃散 | 桑白皮汤 | 黄连膏 | 凉血地黄汤 | 附子泻心汤 | 小陷胸汤 | 生姜泻心汤 | 大黄黄连泻心汤 | 泻心汤 | 温脾丸 | 芍药汤 | 普济消毒饮子 | 牛蒡甘桔汤 | 清胃汤 | 柴胡陷胸汤 | 连朴饮,"It has the effects of clearing heat and drying dampness, purging fire and detoxifying."
S036,耳下、颈侧肿块、低热或不热、舌暗或有瘀斑、脉弦涩,牛蒡甘桔汤,川芎(Chuanxiong Rhizoma),CCCCC/C=C\C/C=C\CCCCCCCC(=O)OCC | C1=CC=C2C(=C1)C3=C(N2)C(=NC=C3)C4=CC=C(O4)CO | CC1=CC(=O)C=C(C1=O)C/C=C(\C)/CC/C=C(\C)/CCC=C(C)C | C1=CC(=CC=C1C(=O)N[C@@H](CCC(=O)O)C(=O)O)NCC2=CN=C3C(=N2)C(=O)NC(=N3)N | COC1=C2C=C(CCCCC(=O)CCC3=CC2=C(C=C3)O)C(=C1OC)O,温经汤 | 桃红四物汤 | 小续命汤 | 当归饮子 | 羌活胜湿汤 | 身痛逐瘀汤 | 散偏汤 | 辛夷散 | 三痹汤 | 圣愈汤 | 大秦艽汤 | 托里消毒散 | 清上蠲痛汤 | 蠲痹汤 | 当归散 | 佛手散 | 羌活胜风汤 | 牛蒡甘桔汤 | 泰山磐石散 | 滋阴降火汤 | 柴胡清肝汤 | 四物消风饮 | 凉血四物汤 | 通窍活血汤 | 膈下逐瘀汤,"It has the effects of activating blood circulation, promoting qi movement, dispelling wind, and relieving pain."
S036,耳下、颈侧肿块、低热或不热、舌暗或有瘀斑、脉弦涩,牛蒡甘桔汤,赤芍（ Radix Paeoniae Rubra）,C1=C2C3=C(C(=C1O)O)OC(=O)C4=CC(=C(C(=C43)OC2=O)O)O | CC12CC3C4CC1(C4(C(=O)O3)COC(=O)C5=CC=CC=C5)OC6C(C(C(OC6O2)CO)O)O | CC[C@H](/C=C/[C@@H](C)[C@H]1CC[C@@H]2[C@@]1(CC[C@H]3C2=CC[C@@H]4[C@@]3(CC[C@@H](C4)O)C)C)C(C)C | C[C@]12C[C@@]3([C@@H]4C[C@]1([C@@]4([C@H](O2)O3)COC(=O)C5=CC=CC=C5)O[C@H]6[C@@H]([C@H]([C@@H]([C@H](O6)CO)O)O)O)O,牛蒡甘桔汤 | 柴葛解肌汤 | 柴胡清肝汤 | 四物消风饮 | 凉血四物汤 | 通窍活血汤 | 膈下逐瘀汤 | 会厌逐瘀汤,It has the effects of promoting blood circulation to remove blood stasis and clearing heat and cooling blood.
S036,耳下、颈侧肿块、低热或不热、舌暗或有瘀斑、脉弦涩,牛蒡甘桔汤,甘草(licorice ),CC(=CCC1=C(C2=C(C=C1O)OC(=O)C3=C2OC4=C3C=CC(=C4)O)OC)C | CC1(C=CC2=C(O1)C=CC3=C2OC[C@@H]4[C@H]3OC5=C4C=CC(=C5)O)C | CC1(CCC2=C(O1)C=C3C(=C2OC)C=C(C(=O)O3)C4=C(C=C(C=C4)O)O)CO | CC1(C=CC2=C(O1)C=CC(=C2O)C3COC4=C(C3=O)C(=CC(=C4)O)OC)C | CC(=CCC1=C(C=CC2=C1OC(=O)C3=C2OC4=C3C=CC(=C4)O)O)C,苓桂术甘汤 | 温经汤 | 枇杷清肺饮 | 二冬汤 | 桃核承气汤 | 芍药甘草汤 | 半夏泻心汤 | 麦门冬汤 | 温胆汤 | 小续命汤 | 当归饮子 | 泻白散 | 清心莲子饮 | 羌活胜湿汤 | 清金化痰汤 | 金水六君煎 | 清肺汤 | 保元汤 | 半夏白术天麻汤 | 宣郁通经汤 | 异功散 | 泻黄散 | 白术散 | 消乳丸 | 人参五味子汤 | 清宁散 | 竹叶石膏汤 | 麻黄汤 | 当归四逆汤 | 桂枝芍药知母汤 | 当归建中汤 | 升阳益胃汤 | 厚朴温中汤 | 保阴煎 | 固阴煎 | 清骨散 | 达原饮 | 沙参麦冬汤 | 完带汤 | 身痛逐瘀汤 | 散偏汤 | 旋覆代赭汤 | 甘草泻心汤 | 黄连汤 | 橘皮竹茹汤 | 甘姜苓术汤 | 厚朴七物汤 | 温脾汤 | 竹茹汤 | 辛夷散 | 实脾散 | 甘露饮 | 华盖散 | 三痹汤 | 乌药汤 | 大秦艽汤 | 托里消毒散 | 清上蠲痛汤 | 养胃汤 | 石决明散 | 三甲复脉汤 | 蠲痹汤 | 四妙勇安汤 | 除湿胃苓汤 | 清燥救肺汤 | 凉血地黄汤 | 桂枝甘草汤 | 栀子柏皮汤 | 黄芩汤 | 茯苓桂枝甘 草大枣汤 | 柴胡桂枝汤 | 通脉四逆汤 | 桂枝加厚朴杏子汤 | 桂枝麻黄各半汤 | 柴胡桂枝干姜汤 | 桂枝人参汤 | 生姜泻心汤 | 白虎加人参汤 | 调胃承气汤 | 桔梗汤 | 防己黄芪汤 | 苓甘五味姜辛汤 | 防己茯苓汤 | 越婢汤 | 麻黄杏仁薏苡甘草汤 | 瓜蒌桂枝汤 | 生姜甘草汤 | 苏子降气汤 | 香苏散 | 升麻葛根汤 | 平胃散 | 六和汤 | 五虎汤 | 芍药汤 | 门冬清肺饮 | 普济消毒饮子 | 羌活胜风汤 | 牛蒡甘桔汤 | 大补元煎 | 左归饮 | 举元煎 | 茜根散 | 泰山磐石散 | 滋阴降火汤 | 清胃汤 | 调肝汤 | 柴葛解肌汤 | 茵陈术附汤 | 阳和汤 | 柴胡清肝汤 | 地黄饮 | 凉血四物汤 | 膈下逐瘀汤 | 会厌逐瘀汤,"It has the effects of tonifying the spleen and replenishing qi, clearing heat and detoxifying, dispelling phlegm and stopping cough, relieving spasm and alleviating pain, as well as harmonizing the actions of other herbs."
S036,耳下、颈侧肿块、低热或不热、舌暗或有瘀斑、脉弦涩,牛蒡甘桔汤,苏木（ Lignum Sappan）,COC1=C(C=CC(=C1)O)C(=O)/C=C/C2=CC=C(C=C2)O | C1/C(=C\C2=CC(=C(C=C2)O)O)/C(=O)C3=C(O1)C=C(C=C3)O | CC1=NN(C(=C1C(=O)O)CC2=CC=C(C=C2)C3=CC=CC=C3C4=NNN=N4)CC(F)(F)F,牛蒡甘桔汤,It has the effects of promoting blood circulation to remove blood stasis and reducing swelling to alleviate pain.
S037,气血两虚、体型异常、脾肝不足、胎元不固、气虚引起的乏力,泰山磐石散,人参(Panax Ginseng C. A. Mey.),C1[C@H]2[C@@H](C3=C(O1)C=C(C=C3)O)OC4=CC5=C(C=C24)OCO5 | C1CCN(CCCNC(=O)C[C@H](NC1)C2=CC=CC=C2)C(=O)C3=CC=CC=C3 | C1=CC=C2C(=C1)C3=C(C(=O)C4=CC=CC=C4O3)C(=O)O2 | CC1=CC2=C(C3=C1OC(C=C3)(C)C)NC4=CC=CC=C42 | COC1=C(C=C(C=C1)C[C@@H]\2COC(=O)/C2=C/C3=CC4=C(C=C3)OCO4)OC,温经汤 | 枇杷清肺饮 | 二冬汤 | 半夏泻心汤 | 大建中汤 | 麦门冬汤 | 小续命汤 | 开心散 | 清心莲子饮 | 保元汤 | 异功散 | 白术散 | 人参五味子汤 | 竹叶石膏汤 | 升阳益胃汤 | 固阴煎 | 完带汤 | 旋覆代赭汤 | 吴茱萸汤 | 黄连汤 | 附子汤 | 橘皮竹茹汤 | 温脾汤 | 三痹汤 | 圣愈汤 | 托里消毒散 | 养胃汤 | 丁香柿蒂散 | 清燥救肺汤 | 柴胡桂枝汤 | 桂枝人参汤 | 生姜泻心汤 | 白虎加人参汤 | 生姜甘草汤 | 延年薯蓣酒 | 六和汤 | 门冬清肺饮 | 普济消毒饮子 | 大补元煎 | 举元煎 | 泰山磐石散 | 解郁汤 | 固本止崩汤,"It has the effects of greatly tonifying primordial qi, restoring pulses and securing collapse, tonifying the spleen and nourishing the lungs, promoting fluid production, and tranquilizing the mind."
S037,气血两虚、体型异常、脾肝不足、胎元不固、气虚引起的乏力,泰山磐石散,黄芪（Hedysarum Multijugum Maxim）,CC(=C)[C@@H]1CC[C@]2([C@H]1[C@H]3CC[C@@H]4[C@]5(CC[C@@H](C([C@@H]5CC[C@]4([C@@]3(CC2)C)C)(C)C)O)C)C(=O)O | COC1=CC2=C(C=C1)[C@H]3[C@@H](CO2)C4=C(O3)C(=C(C=C4)OC)OC | COC1=C(C2=C(C=C1)[C@@H]3COC4=C([C@@H]3O2)C=CC(=C4)O)OC | C1=CC(=CC=C1C(=O)N[C@@H](CCC(=O)O)C(=O)O)NCC2=CN=C3C(=N2)C(=O)N=C(N3)N | COC1=C(C(=C(C=C1)[C@H]2CC3=C(C=C(C=C3)O[C@H]4[C@@H]([C@H]([C@@H]([C@H](O4)CO)O)O)O)OC2)O[C@H]5[C@@H]([C@H]([C@@H]([C@H](O5)CO)O)O)O)OC,升陷汤 | 黄芪桂枝五物汤 | 当归饮子 | 清心莲子饮 | 当归补血汤 | 保元汤 | 升阳益胃汤 | 当归六黄汤 | 三痹汤 | 圣愈汤 | 托里消毒散 | 防己黄芪汤 | 防己茯苓汤 | 牡蛎散 | 佛手散 | 门冬清肺饮 | 举元煎 | 泰山磐石散 | 固本止崩汤 | 黄芪汤 | 理冲汤,"It has the effects of tonifying qi to secure the exterior, stopping sweating, expelling toxins, promoting tissue regeneration, and inducing diuresis to reduce swelling."
S037,气血两虚、体型异常、脾肝不足、胎元不固、气虚引起的乏力,泰山磐石散,当归(Angelicae Sinensis Radix),CC1=CC[C@@]2(CCCC([C@]23[C@H]1C3)(C)C)C | CC[C@H](CC[C@@H](C)[C@H]1CC[C@@H]2[C@@]1(CC[C@H]3[C@H]2CC=C4[C@@]3(CC[C@@H](C4)O)C)C)C(C)C | CC[C@H](/C=C/[C@@H](C)[C@H]1CC[C@@H]2[C@@]1(CC[C@H]3[C@H]2CC=C4[C@@]3(CC[C@@H](C4)O)C)C)C(C)C | C[C@@H]1CC[C@@H]2[C@]13CC=C([C@H](C3)C2(C)C)C | C1=CC=C(C=C1)C2=CC(=S)C=C(S2)C3=CC=CC=C3,温经汤 | 一贯煎 | 桃红四物汤 | 当归饮子 | 当归补血汤 | 金水六君煎 | 济川煎 | 清肺汤 | 宣郁通经汤 | 当归四逆汤 | 当归建中汤 | 当归六黄汤 | 身痛逐瘀汤 | 三痹汤 | 清胃散 | 圣愈汤 | 乌药汤 | 大秦艽汤 | 暖肝煎 | 托里消毒散 | 清上蠲痛汤 | 蠲痹汤 | 清肝止淋汤 | 四妙勇安汤 | 黄连膏 | 凉血地黄汤 | 当归散 | 温脾丸 | 苏子降气汤 | 佛手散 | 芍药汤 | 门冬清肺饮 | 大补元煎 | 泰山磐石散 | 滋阴降火汤 | 清胃汤 | 解郁汤 | 固本止崩汤 | 养精种玉汤 | 定经汤 | 调肝汤 | 柴胡清肝汤 | 四物消风饮 | 地黄饮 | 凉血四物汤 | 滋水清肝饮 | 膈下逐瘀汤 | 会厌逐瘀汤 | 补肾活血汤 | 活络效灵丹,"It has the effects of nourishing blood, promoting blood circulation, regulating menstruation, relieving pain, and moistening intestines to relieve constipation."
S037,气血两虚、体型异常、脾肝不足、胎元不固、气虚引起的乏力,泰山磐石散,续断（Dipsaci Radix）,C1C(C[C@H](C([C@@H]1OC(=O)/C=C/C2=CC(=C(C=C2)O)O)O)OC(=O)/C=C/C3=CC(=C(C=C3)O)O)(O)C(=O)O | CC1C(CC2C1C(OC=C2C(=O)OC)O)OC(=O)C3=COC(C(C3CC=O)C=C)OC4C(C(C(C(O4)CO)O)O)O | CC[C@H](CC[C@@H](C)[C@H]1CC[C@@H]2[C@@]1(CC[C@H]3[C@H]2CC=C4[C@@]3(CC[C@@H](C4)O)C)C)C(C)C | CC[C@H](CC[C@@H](C)[C@H]1CC[C@@H]2[C@@]1(CC[C@H]3[C@H]2CC=C4[C@@]3(CC[C@H](C4)O)C)C)C(C)C,保阴煎 | 三痹汤 | 泰山磐石散 | 寿胎丸,"It has the effects of stopping bleeding, strengthening tendons and bones, tonifying the liver and kidneys, and unblocking collaterals."
S037,气血两虚、体型异常、脾肝不足、胎元不固、气虚引起的乏力,泰山磐石散,黄芩(Scutellariae Radix),COC1=CC=CC(=C1C2=CC(=O)C3=C(C(=C(C(=C3O2)OC)OC)OC)O)O | COC1=C(C2=C(C(=C1)O)C(=O)C=C(O2)C3=CC=CC=C3O)OC | COC1=C(C=C(C2=C1OC(=CC2=O)C3=CC=C(C=C3)O)O)O,二冬汤 | 半夏泻心汤 | 小续命汤 | 清心莲子饮 | 清金化痰汤 | 清肺汤 | 宣郁通经汤 | 当归六黄汤 | 保阴煎 | 达原饮 | 甘草泻心汤 | 甘露饮 | 大秦艽汤 | 桑白皮汤 | 清上蠲痛汤 | 凉血地黄汤 | 黄芩汤 | 附子泻心汤 | 柴胡桂枝汤 | 柴胡桂枝干姜汤 | 生姜泻心汤 | 当归散 | 泻心汤 | 芍药汤 | 普济消毒饮子 | 羌活胜风汤 | 茜根散 | 泰山磐石散 | 滋阴降火汤 | 清胃汤 | 柴葛解肌汤 | 柴胡清肝汤 | 凉血四物汤 | 柴胡陷胸汤,"It has the effects of clearing heat and drying dampness, purging fire and detoxifying, stopping bleeding, and preventing miscarriage."
S037,气血两虚、体型异常、脾肝不足、胎元不固、气虚引起的乏力,泰山磐石散,川芎(Chuanxiong Rhizoma),CCCCC/C=C\C/C=C\CCCCCCCC(=O)OCC | C1=CC=C2C(=C1)C3=C(N2)C(=NC=C3)C4=CC=C(O4)CO | CC1=CC(=O)C=C(C1=O)C/C=C(\C)/CC/C=C(\C)/CCC=C(C)C | C1=CC(=CC=C1C(=O)N[C@@H](CCC(=O)O)C(=O)O)NCC2=CN=C3C(=N2)C(=O)NC(=N3)N | COC1=C2C=C(CCCCC(=O)CCC3=CC2=C(C=C3)O)C(=C1OC)O,温经汤 | 桃红四物汤 | 小续命汤 | 当归饮子 | 羌活胜湿汤 | 身痛逐瘀汤 | 散偏汤 | 辛夷散 | 三痹汤 | 圣愈汤 | 大秦艽汤 | 托里消毒散 | 清上蠲痛汤 | 蠲痹汤 | 当归散 | 佛手散 | 羌活胜风汤 | 牛蒡甘桔汤 | 泰山磐石散 | 滋阴降火汤 | 柴胡清肝汤 | 四物消风饮 | 凉血四物汤 | 通窍活血汤 | 膈下逐瘀汤,"It has the effects of activating blood circulation, promoting qi movement, dispelling wind, and relieving pain."
S037,气血两虚、体型异常、脾肝不足、胎元不固、气虚引起的乏力,泰山磐石散,白芍(Paeoniae Radix Alba),C[C@@]12CC(=O)[C@H]3C[C@@]1(O[C@@H]([C@@H]3COC(=O)C4=CC=CC=C4)O2)O | C[C@]12C[C@@]3([C@@H]4C[C@]1([C@@]4([C@H](O2)O3)COC(=O)C5=CC=CC=C5)O[C@H]6[C@@H]([C@H]([C@@H]([C@H](O6)CO)O)O)O)O | C[C@]12C[C@H]([C@@H]3C[C@]1([C@@]3(C(=O)O2)COC(=O)C4=CC=CC=C4)O[C@H]5[C@@H]([C@H]([C@@H]([C@H](O5)CO)O)O)O)O | CC(=C)[C@@H]1CC[C@]2([C@H]1[C@H]3CC[C@@H]4[C@]5(CC[C@@H](C([C@@H]5CC[C@]4([C@@]3(CC2)C)C)(C)C)O)C)C(=O)O,温经汤 | 桃红四物汤 | 芍药甘草汤 | 真武汤 | 黄芪桂枝五物汤 | 小续命汤 | 当归饮子 | 宣郁通经汤 | 当归四逆汤 | 桂枝芍药知母汤 | 当归建中汤 | 升阳益胃汤 | 保阴煎 | 化肝煎 | 达原饮 | 完带汤 | 散偏汤 | 附子汤 | 三痹汤 | 大秦艽汤 | 托里消毒散 | 三甲复脉汤 | 清经散 | 清肝止淋汤 | 两地汤 | 黄芩汤 | 柴胡桂枝汤 | 桂枝加厚朴杏子汤 | 桂枝麻黄各半汤 | 当归散 | 枳实芍药散 | 瓜蒌桂枝汤 | 升麻葛根汤 | 芍药汤 | 门冬清肺饮 | 泰山磐石散 | 滋阴降火汤 | 解郁汤 | 养精种玉汤 | 定经汤 | 调肝汤 | 滋水清肝饮,"It has the effects of pacifying the liver to relieve pain, nourishing blood to regulate menstruation, and astringing yin to stop sweating."
S037,气血两虚、体型异常、脾肝不足、胎元不固、气虚引起的乏力,泰山磐石散,熟地黄（Rehmanniae Radix Praeparata）,CC[C@H](CC[C@@H](C)[C@H]1CC[C@@H]2[C@@]1(CC[C@H]3[C@H]2CC=C4[C@@]3(CC[C@H](C4)O)C)C)C(C)C | CC[C@H](/C=C/[C@@H](C)[C@H]1CC[C@@H]2[C@@]1(CC[C@H]3[C@H]2CC=C4[C@@]3(CC[C@@H](C4)O)C)C)C(C)C,地黄饮子 | 金水六君煎 | 当归六黄汤 | 玉女煎 | 保阴煎 | 固阴煎 | 甘露饮 | 圣愈汤 | 大秦艽汤 | 清经散 | 驻景丸 | 大补元煎 | 左归饮 | 泰山磐石散 | 滋阴降火汤 | 固本止崩汤 | 养精种玉汤 | 定经汤 | 阳和汤 | 地黄饮 | 滋水清肝饮 | 补肾活血汤,"It has the effects of tonifying essence and replenishing marrow, nourishing blood, and supplementing yin."
S037,气血两虚、体型异常、脾肝不足、胎元不固、气虚引起的乏力,泰山磐石散,白术(Atractylodes Macrocephala Koidz),C[C@@H]1CC[C@@]2(CC[C@@]3(C(=CC[C@H]4[C@]3(CC[C@@H]5[C@@]4(CC[C@@H](C5(C)C)O)C)C)[C@@H]2[C@H]1C)C)C | CC1=COC2=C1C[C@H]3C(=C)[C@H](CC[C@@]3(C2)C)OC(=O)C | CCC[C@@H](CC[C@@H](C)[C@H]1CC[C@@H]2[C@@]1(CC[C@H]3[C@H]2CC=C4[C@@]3(CC[C@@H](C4)O)C)C)C(C)C | CCO[C@]12C[C@]3(CCCC(=C)[C@@H]3CC1=C(C(=O)O2)C)C,苓桂术甘汤 | 真武汤 | 半夏白术天麻汤 | 异功散 | 白术散 | 人参五味子汤 | 桂枝芍药知母汤 | 升阳益胃汤 | 完带汤 | 附子汤 | 泽泻汤 | 甘姜苓术汤 | 实脾散 | 大秦艽汤 | 托里消毒散 | 除湿胃苓汤 | 桂枝人参汤 | 当归散 | 防己黄芪汤 | 延年薯蓣酒 | 羌活胜风汤 | 举元煎 | 泰山磐石散 | 解郁汤 | 固本止崩汤 | 茵陈术附汤 | 理冲汤,"It has the effects of strengthening the spleen and tonifying qi, drying dampness and promoting diuresis, stopping sweating, and preventing miscarriage."
S037,气血两虚、体型异常、脾肝不足、胎元不固、气虚引起的乏力,泰山磐石散,甘草(licorice ),CC(=CCC1=C(C2=C(C=C1O)OC(=O)C3=C2OC4=C3C=CC(=C4)O)OC)C | CC1(C=CC2=C(O1)C=CC3=C2OC[C@@H]4[C@H]3OC5=C4C=CC(=C5)O)C | CC1(CCC2=C(O1)C=C3C(=C2OC)C=C(C(=O)O3)C4=C(C=C(C=C4)O)O)CO | CC1(C=CC2=C(O1)C=CC(=C2O)C3COC4=C(C3=O)C(=CC(=C4)O)OC)C | CC(=CCC1=C(C=CC2=C1OC(=O)C3=C2OC4=C3C=CC(=C4)O)O)C,苓桂术甘汤 | 温经汤 | 枇杷清肺饮 | 二冬汤 | 桃核承气汤 | 芍药甘草汤 | 半夏泻心汤 | 麦门冬汤 | 温胆汤 | 小续命汤 | 当归饮子 | 泻白散 | 清心莲子饮 | 羌活胜湿汤 | 清金化痰汤 | 金水六君煎 | 清肺汤 | 保元汤 | 半夏白术天麻汤 | 宣郁通经汤 | 异功散 | 泻黄散 | 白术散 | 消乳丸 | 人参五味子汤 | 清宁散 | 竹叶石膏汤 | 麻黄汤 | 当归四逆汤 | 桂枝芍药知母汤 | 当归建中汤 | 升阳益胃汤 | 厚朴温中汤 | 保阴煎 | 固阴煎 | 清骨散 | 达原饮 | 沙参麦冬汤 | 完带汤 | 身痛逐瘀汤 | 散偏汤 | 旋覆代赭汤 | 甘草泻心汤 | 黄连汤 | 橘皮竹茹汤 | 甘姜苓术汤 | 厚朴七物汤 | 温脾汤 | 竹茹汤 | 辛夷散 | 实脾散 | 甘露饮 | 华盖散 | 三痹汤 | 乌药汤 | 大秦艽汤 | 托里消毒散 | 清上蠲痛汤 | 养胃汤 | 石决明散 | 三甲复脉汤 | 蠲痹汤 | 四妙勇安汤 | 除湿胃苓汤 | 清燥救肺汤 | 凉血地黄汤 | 桂枝甘草汤 | 栀子柏皮汤 | 黄芩汤 | 茯苓桂枝甘 草大枣汤 | 柴胡桂枝汤 | 通脉四逆汤 | 桂枝加厚朴杏子汤 | 桂枝麻黄各半汤 | 柴胡桂枝干姜汤 | 桂枝人参汤 | 生姜泻心汤 | 白虎加人参汤 | 调胃承气汤 | 桔梗汤 | 防己黄芪汤 | 苓甘五味姜辛汤 | 防己茯苓汤 | 越婢汤 | 麻黄杏仁薏苡甘草汤 | 瓜蒌桂枝汤 | 生姜甘草汤 | 苏子降气汤 | 香苏散 | 升麻葛根汤 | 平胃散 | 六和汤 | 五虎汤 | 芍药汤 | 门冬清肺饮 | 普济消毒饮子 | 羌活胜风汤 | 牛蒡甘桔汤 | 大补元煎 | 左归饮 | 举元煎 | 茜根散 | 泰山磐石散 | 滋阴降火汤 | 清胃汤 | 调肝汤 | 柴葛解肌汤 | 茵陈术附汤 | 阳和汤 | 柴胡清肝汤 | 地黄饮 | 凉血四物汤 | 膈下逐瘀汤 | 会厌逐瘀汤,"It has the effects of tonifying the spleen and replenishing qi, clearing heat and detoxifying, dispelling phlegm and stopping cough, relieving spasm and alleviating pain, as well as harmonizing the actions of other herbs."
S037,气血两虚、体型异常、脾肝不足、胎元不固、气虚引起的乏力,泰山磐石散,砂仁（Amomum Aurantiacum H. T. Tsai Et S. W. Zhao）,COC1=C(C=C(C=C1)C2=CSC(=C2C(=O)OC)N)OC | CC/C=C/C/C=C/C/C=C/CCCCCCCCCC(=O)OC | CC[C@H](/C=C/[C@@H](C)[C@H]1CC[C@@H]2[C@@]1(CC[C@H]3[C@H]2CC=C4[C@@]3(CC[C@@H](C4)OC(=O)C)C)C)C(C)C,消乳丸 | 六和汤 | 泰山磐石散 | 解郁汤,"It has the effects of resolving dampness to stimulate appetite, warming the spleen to stop diarrhea, and regulating qi to prevent miscarriage."
S038,视物昏花、头晕目眩、五心烦热、血虚、月经失调,滋阴降火汤,当归(Angelicae Sinensis Radix),CC1=CC[C@@]2(CCCC([C@]23[C@H]1C3)(C)C)C | CC[C@H](CC[C@@H](C)[C@H]1CC[C@@H]2[C@@]1(CC[C@H]3[C@H]2CC=C4[C@@]3(CC[C@@H](C4)O)C)C)C(C)C | CC[C@H](/C=C/[C@@H](C)[C@H]1CC[C@@H]2[C@@]1(CC[C@H]3[C@H]2CC=C4[C@@]3(CC[C@@H](C4)O)C)C)C(C)C | C[C@@H]1CC[C@@H]2[C@]13CC=C([C@H](C3)C2(C)C)C | C1=CC=C(C=C1)C2=CC(=S)C=C(S2)C3=CC=CC=C3,温经汤 | 一贯煎 | 桃红四物汤 | 当归饮子 | 当归补血汤 | 金水六君煎 | 济川煎 | 清肺汤 | 宣郁通经汤 | 当归四逆汤 | 当归建中汤 | 当归六黄汤 | 身痛逐瘀汤 | 三痹汤 | 清胃散 | 圣愈汤 | 乌药汤 | 大秦艽汤 | 暖肝煎 | 托里消毒散 | 清上蠲痛汤 | 蠲痹汤 | 清肝止淋汤 | 四妙勇安汤 | 黄连膏 | 凉血地黄汤 | 当归散 | 温脾丸 | 苏子降气汤 | 佛手散 | 芍药汤 | 门冬清肺饮 | 大补元煎 | 泰山磐石散 | 滋阴降火汤 | 清胃汤 | 解郁汤 | 固本止崩汤 | 养精种玉汤 | 定经汤 | 调肝汤 | 柴胡清肝汤 | 四物消风饮 | 地黄饮 | 凉血四物汤 | 滋水清肝饮 | 膈下逐瘀汤 | 会厌逐瘀汤 | 补肾活血汤 | 活络效灵丹,"It has the effects of nourishing blood, promoting blood circulation, regulating menstruation, relieving pain, and moistening intestines to relieve constipation."
S038,视物昏花、头晕目眩、五心烦热、血虚、月经失调,滋阴降火汤,川芎(Chuanxiong Rhizoma),CCCCC/C=C\C/C=C\CCCCCCCC(=O)OCC | C1=CC=C2C(=C1)C3=C(N2)C(=NC=C3)C4=CC=C(O4)CO | CC1=CC(=O)C=C(C1=O)C/C=C(\C)/CC/C=C(\C)/CCC=C(C)C | C1=CC(=CC=C1C(=O)N[C@@H](CCC(=O)O)C(=O)O)NCC2=CN=C3C(=N2)C(=O)NC(=N3)N | COC1=C2C=C(CCCCC(=O)CCC3=CC2=C(C=C3)O)C(=C1OC)O,温经汤 | 桃红四物汤 | 小续命汤 | 当归饮子 | 羌活胜湿汤 | 身痛逐瘀汤 | 散偏汤 | 辛夷散 | 三痹汤 | 圣愈汤 | 大秦艽汤 | 托里消毒散 | 清上蠲痛汤 | 蠲痹汤 | 当归散 | 佛手散 | 羌活胜风汤 | 牛蒡甘桔汤 | 泰山磐石散 | 滋阴降火汤 | 柴胡清肝汤 | 四物消风饮 | 凉血四物汤 | 通窍活血汤 | 膈下逐瘀汤,"It has the effects of activating blood circulation, promoting qi movement, dispelling wind, and relieving pain."
S038,视物昏花、头晕目眩、五心烦热、血虚、月经失调,滋阴降火汤,地黄(Rehmanniae Radix Praeparata),CCCCC/C=C\C/C=C\CCCCCCCC(=O)O | CC[C@H](CC[C@@H](C)[C@H]1CC[C@@H]2[C@@]1(CC[C@H]3[C@H]2CC=C4[C@@]3(CC[C@H](C4)O)C)C)C(C)C | CO[C@@H]1CC2C([C@H](O1)OC)C3(C(C2O)O3)CO | C[C@@H]1[C@H]([C@H]([C@H]([C@@H](O1)OC[C@@H]2[C@H]([C@@H]([C@H]([C@@H](O2)O[C@H]3[C@H]4[C@H](CCC4=C)C(=CO3)C(=O)OC)O)O)O)O)O)O | CC[C@H](/C=C/[C@@H](C)[C@H]1CC[C@@H]2[C@@]1(CC[C@H]3[C@H]2CC=C4[C@@]3(CC[C@@H](C4)O)C)C)C(C)C,一贯煎 | 桃红四物汤 | 当归饮子 | 百合地黄汤 | 当归六黄汤 | 保阴煎 | 甘露饮 | 三痹汤 | 清胃散 | 圣愈汤 | 大秦艽汤 | 三甲复脉汤 | 益胃汤 | 清肝止淋汤 | 黄连膏 | 凉血地黄汤 | 驻景丸 | 茜根散 | 滋阴降火汤 | 柴葛解肌汤 | 柴胡清肝汤 | 四物消风饮 | 地黄饮 | 凉血四物汤 | 增液承气汤 | 会厌逐瘀汤,"It has the effects of tonifying essence and replenishing marrow, nourishing blood, and supplementing yin."
S038,视物昏花、头晕目眩、五心烦热、血虚、月经失调,滋阴降火汤,熟地黄（Rehmanniae Radix Praeparata）,CC[C@H](CC[C@@H](C)[C@H]1CC[C@@H]2[C@@]1(CC[C@H]3[C@H]2CC=C4[C@@]3(CC[C@H](C4)O)C)C)C(C)C | CC[C@H](/C=C/[C@@H](C)[C@H]1CC[C@@H]2[C@@]1(CC[C@H]3[C@H]2CC=C4[C@@]3(CC[C@@H](C4)O)C)C)C(C)C,地黄饮子 | 金水六君煎 | 当归六黄汤 | 玉女煎 | 保阴煎 | 固阴煎 | 甘露饮 | 圣愈汤 | 大秦艽汤 | 清经散 | 驻景丸 | 大补元煎 | 左归饮 | 泰山磐石散 | 滋阴降火汤 | 固本止崩汤 | 养精种玉汤 | 定经汤 | 阳和汤 | 地黄饮 | 滋水清肝饮 | 补肾活血汤,"It has the effects of tonifying essence and replenishing marrow, nourishing blood, and supplementing yin."
S038,视物昏花、头晕目眩、五心烦热、血虚、月经失调,滋阴降火汤,黄柏(Phellodendri Chinrnsis Cortex),C1CC2CN3C(=O)C=CC=C3C4=CCCN(C24)C1 | COC1=C(C2=C[N+]3=C(C=C2C=C1)C4=CC(=C(C=C4CC3)OC)OC)OC | CN1CCC2=CC3=C(C=C2C(=O)CC4=C(C1)C5=C(C=C4)OCO5)OCO3 | CC(=CCC1=C(C=C(C2=C1O[C@@H]([C@H](C2=O)O)C3=CC=C(C=C3)O)O)O[C@H]4[C@@H]([C@H]([C@@H]([C@H](O4)CO)O)O)O)C | COC1=C(C2=C(C[C@H]3C4=CC5=C(C=C4CCN3C2)OCO5)C=C1)OC,枇杷清肺饮 | 易黄汤 | 当归六黄汤 | 保阴煎 | 清经散 | 清肝止淋汤 | 黄连膏 | 栀子柏皮汤 | 温脾丸 | 滋阴降火汤,"It has the effects of clearing heat and drying dampness, purging fire to eliminate steaming bone disorder, and resolving toxic sores."
S038,视物昏花、头晕目眩、五心烦热、血虚、月经失调,滋阴降火汤,麦冬（Ophiopogon japonicus）,CC1CCC2(C(C3C(O2)CC4C3(CCC5C4CC=C6C5(C(CC(C6)O)OC7C(C(C(C(O7)C)O)OC8C(C(C(CO8)O)O)O)OC9C(C(C(C(O9)C)O)O)O)C)C)C)OC1 | C=CC(=O)NCCCCC1=NC=C(N1)CO | CC1=C(C(=C2C(=C1O)C(=O)[C@@H](CO2)CC3=CC=C(C=C3)OC)C)O | CC1=C(C(=C2C(=C1O)C(=O)C(=CO2)CC3=CC4=C(C=C3)OCO4)C=O)O,一贯煎 | 麦门冬汤 | 清心莲子饮 | 地黄饮子 | 清金化痰汤 | 清肺汤 | 人参五味子汤 | 竹叶石膏汤 | 玉女煎 | 沙参麦冬汤 | 甘露饮 | 清上蠲痛汤 | 三甲复脉汤 | 益胃汤 | 两地汤 | 清燥救肺汤 | 门冬清肺饮 | 滋阴降火汤 | 增液承气汤,"It has the effects of nourishing yin to promote fluid production, moistening the lungs, and clearing heart heat."
S038,视物昏花、头晕目眩、五心烦热、血虚、月经失调,滋阴降火汤,知母（Anemarrhenae Rhizoma）,CC(=O)OC[C@H](CC1=CC=CC=C1)NC(=O)[C@@H](CC2=CC=CC=C2)NC(=O)C3=CC=CC=C3 | CN1CCC2=C[C@@H]([C@@H]3[C@H]([C@@H]21)C4=CC5=C(C=C4C(=O)O3)OCO5)O | COC1=C(C=CC(=C1)/C=C\C(=O)NCCC2=CC=C(C=C2)O)O | C[C@@H]1CC[C@@]2([C@H]([C@H]3[C@@H](O2)C[C@@H]4[C@@]3(CC[C@H]5[C@H]4CC=C6[C@@]5(CC[C@@H](C6)O)C)C)C)OC1 | C1=CC(=CC=C1CCNC(=O)/C=C\C2=CC=C(C=C2)O)O,升陷汤 | 二冬汤 | 清金化痰汤 | 桂枝芍药知母汤 | 玉女煎 | 清骨散 | 达原饮 | 白虎加人参汤 | 滋阴降火汤 | 柴葛解肌汤 | 理冲汤,"It has the effects of clearing heat and purging fire, promoting fluid production and moistening dryness."
S038,视物昏花、头晕目眩、五心烦热、血虚、月经失调,滋阴降火汤,白芍(Paeoniae Radix Alba),C[C@@]12CC(=O)[C@H]3C[C@@]1(O[C@@H]([C@@H]3COC(=O)C4=CC=CC=C4)O2)O | C[C@]12C[C@@]3([C@@H]4C[C@]1([C@@]4([C@H](O2)O3)COC(=O)C5=CC=CC=C5)O[C@H]6[C@@H]([C@H]([C@@H]([C@H](O6)CO)O)O)O)O | C[C@]12C[C@H]([C@@H]3C[C@]1([C@@]3(C(=O)O2)COC(=O)C4=CC=CC=C4)O[C@H]5[C@@H]([C@H]([C@@H]([C@H](O5)CO)O)O)O)O | CC(=C)[C@@H]1CC[C@]2([C@H]1[C@H]3CC[C@@H]4[C@]5(CC[C@@H](C([C@@H]5CC[C@]4([C@@]3(CC2)C)C)(C)C)O)C)C(=O)O,温经汤 | 桃红四物汤 | 芍药甘草汤 | 真武汤 | 黄芪桂枝五物汤 | 小续命汤 | 当归饮子 | 宣郁通经汤 | 当归四逆汤 | 桂枝芍药知母汤 | 当归建中汤 | 升阳益胃汤 | 保阴煎 | 化肝煎 | 达原饮 | 完带汤 | 散偏汤 | 附子汤 | 三痹汤 | 大秦艽汤 | 托里消毒散 | 三甲复脉汤 | 清经散 | 清肝止淋汤 | 两地汤 | 黄芩汤 | 柴胡桂枝汤 | 桂枝加厚朴杏子汤 | 桂枝麻黄各半汤 | 当归散 | 枳实芍药散 | 瓜蒌桂枝汤 | 升麻葛根汤 | 芍药汤 | 门冬清肺饮 | 泰山磐石散 | 滋阴降火汤 | 解郁汤 | 养精种玉汤 | 定经汤 | 调肝汤 | 滋水清肝饮,"It has the effects of pacifying the liver to relieve pain, nourishing blood to regulate menstruation, and astringing yin to stop sweating."
S038,视物昏花、头晕目眩、五心烦热、血虚、月经失调,滋阴降火汤,黄芩(Scutellariae Radix),COC1=CC=CC(=C1C2=CC(=O)C3=C(C(=C(C(=C3O2)OC)OC)OC)O)O | COC1=C(C2=C(C(=C1)O)C(=O)C=C(O2)C3=CC=CC=C3O)OC | COC1=C(C=C(C2=C1OC(=CC2=O)C3=CC=C(C=C3)O)O)O,二冬汤 | 半夏泻心汤 | 小续命汤 | 清心莲子饮 | 清金化痰汤 | 清肺汤 | 宣郁通经汤 | 当归六黄汤 | 保阴煎 | 达原饮 | 甘草泻心汤 | 甘露饮 | 大秦艽汤 | 桑白皮汤 | 清上蠲痛汤 | 凉血地黄汤 | 黄芩汤 | 附子泻心汤 | 柴胡桂枝汤 | 柴胡桂枝干姜汤 | 生姜泻心汤 | 当归散 | 泻心汤 | 芍药汤 | 普济消毒饮子 | 羌活胜风汤 | 茜根散 | 泰山磐石散 | 滋阴降火汤 | 清胃汤 | 柴葛解肌汤 | 柴胡清肝汤 | 凉血四物汤 | 柴胡陷胸汤,"It has the effects of clearing heat and drying dampness, purging fire and detoxifying, stopping bleeding, and preventing miscarriage."
S038,视物昏花、头晕目眩、五心烦热、血虚、月经失调,滋阴降火汤,柴胡（Radix Bupleuri）,COC1=C(C=CC(=C1)C2=C(C(=O)C3=C(C=C(C=C3O2)O)O)O)O | COC1=C(C=C(C(=C1)C2=CC(=O)C3=C(C(=C(C=C3O2)OC)OC)O)O)O | C1[C@@H]([C@H]([C@H](O1)O)CC2=CC3=C(C=C2)OCO3)CC4=CC5=C(C=C4)OCO5 | CC1(CCCC23[C@@H]1[C@@H](C([C@]45[C@H]2CC[C@H](C4O)C(=C)C5=O)(OC3)O)O)C | C/C=C(\C)/C(=O)O[C@H]1[C@H](C(OC2=C1C3=C(C=C2)C=CC(=O)O3)(C)C)OC(=O)/C(=C/C)/C,升陷汤 | 宣郁通经汤 | 升阳益胃汤 | 完带汤 | 散偏汤 | 柴胡桂枝汤 | 柴胡桂枝干姜汤 | 佛手散 | 普济消毒饮子 | 羌活胜风汤 | 滋阴降火汤 | 定经汤 | 柴葛解肌汤 | 柴胡清肝汤 | 四物消风饮 | 滋水清肝饮 | 柴胡陷胸汤 | 会厌逐瘀汤,"It has the effects of dispersing and reducing fever, soothing the liver, and lifting yang."
S038,视物昏花、头晕目眩、五心烦热、血虚、月经失调,滋阴降火汤,甘草(licorice ),CC(=CCC1=C(C2=C(C=C1O)OC(=O)C3=C2OC4=C3C=CC(=C4)O)OC)C | CC1(C=CC2=C(O1)C=CC3=C2OC[C@@H]4[C@H]3OC5=C4C=CC(=C5)O)C | CC1(CCC2=C(O1)C=C3C(=C2OC)C=C(C(=O)O3)C4=C(C=C(C=C4)O)O)CO | CC1(C=CC2=C(O1)C=CC(=C2O)C3COC4=C(C3=O)C(=CC(=C4)O)OC)C | CC(=CCC1=C(C=CC2=C1OC(=O)C3=C2OC4=C3C=CC(=C4)O)O)C,苓桂术甘汤 | 温经汤 | 枇杷清肺饮 | 二冬汤 | 桃核承气汤 | 芍药甘草汤 | 半夏泻心汤 | 麦门冬汤 | 温胆汤 | 小续命汤 | 当归饮子 | 泻白散 | 清心莲子饮 | 羌活胜湿汤 | 清金化痰汤 | 金水六君煎 | 清肺汤 | 保元汤 | 半夏白术天麻汤 | 宣郁通经汤 | 异功散 | 泻黄散 | 白术散 | 消乳丸 | 人参五味子汤 | 清宁散 | 竹叶石膏汤 | 麻黄汤 | 当归四逆汤 | 桂枝芍药知母汤 | 当归建中汤 | 升阳益胃汤 | 厚朴温中汤 | 保阴煎 | 固阴煎 | 清骨散 | 达原饮 | 沙参麦冬汤 | 完带汤 | 身痛逐瘀汤 | 散偏汤 | 旋覆代赭汤 | 甘草泻心汤 | 黄连汤 | 橘皮竹茹汤 | 甘姜苓术汤 | 厚朴七物汤 | 温脾汤 | 竹茹汤 | 辛夷散 | 实脾散 | 甘露饮 | 华盖散 | 三痹汤 | 乌药汤 | 大秦艽汤 | 托里消毒散 | 清上蠲痛汤 | 养胃汤 | 石决明散 | 三甲复脉汤 | 蠲痹汤 | 四妙勇安汤 | 除湿胃苓汤 | 清燥救肺汤 | 凉血地黄汤 | 桂枝甘草汤 | 栀子柏皮汤 | 黄芩汤 | 茯苓桂枝甘 草大枣汤 | 柴胡桂枝汤 | 通脉四逆汤 | 桂枝加厚朴杏子汤 | 桂枝麻黄各半汤 | 柴胡桂枝干姜汤 | 桂枝人参汤 | 生姜泻心汤 | 白虎加人参汤 | 调胃承气汤 | 桔梗汤 | 防己黄芪汤 | 苓甘五味姜辛汤 | 防己茯苓汤 | 越婢汤 | 麻黄杏仁薏苡甘草汤 | 瓜蒌桂枝汤 | 生姜甘草汤 | 苏子降气汤 | 香苏散 | 升麻葛根汤 | 平胃散 | 六和汤 | 五虎汤 | 芍药汤 | 门冬清肺饮 | 普济消毒饮子 | 羌活胜风汤 | 牛蒡甘桔汤 | 大补元煎 | 左归饮 | 举元煎 | 茜根散 | 泰山磐石散 | 滋阴降火汤 | 清胃汤 | 调肝汤 | 柴葛解肌汤 | 茵陈术附汤 | 阳和汤 | 柴胡清肝汤 | 地黄饮 | 凉血四物汤 | 膈下逐瘀汤 | 会厌逐瘀汤,"It has the effects of tonifying the spleen and replenishing qi, clearing heat and detoxifying, dispelling phlegm and stopping cough, relieving spasm and alleviating pain, as well as harmonizing the actions of other herbs."
S039,眼部症状：眼睑红肿硬痛（眼胞红硬）、口干口臭、便秘尿黄、火热引起的烦躁、热毒引起的症状,清胃汤,栀子（Gardeniae Fructus）,CC[C@H](/C=C/[C@@H](C)[C@H]1CC[C@@H]2[C@@]1(CC[C@H]3[C@H]2CC=C4[C@@]3(CC[C@@H](C4)O)C)C)C(C)C | C1=CC(=C(C=C1C2=C(C(=O)C3=C(C=C(C=C3O2)O)O)O)O)O | COC1=CC(=C2C(=C1)OC(=CC2=O)C3=CC(=C(C(=C3)OC)OC)OC)O,清金化痰汤 | 清肺汤 | 宣郁通经汤 | 泻黄散 | 化肝煎 | 桑白皮汤 | 除湿胃苓汤 | 茵陈蒿汤 | 栀子柏皮汤 | 栀子豉汤 | 栀子大黄汤 | 清胃汤 | 解郁汤 | 柴胡清肝汤 | 滋水清肝饮 | 宣痹汤,"It has the effects of purging fire to relieve vexation, clearing heat to promote diuresis, and cooling blood to detoxify."
S039,眼部症状：眼睑红肿硬痛（眼胞红硬）、口干口臭、便秘尿黄、火热引起的烦躁、热毒引起的症状,清胃汤,枳壳（Aurantii Fructus）,C/C(=C\COC1=CC2=C(C=C1)C=CC(=O)O2)/CC[C@H](C(C)(C)O)O | COC1=C(C=C(C=C1)[C@@H]2CC(=O)C3=C(C=C(C=C3O2)O)O)O | CC[C@H](CC[C@@H](C)[C@H]1CC[C@@H]2[C@@]1(CC[C@H]3[C@H]2CC=C4[C@@]3(CC[C@@H](C4)O)C)C)C(C)C | C1[C@H](OC2=CC(=CC(=C2C1=O)O)O)C3=CC=C(C=C3)O | COC1=C(C=C(C=C1)C2=CC(=O)C3=C(O2)C(=C(C(=C3OC)OC)OC)OC)OC | CNCCC1=CC=C(C=C1)O,济川煎 | 槐花散 | 甘露饮 | 凉血地黄汤 | 羌活胜风汤 | 六磨汤 | 清胃汤 | 解郁汤 | 蒿芩清胆汤 | 膈下逐瘀汤 | 会厌逐瘀汤,"It has the effects of regulating qi to relieve middle-jiao distension, moving stagnation to reduce bloating."
S039,眼部症状：眼睑红肿硬痛（眼胞红硬）、口干口臭、便秘尿黄、火热引起的烦躁、热毒引起的症状,清胃汤,紫苏子（Perillae Fructus）,C/C=C(/CC[C@@H](C)[C@H]1CC[C@@H]2[C@@]1(CC[C@H]3C2=CC[C@@H]4[C@@]3(CC[C@@H]([C@H]4C)O)C)C)\C(C)C | CC[C@H](/C=C/[C@@H](C)[C@H]1CC[C@@H]2[C@@]1(CC[C@H]3[C@H]2CC=C4[C@@]3(CC[C@@H](C4)O)C)C)C(C)C | CC[C@H](/C=C/[C@@H](C)[C@H]1CC[C@@H]2[C@@]1(CC[C@H]3C2=CC[C@@H]4[C@@]3(CC[C@@H](C4)O)C)C)C(C)C | C[C@@H]1[C@H](CC[C@]2([C@H]1CC=C3[C@@H]2CC[C@]4([C@H]3CC[C@@H]4[C@H](C)CCC(=C)C(C)C)C)C)O | C[C@H]1[C@@H]2CCC3=C([C@]2(CC[C@@H]1O)C)CC[C@]4([C@]3(CC[C@@H]4[C@H](C)CCC(=C)C(C)C)C)C,苏葶丸 | 华盖散 | 桑白皮汤 | 苏子降气汤 | 清胃汤,"It has the effects of descending qi, moistening the intestines to relieve constipation, calming wheezing, and dispelling cold."
S039,眼部症状：眼睑红肿硬痛（眼胞红硬）、口干口臭、便秘尿黄、火热引起的烦躁、热毒引起的症状,清胃汤,石膏（Gypsum）,O.O.[O-]S(=O)(=O)[O-].[Ca+2],泻黄散 | 竹叶石膏汤 | 厚朴麻黄汤 | 玉女煎 | 大秦艽汤 | 清燥救肺汤 | 白虎加人参汤 | 越婢汤 | 五虎汤 | 清胃汤,"It has the effects of clearing heat and purging fire, exerting anti-inflammatory and anti-swelling actions, and quenching thirst to promote fluid production."
S039,眼部症状：眼睑红肿硬痛（眼胞红硬）、口干口臭、便秘尿黄、火热引起的烦躁、热毒引起的症状,清胃汤,黄连(Coptidis Rhizoma),C[C@@]12CC[C@@H]3[C@]4(C=CC(=O)OC([C@@H]4CC(=O)[C@]3([C@@]15[C@H](O5)C(=O)O[C@H]2C6=COC=C6)C)(C)C)C | COC1=C(C=C2C(=C1)CC[N+]3=C2C=C4C=CC5=C(C4=C3)OCO5)OC | COC1=C(C2=C(CC3C4=CC5=C(C=C4CCN3C2)OCO5)C=C1)OC | COC1=C(C2=C[N+]3=C(C=C2C=C1)C4=CC(=C(C=C4CC3)OC)OC)OC | CC1=C2C3=CC4=C(C=C3CC[N+]2=CC5=CC6=C(C=C15)OCO6)OCO4,枇杷清肺饮 | 半夏泻心汤 | 升阳益胃汤 | 当归六黄汤 | 甘草泻心汤 | 黄连汤 | 清胃散 | 桑白皮汤 | 黄连膏 | 凉血地黄汤 | 附子泻心汤 | 小陷胸汤 | 生姜泻心汤 | 大黄黄连泻心汤 | 泻心汤 | 温脾丸 | 芍药汤 | 普济消毒饮子 | 牛蒡甘桔汤 | 清胃汤 | 柴胡陷胸汤 | 连朴饮,"It has the effects of clearing heat and drying dampness, purging fire and detoxifying."
S039,眼部症状：眼睑红肿硬痛（眼胞红硬）、口干口臭、便秘尿黄、火热引起的烦躁、热毒引起的症状,清胃汤,陈皮(Citrus Reticulata),CC[C@H](CC[C@@H](C)[C@H]1CC[C@@H]2[C@@]1(CC[C@H]3[C@H]2CC=C4[C@@]3(CC[C@H](C4)O)C)C)C(C)C | C1[C@H](OC2=CC(=CC(=C2C1=O)O)O)C3=CC=C(C=C3)O | COC1=C(C=C(C=C1)[C@H]2CC(=O)C3=C(C=C(C=C3O2)O)O)O | COC1=C(C=C(C=C1)C2CC(=O)C3=C(O2)C(=C(C(=C3OC)OC)OC)OC)OC | COC1=C(C=C(C=C1)C2=CC(=O)C3=C(O2)C(=C(C(=C3OC)OC)OC)OC)OC,温胆汤 | 金水六君煎 | 异功散 | 消乳丸 | 升阳益胃汤 | 化肝煎 | 完带汤 | 橘皮竹茹汤 | 华盖散 | 除湿胃苓汤 | 香苏散 | 平胃散 | 牛蒡甘桔汤 | 清胃汤 | 凉血四物汤 | 黄芪汤 | 蒿芩清胆汤,"It has the effects of harmonizing the stomach, descending rebellion to stop vomiting, regulating qi, and drying dampness to transform phlegm."
S039,眼部症状：眼睑红肿硬痛（眼胞红硬）、口干口臭、便秘尿黄、火热引起的烦躁、热毒引起的症状,清胃汤,连翘（Forsythiae Fructus）,COC1=C(C=C(C=C1)C[C@H]2COC(=O)[C@@H]2CC3=CC(=C(C=C3)OC)OC)OC | COC1=C(C=C(C=C1)[C@@H]2[C@H]3CO[C@@H]([C@H]3CO2)C4=CC(=C(C=C4)O)OC)OC | COC1=C(C=C(C=C1)[C@H]2[C@H]3CO[C@@H]([C@H]3CO2)C4=CC(=C(C=C4)O)OC)OC | CN1CCC2=CC3=C(C=C2[C@H]1[C@H]4C5=C(C6=C(C=C5)OCO6)C(=O)O4)OCO3,新加香薷饮 | 普济消毒饮子 | 清胃汤 | 柴胡清肝汤 | 宣痹汤,"It has the effects of clearing heat and detoxifying, reducing swelling and dissipating nodules"
S039,眼部症状：眼睑红肿硬痛（眼胞红硬）、口干口臭、便秘尿黄、火热引起的烦躁、热毒引起的症状,清胃汤,当归(Angelicae Sinensis Radix),CC1=CC[C@@]2(CCCC([C@]23[C@H]1C3)(C)C)C | CC[C@H](CC[C@@H](C)[C@H]1CC[C@@H]2[C@@]1(CC[C@H]3[C@H]2CC=C4[C@@]3(CC[C@@H](C4)O)C)C)C(C)C | CC[C@H](/C=C/[C@@H](C)[C@H]1CC[C@@H]2[C@@]1(CC[C@H]3[C@H]2CC=C4[C@@]3(CC[C@@H](C4)O)C)C)C(C)C | C[C@@H]1CC[C@@H]2[C@]13CC=C([C@H](C3)C2(C)C)C | C1=CC=C(C=C1)C2=CC(=S)C=C(S2)C3=CC=CC=C3,温经汤 | 一贯煎 | 桃红四物汤 | 当归饮子 | 当归补血汤 | 金水六君煎 | 济川煎 | 清肺汤 | 宣郁通经汤 | 当归四逆汤 | 当归建中汤 | 当归六黄汤 | 身痛逐瘀汤 | 三痹汤 | 清胃散 | 圣愈汤 | 乌药汤 | 大秦艽汤 | 暖肝煎 | 托里消毒散 | 清上蠲痛汤 | 蠲痹汤 | 清肝止淋汤 | 四妙勇安汤 | 黄连膏 | 凉血地黄汤 | 当归散 | 温脾丸 | 苏子降气汤 | 佛手散 | 芍药汤 | 门冬清肺饮 | 大补元煎 | 泰山磐石散 | 滋阴降火汤 | 清胃汤 | 解郁汤 | 固本止崩汤 | 养精种玉汤 | 定经汤 | 调肝汤 | 柴胡清肝汤 | 四物消风饮 | 地黄饮 | 凉血四物汤 | 滋水清肝饮 | 膈下逐瘀汤 | 会厌逐瘀汤 | 补肾活血汤 | 活络效灵丹,"It has the effects of nourishing blood, promoting blood circulation, regulating menstruation, relieving pain, and moistening intestines to relieve constipation."
S039,眼部症状：眼睑红肿硬痛（眼胞红硬）、口干口臭、便秘尿黄、火热引起的烦躁、热毒引起的症状,清胃汤,荆芥穗（Schizonepetae Spica）,CC(=CCC/C(=C/CC/C(=C/CC/C=C(\C)/CC/C=C(/C)\CCC=C(C)C)/C)/C)C | CC[C@H](CC[C@@H](C)[C@H]1CC[C@@H]2[C@@]1(CC[C@H]3[C@H]2CC=C4[C@@]3(CC[C@H](C4)O)C)C)C(C)C | CC[C@H](/C=C/[C@@H](C)[C@H]1CC[C@@H]2[C@@]1(CC[C@H]3[C@H]2CC=C4[C@@]3(CC[C@@H](C4)O)C)C)C(C)C | COC1=CC=C(C=C1)C2=CC(=O)C3=C(O2)C=C(C(=C3O)OC)O,当归饮子 | 槐花散 | 凉血地黄汤 | 羌活胜风汤 | 清胃汤 | 定经汤 | 四物消风饮,"It has the effects of dispersing wind-cold, promoting eruption to relieve itching, and stopping bleeding."
S039,眼部症状：眼睑红肿硬痛（眼胞红硬）、口干口臭、便秘尿黄、火热引起的烦躁、热毒引起的症状,清胃汤,黄芩(Scutellariae Radix),COC1=CC=CC(=C1C2=CC(=O)C3=C(C(=C(C(=C3O2)OC)OC)OC)O)O | COC1=C(C2=C(C(=C1)O)C(=O)C=C(O2)C3=CC=CC=C3O)OC | COC1=C(C=C(C2=C1OC(=CC2=O)C3=CC=C(C=C3)O)O)O,二冬汤 | 半夏泻心汤 | 小续命汤 | 清心莲子饮 | 清金化痰汤 | 清肺汤 | 宣郁通经汤 | 当归六黄汤 | 保阴煎 | 达原饮 | 甘草泻心汤 | 甘露饮 | 大秦艽汤 | 桑白皮汤 | 清上蠲痛汤 | 凉血地黄汤 | 黄芩汤 | 附子泻心汤 | 柴胡桂枝汤 | 柴胡桂枝干姜汤 | 生姜泻心汤 | 当归散 | 泻心汤 | 芍药汤 | 普济消毒饮子 | 羌活胜风汤 | 茜根散 | 泰山磐石散 | 滋阴降火汤 | 清胃汤 | 柴葛解肌汤 | 柴胡清肝汤 | 凉血四物汤 | 柴胡陷胸汤,"It has the effects of clearing heat and drying dampness, purging fire and detoxifying, stopping bleeding, and preventing miscarriage."
S039,眼部症状：眼睑红肿硬痛（眼胞红硬）、口干口臭、便秘尿黄、火热引起的烦躁、热毒引起的症状,清胃汤,防风（Saposhnikoviae Radix）,COC1=C(C=CC(=C1)[C@@H]2[C@H](OC3=C4C(=CC(=C3O2)OC)C=CC(=O)O4)CO)O | C/C=C(\C)/C(=O)O[C@H]1[C@@H](C(OC2=C1C3=C(C=C2)C=CC(=O)O3)(C)C)OC(=O)/C(=C/C)/C | C/C=C(/C)\C(=O)O[C@H]1CC2=C(C=C3C(=C2O)C(=O)C=C(O3)CO)OC1(C)C | CC[C@H](CC[C@@H](C)[C@H]1CC[C@@H]2[C@@]1(CC[C@H]3[C@H]2CC=C4[C@@]3(CC[C@H](C4)O)C)C)C(C)C | CC[C@H](CC[C@@H](C)[C@H]1CC[C@@H]2[C@@]1(CC[C@H]3[C@H]2CC=C4[C@@]3(CC[C@@H](C4)O)C)C)C(C)C,小续命汤 | 当归饮子 | 羌活胜湿汤 | 泻黄散 | 桂枝芍药知母汤 | 升阳益胃汤 | 辛夷散 | 三痹汤 | 大秦艽汤 | 清上蠲痛汤 | 除湿胃苓汤 | 延年薯蓣酒 | 羌活胜风汤 | 清胃汤 | 柴胡清肝汤 | 四物消风饮,"It has the effects of releasing the exterior and dispelling wind, overcoming dampness, and stopping convulsions."
S039,眼部症状：眼睑红肿硬痛（眼胞红硬）、口干口臭、便秘尿黄、火热引起的烦躁、热毒引起的症状,清胃汤,甘草(licorice ),CC(=CCC1=C(C2=C(C=C1O)OC(=O)C3=C2OC4=C3C=CC(=C4)O)OC)C | CC1(C=CC2=C(O1)C=CC3=C2OC[C@@H]4[C@H]3OC5=C4C=CC(=C5)O)C | CC1(CCC2=C(O1)C=C3C(=C2OC)C=C(C(=O)O3)C4=C(C=C(C=C4)O)O)CO | CC1(C=CC2=C(O1)C=CC(=C2O)C3COC4=C(C3=O)C(=CC(=C4)O)OC)C | CC(=CCC1=C(C=CC2=C1OC(=O)C3=C2OC4=C3C=CC(=C4)O)O)C,苓桂术甘汤 | 温经汤 | 枇杷清肺饮 | 二冬汤 | 桃核承气汤 | 芍药甘草汤 | 半夏泻心汤 | 麦门冬汤 | 温胆汤 | 小续命汤 | 当归饮子 | 泻白散 | 清心莲子饮 | 羌活胜湿汤 | 清金化痰汤 | 金水六君煎 | 清肺汤 | 保元汤 | 半夏白术天麻汤 | 宣郁通经汤 | 异功散 | 泻黄散 | 白术散 | 消乳丸 | 人参五味子汤 | 清宁散 | 竹叶石膏汤 | 麻黄汤 | 当归四逆汤 | 桂枝芍药知母汤 | 当归建中汤 | 升阳益胃汤 | 厚朴温中汤 | 保阴煎 | 固阴煎 | 清骨散 | 达原饮 | 沙参麦冬汤 | 完带汤 | 身痛逐瘀汤 | 散偏汤 | 旋覆代赭汤 | 甘草泻心汤 | 黄连汤 | 橘皮竹茹汤 | 甘姜苓术汤 | 厚朴七物汤 | 温脾汤 | 竹茹汤 | 辛夷散 | 实脾散 | 甘露饮 | 华盖散 | 三痹汤 | 乌药汤 | 大秦艽汤 | 托里消毒散 | 清上蠲痛汤 | 养胃汤 | 石决明散 | 三甲复脉汤 | 蠲痹汤 | 四妙勇安汤 | 除湿胃苓汤 | 清燥救肺汤 | 凉血地黄汤 | 桂枝甘草汤 | 栀子柏皮汤 | 黄芩汤 | 茯苓桂枝甘 草大枣汤 | 柴胡桂枝汤 | 通脉四逆汤 | 桂枝加厚朴杏子汤 | 桂枝麻黄各半汤 | 柴胡桂枝干姜汤 | 桂枝人参汤 | 生姜泻心汤 | 白虎加人参汤 | 调胃承气汤 | 桔梗汤 | 防己黄芪汤 | 苓甘五味姜辛汤 | 防己茯苓汤 | 越婢汤 | 麻黄杏仁薏苡甘草汤 | 瓜蒌桂枝汤 | 生姜甘草汤 | 苏子降气汤 | 香苏散 | 升麻葛根汤 | 平胃散 | 六和汤 | 五虎汤 | 芍药汤 | 门冬清肺饮 | 普济消毒饮子 | 羌活胜风汤 | 牛蒡甘桔汤 | 大补元煎 | 左归饮 | 举元煎 | 茜根散 | 泰山磐石散 | 滋阴降火汤 | 清胃汤 | 调肝汤 | 柴葛解肌汤 | 茵陈术附汤 | 阳和汤 | 柴胡清肝汤 | 地黄饮 | 凉血四物汤 | 膈下逐瘀汤 | 会厌逐瘀汤,"It has the effects of tonifying the spleen and replenishing qi, clearing heat and detoxifying, dispelling phlegm and stopping cough, relieving spasm and alleviating pain, as well as harmonizing the actions of other herbs."
S040,两胁胀闷疼痛、如弓弦紧绷、情绪抑郁加重、口苦咽干、肝血不足,解郁汤,人参(Panax Ginseng C. A. Mey.),C1[C@H]2[C@@H](C3=C(O1)C=C(C=C3)O)OC4=CC5=C(C=C24)OCO5 | C1CCN(CCCNC(=O)C[C@H](NC1)C2=CC=CC=C2)C(=O)C3=CC=CC=C3 | C1=CC=C2C(=C1)C3=C(C(=O)C4=CC=CC=C4O3)C(=O)O2 | CC1=CC2=C(C3=C1OC(C=C3)(C)C)NC4=CC=CC=C42 | COC1=C(C=C(C=C1)C[C@@H]\2COC(=O)/C2=C/C3=CC4=C(C=C3)OCO4)OC,温经汤 | 枇杷清肺饮 | 二冬汤 | 半夏泻心汤 | 大建中汤 | 麦门冬汤 | 小续命汤 | 开心散 | 清心莲子饮 | 保元汤 | 异功散 | 白术散 | 人参五味子汤 | 竹叶石膏汤 | 升阳益胃汤 | 固阴煎 | 完带汤 | 旋覆代赭汤 | 吴茱萸汤 | 黄连汤 | 附子汤 | 橘皮竹茹汤 | 温脾汤 | 三痹汤 | 圣愈汤 | 托里消毒散 | 养胃汤 | 丁香柿蒂散 | 清燥救肺汤 | 柴胡桂枝汤 | 桂枝人参汤 | 生姜泻心汤 | 白虎加人参汤 | 生姜甘草汤 | 延年薯蓣酒 | 六和汤 | 门冬清肺饮 | 普济消毒饮子 | 大补元煎 | 举元煎 | 泰山磐石散 | 解郁汤 | 固本止崩汤,"It has the effects of greatly tonifying primordial qi, restoring pulses and securing collapse, tonifying the spleen and nourishing the lungs, promoting fluid production, and tranquilizing the mind."
S040,两胁胀闷疼痛、如弓弦紧绷、情绪抑郁加重、口苦咽干、肝血不足,解郁汤,白术(Atractylodes Macrocephala Koidz),C[C@@H]1CC[C@@]2(CC[C@@]3(C(=CC[C@H]4[C@]3(CC[C@@H]5[C@@]4(CC[C@@H](C5(C)C)O)C)C)[C@@H]2[C@H]1C)C)C | CC1=COC2=C1C[C@H]3C(=C)[C@H](CC[C@@]3(C2)C)OC(=O)C | CCC[C@@H](CC[C@@H](C)[C@H]1CC[C@@H]2[C@@]1(CC[C@H]3[C@H]2CC=C4[C@@]3(CC[C@@H](C4)O)C)C)C(C)C | CCO[C@]12C[C@]3(CCCC(=C)[C@@H]3CC1=C(C(=O)O2)C)C,苓桂术甘汤 | 真武汤 | 半夏白术天麻汤 | 异功散 | 白术散 | 人参五味子汤 | 桂枝芍药知母汤 | 升阳益胃汤 | 完带汤 | 附子汤 | 泽泻汤 | 甘姜苓术汤 | 实脾散 | 大秦艽汤 | 托里消毒散 | 除湿胃苓汤 | 桂枝人参汤 | 当归散 | 防己黄芪汤 | 延年薯蓣酒 | 羌活胜风汤 | 举元煎 | 泰山磐石散 | 解郁汤 | 固本止崩汤 | 茵陈术附汤 | 理冲汤,"It has the effects of strengthening the spleen and tonifying qi, drying dampness and promoting diuresis, stopping sweating, and preventing miscarriage."
S040,两胁胀闷疼痛、如弓弦紧绷、情绪抑郁加重、口苦咽干、肝血不足,解郁汤,茯苓（Poria Cocos(Schw.) Wolf ）,CC(=CCC[C@H]([C@H]1CC[C@@]2([C@@]1(CCC3=C2CC[C@@H]4[C@@]3(CC[C@@H](C4(C)C)O)C)C)C)C(=O)O)C | C[C@H](/C=C/[C@H](C)C(C)C)[C@H]1CC[C@@H]2[C@@]1(CC[C@H]3C2=CC[C@@H]4[C@@]3(CC[C@@H](C4)O)C)C | C[C@H](/C=C/[C@H](C)C(C)C)[C@H]1CC[C@@H]2[C@@]1(CC[C@H]3[C@]24C=C[C@@]5([C@@]3(CC[C@@H](C5)O)C)OO4)C | CC(C)C(=C)CC[C@H]([C@H]1CC[C@@]2([C@@]1(CCC3=C2CC[C@@H]4[C@@]3(CC[C@@H](C4(C)C)O)C)C)C)C(=O)O | CC(C)C(=C)CC[C@H]([C@H]1CC[C@@]2([C@@]1(CC=C3C2=CC[C@@H]4[C@@]3(CC[C@@H](C4(C)C)O)C)C)C)C(=O)O,苓桂术甘汤 | 真武汤 | 开心散 | 清心莲子饮 | 地黄饮子 | 清金化痰汤 | 金水六君煎 | 清肺汤 | 半夏白术天麻汤 | 异功散 | 白术散 | 人参五味子汤 | 半夏厚朴汤 | 升阳益胃汤 | 厚朴温中汤 | 猪苓汤 | 附子汤 | 甘姜苓术汤 | 实脾散 | 三痹汤 | 大秦艽汤 | 暖肝煎 | 托里消毒散 | 养胃汤 | 清经散 | 茯苓桂枝甘 草大枣汤 | 小半夏加茯苓汤 | 苓甘五味姜辛汤 | 防己茯苓汤 | 六和汤 | 导痰汤 | 左归饮 | 解郁汤 | 定经汤 | 滋水清肝饮,"It has the effects of promoting diuresis and draining dampness, strengthening the spleen and harmonizing the stomach, as well as calming the heart and tranquilizing the mind."
S040,两胁胀闷疼痛、如弓弦紧绷、情绪抑郁加重、口苦咽干、肝血不足,解郁汤,当归(Angelicae Sinensis Radix),CC1=CC[C@@]2(CCCC([C@]23[C@H]1C3)(C)C)C | CC[C@H](CC[C@@H](C)[C@H]1CC[C@@H]2[C@@]1(CC[C@H]3[C@H]2CC=C4[C@@]3(CC[C@@H](C4)O)C)C)C(C)C | CC[C@H](/C=C/[C@@H](C)[C@H]1CC[C@@H]2[C@@]1(CC[C@H]3[C@H]2CC=C4[C@@]3(CC[C@@H](C4)O)C)C)C(C)C | C[C@@H]1CC[C@@H]2[C@]13CC=C([C@H](C3)C2(C)C)C | C1=CC=C(C=C1)C2=CC(=S)C=C(S2)C3=CC=CC=C3,温经汤 | 一贯煎 | 桃红四物汤 | 当归饮子 | 当归补血汤 | 金水六君煎 | 济川煎 | 清肺汤 | 宣郁通经汤 | 当归四逆汤 | 当归建中汤 | 当归六黄汤 | 身痛逐瘀汤 | 三痹汤 | 清胃散 | 圣愈汤 | 乌药汤 | 大秦艽汤 | 暖肝煎 | 托里消毒散 | 清上蠲痛汤 | 蠲痹汤 | 清肝止淋汤 | 四妙勇安汤 | 黄连膏 | 凉血地黄汤 | 当归散 | 温脾丸 | 苏子降气汤 | 佛手散 | 芍药汤 | 门冬清肺饮 | 大补元煎 | 泰山磐石散 | 滋阴降火汤 | 清胃汤 | 解郁汤 | 固本止崩汤 | 养精种玉汤 | 定经汤 | 调肝汤 | 柴胡清肝汤 | 四物消风饮 | 地黄饮 | 凉血四物汤 | 滋水清肝饮 | 膈下逐瘀汤 | 会厌逐瘀汤 | 补肾活血汤 | 活络效灵丹,"It has the effects of nourishing blood, promoting blood circulation, regulating menstruation, relieving pain, and moistening intestines to relieve constipation."
S040,两胁胀闷疼痛、如弓弦紧绷、情绪抑郁加重、口苦咽干、肝血不足,解郁汤,白芍(Paeoniae Radix Alba),C[C@@]12CC(=O)[C@H]3C[C@@]1(O[C@@H]([C@@H]3COC(=O)C4=CC=CC=C4)O2)O | C[C@]12C[C@@]3([C@@H]4C[C@]1([C@@]4([C@H](O2)O3)COC(=O)C5=CC=CC=C5)O[C@H]6[C@@H]([C@H]([C@@H]([C@H](O6)CO)O)O)O)O | C[C@]12C[C@H]([C@@H]3C[C@]1([C@@]3(C(=O)O2)COC(=O)C4=CC=CC=C4)O[C@H]5[C@@H]([C@H]([C@@H]([C@H](O5)CO)O)O)O)O | CC(=C)[C@@H]1CC[C@]2([C@H]1[C@H]3CC[C@@H]4[C@]5(CC[C@@H](C([C@@H]5CC[C@]4([C@@]3(CC2)C)C)(C)C)O)C)C(=O)O,温经汤 | 桃红四物汤 | 芍药甘草汤 | 真武汤 | 黄芪桂枝五物汤 | 小续命汤 | 当归饮子 | 宣郁通经汤 | 当归四逆汤 | 桂枝芍药知母汤 | 当归建中汤 | 升阳益胃汤 | 保阴煎 | 化肝煎 | 达原饮 | 完带汤 | 散偏汤 | 附子汤 | 三痹汤 | 大秦艽汤 | 托里消毒散 | 三甲复脉汤 | 清经散 | 清肝止淋汤 | 两地汤 | 黄芩汤 | 柴胡桂枝汤 | 桂枝加厚朴杏子汤 | 桂枝麻黄各半汤 | 当归散 | 枳实芍药散 | 瓜蒌桂枝汤 | 升麻葛根汤 | 芍药汤 | 门冬清肺饮 | 泰山磐石散 | 滋阴降火汤 | 解郁汤 | 养精种玉汤 | 定经汤 | 调肝汤 | 滋水清肝饮,"It has the effects of pacifying the liver to relieve pain, nourishing blood to regulate menstruation, and astringing yin to stop sweating."
S040,两胁胀闷疼痛、如弓弦紧绷、情绪抑郁加重、口苦咽干、肝血不足,解郁汤,枳壳（Aurantii Fructus）,C/C(=C\COC1=CC2=C(C=C1)C=CC(=O)O2)/CC[C@H](C(C)(C)O)O | COC1=C(C=C(C=C1)[C@@H]2CC(=O)C3=C(C=C(C=C3O2)O)O)O | CC[C@H](CC[C@@H](C)[C@H]1CC[C@@H]2[C@@]1(CC[C@H]3[C@H]2CC=C4[C@@]3(CC[C@@H](C4)O)C)C)C(C)C | C1[C@H](OC2=CC(=CC(=C2C1=O)O)O)C3=CC=C(C=C3)O | COC1=C(C=C(C=C1)C2=CC(=O)C3=C(O2)C(=C(C(=C3OC)OC)OC)OC)OC | CNCCC1=CC=C(C=C1)O,济川煎 | 槐花散 | 甘露饮 | 凉血地黄汤 | 羌活胜风汤 | 六磨汤 | 清胃汤 | 解郁汤 | 蒿芩清胆汤 | 膈下逐瘀汤 | 会厌逐瘀汤,"It has the effects of regulating qi to relieve middle-jiao distension, moving stagnation to reduce bloating."
S040,两胁胀闷疼痛、如弓弦紧绷、情绪抑郁加重、口苦咽干、肝血不足,解郁汤,砂仁（Amomum Aurantiacum H. T. Tsai Et S. W. Zhao）,COC1=C(C=C(C=C1)C2=CSC(=C2C(=O)OC)N)OC | CC/C=C/C/C=C/C/C=C/CCCCCCCCCC(=O)OC | CC[C@H](/C=C/[C@@H](C)[C@H]1CC[C@@H]2[C@@]1(CC[C@H]3[C@H]2CC=C4[C@@]3(CC[C@@H](C4)OC(=O)C)C)C)C(C)C,消乳丸 | 六和汤 | 泰山磐石散 | 解郁汤,"It has the effects of resolving dampness to stimulate appetite, warming the spleen to stop diarrhea, and regulating qi to prevent miscarriage."
S040,两胁胀闷疼痛、如弓弦紧绷、情绪抑郁加重、口苦咽干、肝血不足,解郁汤,栀子（Gardeniae Fructus）,CC[C@H](/C=C/[C@@H](C)[C@H]1CC[C@@H]2[C@@]1(CC[C@H]3[C@H]2CC=C4[C@@]3(CC[C@@H](C4)O)C)C)C(C)C | C1=CC(=C(C=C1C2=C(C(=O)C3=C(C=C(C=C3O2)O)O)O)O)O | COC1=CC(=C2C(=C1)OC(=CC2=O)C3=CC(=C(C(=C3)OC)OC)OC)O,清金化痰汤 | 清肺汤 | 宣郁通经汤 | 泻黄散 | 化肝煎 | 桑白皮汤 | 除湿胃苓汤 | 茵陈蒿汤 | 栀子柏皮汤 | 栀子豉汤 | 栀子大黄汤 | 清胃汤 | 解郁汤 | 柴胡清肝汤 | 滋水清肝饮 | 宣痹汤,"It has the effects of purging fire to relieve vexation, clearing heat to promote diuresis, and cooling blood to detoxify."
S040,两胁胀闷疼痛、如弓弦紧绷、情绪抑郁加重、口苦咽干、肝血不足,解郁汤,薄荷（ Menthae Herba）,CC1(CC(C2=CC=CC=C2N1C(=O)CSC3=NCCS3)(C)C4=CC=CC=C4)C | C1[C@H](OC2=CC(=CC(=C2C1=O)O)O)C3=CC=C(C=C3)O | C1=CC2=C(C(=C1)O)C(=O)C3=C(C2=O)C=C(C=C3O)CO | C1[C@H](OC2=CC(=CC(=C2C1=O)O)O)C3=CC(=C(C=C3)O)O | COC1=CC(=C2C(=C1)OC(=CC2=O)C3=CC=C(C=C3)O)O,地黄饮子 | 羌活胜风汤 | 解郁汤 | 四物消风饮,"It has the effects of dissipating wind-heat, clearing the head and eyes, and promoting eruption ."
S041,发热头痛、但不恶寒反口渴、春夏温病高发季、起病急骤、咽痛心烦,柴葛解肌汤,柴胡（Radix Bupleuri）,COC1=C(C=CC(=C1)C2=C(C(=O)C3=C(C=C(C=C3O2)O)O)O)O | COC1=C(C=C(C(=C1)C2=CC(=O)C3=C(C(=C(C=C3O2)OC)OC)O)O)O | C1[C@@H]([C@H]([C@H](O1)O)CC2=CC3=C(C=C2)OCO3)CC4=CC5=C(C=C4)OCO5 | CC1(CCCC23[C@@H]1[C@@H](C([C@]45[C@H]2CC[C@H](C4O)C(=C)C5=O)(OC3)O)O)C | C/C=C(\C)/C(=O)O[C@H]1[C@H](C(OC2=C1C3=C(C=C2)C=CC(=O)O3)(C)C)OC(=O)/C(=C/C)/C,升陷汤 | 宣郁通经汤 | 升阳益胃汤 | 完带汤 | 散偏汤 | 柴胡桂枝汤 | 柴胡桂枝干姜汤 | 佛手散 | 普济消毒饮子 | 羌活胜风汤 | 滋阴降火汤 | 定经汤 | 柴葛解肌汤 | 柴胡清肝汤 | 四物消风饮 | 滋水清肝饮 | 柴胡陷胸汤 | 会厌逐瘀汤,"It has the effects of dispersing and reducing fever, soothing the liver, and lifting yang."
S041,发热头痛、但不恶寒反口渴、春夏温病高发季、起病急骤、咽痛心烦,柴葛解肌汤,葛根（Radix Puerariae）,COC1=CC=C(C=C1)C2=COC3=C(C2=O)C=CC(=C3)O | CC[C@H](CC[C@@H](C)[C@H]1CC[C@@H]2[C@@]1(CC[C@H]3[C@H]2CC=C4[C@@]3(CC[C@@H](C4)O)C)C)C(C)C | COC1=C(C=CC(=C1)C2=COC3=C(C2=O)C=CC(=C3)O)O | C1=CC(=CC=C1C2=COC3=C(C2=O)C=CC(=C3)O[C@H]4[C@@H]([C@H]([C@@H]([C@H](O4)CO)O)O)O)O[C@H]5[C@@H]([C@H]([C@@H]([C@H](O5)CO)O)O)O,白术散 | 竹茹汤 | 升麻葛根汤 | 柴葛解肌汤,"It has the effects of stopping diarrhea, uplifting yang, releasing the exterior, promoting fluid production to quench thirst, and venting rashes."""
S041,发热头痛、但不恶寒反口渴、春夏温病高发季、起病急骤、咽痛心烦,柴葛解肌汤,赤芍（ Radix Paeoniae Rubra）,C1=C2C3=C(C(=C1O)O)OC(=O)C4=CC(=C(C(=C43)OC2=O)O)O | CC12CC3C4CC1(C4(C(=O)O3)COC(=O)C5=CC=CC=C5)OC6C(C(C(OC6O2)CO)O)O | CC[C@H](/C=C/[C@@H](C)[C@H]1CC[C@@H]2[C@@]1(CC[C@H]3C2=CC[C@@H]4[C@@]3(CC[C@@H](C4)O)C)C)C(C)C | C[C@]12C[C@@]3([C@@H]4C[C@]1([C@@]4([C@H](O2)O3)COC(=O)C5=CC=CC=C5)O[C@H]6[C@@H]([C@H]([C@@H]([C@H](O6)CO)O)O)O)O,牛蒡甘桔汤 | 柴葛解肌汤 | 柴胡清肝汤 | 四物消风饮 | 凉血四物汤 | 通窍活血汤 | 膈下逐瘀汤 | 会厌逐瘀汤,It has the effects of promoting blood circulation to remove blood stasis and clearing heat and cooling blood.
S041,发热头痛、但不恶寒反口渴、春夏温病高发季、起病急骤、咽痛心烦,柴葛解肌汤,甘草(licorice ),CC(=CCC1=C(C2=C(C=C1O)OC(=O)C3=C2OC4=C3C=CC(=C4)O)OC)C | CC1(C=CC2=C(O1)C=CC3=C2OC[C@@H]4[C@H]3OC5=C4C=CC(=C5)O)C | CC1(CCC2=C(O1)C=C3C(=C2OC)C=C(C(=O)O3)C4=C(C=C(C=C4)O)O)CO | CC1(C=CC2=C(O1)C=CC(=C2O)C3COC4=C(C3=O)C(=CC(=C4)O)OC)C | CC(=CCC1=C(C=CC2=C1OC(=O)C3=C2OC4=C3C=CC(=C4)O)O)C,苓桂术甘汤 | 温经汤 | 枇杷清肺饮 | 二冬汤 | 桃核承气汤 | 芍药甘草汤 | 半夏泻心汤 | 麦门冬汤 | 温胆汤 | 小续命汤 | 当归饮子 | 泻白散 | 清心莲子饮 | 羌活胜湿汤 | 清金化痰汤 | 金水六君煎 | 清肺汤 | 保元汤 | 半夏白术天麻汤 | 宣郁通经汤 | 异功散 | 泻黄散 | 白术散 | 消乳丸 | 人参五味子汤 | 清宁散 | 竹叶石膏汤 | 麻黄汤 | 当归四逆汤 | 桂枝芍药知母汤 | 当归建中汤 | 升阳益胃汤 | 厚朴温中汤 | 保阴煎 | 固阴煎 | 清骨散 | 达原饮 | 沙参麦冬汤 | 完带汤 | 身痛逐瘀汤 | 散偏汤 | 旋覆代赭汤 | 甘草泻心汤 | 黄连汤 | 橘皮竹茹汤 | 甘姜苓术汤 | 厚朴七物汤 | 温脾汤 | 竹茹汤 | 辛夷散 | 实脾散 | 甘露饮 | 华盖散 | 三痹汤 | 乌药汤 | 大秦艽汤 | 托里消毒散 | 清上蠲痛汤 | 养胃汤 | 石决明散 | 三甲复脉汤 | 蠲痹汤 | 四妙勇安汤 | 除湿胃苓汤 | 清燥救肺汤 | 凉血地黄汤 | 桂枝甘草汤 | 栀子柏皮汤 | 黄芩汤 | 茯苓桂枝甘 草大枣汤 | 柴胡桂枝汤 | 通脉四逆汤 | 桂枝加厚朴杏子汤 | 桂枝麻黄各半汤 | 柴胡桂枝干姜汤 | 桂枝人参汤 | 生姜泻心汤 | 白虎加人参汤 | 调胃承气汤 | 桔梗汤 | 防己黄芪汤 | 苓甘五味姜辛汤 | 防己茯苓汤 | 越婢汤 | 麻黄杏仁薏苡甘草汤 | 瓜蒌桂枝汤 | 生姜甘草汤 | 苏子降气汤 | 香苏散 | 升麻葛根汤 | 平胃散 | 六和汤 | 五虎汤 | 芍药汤 | 门冬清肺饮 | 普济消毒饮子 | 羌活胜风汤 | 牛蒡甘桔汤 | 大补元煎 | 左归饮 | 举元煎 | 茜根散 | 泰山磐石散 | 滋阴降火汤 | 清胃汤 | 调肝汤 | 柴葛解肌汤 | 茵陈术附汤 | 阳和汤 | 柴胡清肝汤 | 地黄饮 | 凉血四物汤 | 膈下逐瘀汤 | 会厌逐瘀汤,"It has the effects of tonifying the spleen and replenishing qi, clearing heat and detoxifying, dispelling phlegm and stopping cough, relieving spasm and alleviating pain, as well as harmonizing the actions of other herbs."
S041,发热头痛、但不恶寒反口渴、春夏温病高发季、起病急骤、咽痛心烦,柴葛解肌汤,黄芩(Scutellariae Radix),COC1=CC=CC(=C1C2=CC(=O)C3=C(C(=C(C(=C3O2)OC)OC)OC)O)O | COC1=C(C2=C(C(=C1)O)C(=O)C=C(O2)C3=CC=CC=C3O)OC | COC1=C(C=C(C2=C1OC(=CC2=O)C3=CC=C(C=C3)O)O)O,二冬汤 | 半夏泻心汤 | 小续命汤 | 清心莲子饮 | 清金化痰汤 | 清肺汤 | 宣郁通经汤 | 当归六黄汤 | 保阴煎 | 达原饮 | 甘草泻心汤 | 甘露饮 | 大秦艽汤 | 桑白皮汤 | 清上蠲痛汤 | 凉血地黄汤 | 黄芩汤 | 附子泻心汤 | 柴胡桂枝汤 | 柴胡桂枝干姜汤 | 生姜泻心汤 | 当归散 | 泻心汤 | 芍药汤 | 普济消毒饮子 | 羌活胜风汤 | 茜根散 | 泰山磐石散 | 滋阴降火汤 | 清胃汤 | 柴葛解肌汤 | 柴胡清肝汤 | 凉血四物汤 | 柴胡陷胸汤,"It has the effects of clearing heat and drying dampness, purging fire and detoxifying, stopping bleeding, and preventing miscarriage."
S041,发热头痛、但不恶寒反口渴、春夏温病高发季、起病急骤、咽痛心烦,柴葛解肌汤,知母（Anemarrhenae Rhizoma）,CC(=O)OC[C@H](CC1=CC=CC=C1)NC(=O)[C@@H](CC2=CC=CC=C2)NC(=O)C3=CC=CC=C3 | CN1CCC2=C[C@@H]([C@@H]3[C@H]([C@@H]21)C4=CC5=C(C=C4C(=O)O3)OCO5)O | COC1=C(C=CC(=C1)/C=C\C(=O)NCCC2=CC=C(C=C2)O)O | C[C@@H]1CC[C@@]2([C@H]([C@H]3[C@@H](O2)C[C@@H]4[C@@]3(CC[C@H]5[C@H]4CC=C6[C@@]5(CC[C@@H](C6)O)C)C)C)OC1 | C1=CC(=CC=C1CCNC(=O)/C=C\C2=CC=C(C=C2)O)O,升陷汤 | 二冬汤 | 清金化痰汤 | 桂枝芍药知母汤 | 玉女煎 | 清骨散 | 达原饮 | 白虎加人参汤 | 滋阴降火汤 | 柴葛解肌汤 | 理冲汤,"It has the effects of clearing heat and purging fire, promoting fluid production and moistening dryness."
S041,发热头痛、但不恶寒反口渴、春夏温病高发季、起病急骤、咽痛心烦,柴葛解肌汤,浙贝母（Fritillariae Thunbrgii Bulbus）,C1=CC(=CC=C1C2=[O+]C3=CC(=CC(=C3C=C2O)O)O)O.[Cl-] | CC[C@H](CC[C@@H](C)[C@H]1CC[C@@H]2[C@@]1(CC[C@H]3[C@H]2CC=C4[C@@]3(CC[C@@H](C4)O)C)C)C(C)C | C[C@H]1C[C@@H]2[C@H]([C@H]([C@]3(O2)CC[C@H]4[C@@H]5CC(=O)[C@H]6C[C@H](CC[C@@]6([C@H]5CC4=C3C)C)O)C)NC1 | COC1=CC(=CC(=C1O)OC)[C@@H]2[C@H]3COC(=O)[C@H]3CO2 | C[C@@H]1CC[C@H]2[C@@H](C3=C(CN2C1)[C@@H]4C[C@H]5[C@H]([C@@H]4CC3)C[C@H]([C@@H]6[C@@]5(CC[C@H](C6)O)C)O)C,清金化痰汤 | 清肺汤 | 化肝煎 | 桑白皮汤 | 柴葛解肌汤 | 消瘰丸,"It has the effects of clearing heat to transform phlegm, relieving stagnation to dissipate nodules."
S041,发热头痛、但不恶寒反口渴、春夏温病高发季、起病急骤、咽痛心烦,柴葛解肌汤,地黄(Rehmanniae Radix Praeparata),CCCCC/C=C\C/C=C\CCCCCCCC(=O)O | CC[C@H](CC[C@@H](C)[C@H]1CC[C@@H]2[C@@]1(CC[C@H]3[C@H]2CC=C4[C@@]3(CC[C@H](C4)O)C)C)C(C)C | CO[C@@H]1CC2C([C@H](O1)OC)C3(C(C2O)O3)CO | C[C@@H]1[C@H]([C@H]([C@H]([C@@H](O1)OC[C@@H]2[C@H]([C@@H]([C@H]([C@@H](O2)O[C@H]3[C@H]4[C@H](CCC4=C)C(=CO3)C(=O)OC)O)O)O)O)O)O | CC[C@H](/C=C/[C@@H](C)[C@H]1CC[C@@H]2[C@@]1(CC[C@H]3[C@H]2CC=C4[C@@]3(CC[C@@H](C4)O)C)C)C(C)C,一贯煎 | 桃红四物汤 | 当归饮子 | 百合地黄汤 | 当归六黄汤 | 保阴煎 | 甘露饮 | 三痹汤 | 清胃散 | 圣愈汤 | 大秦艽汤 | 三甲复脉汤 | 益胃汤 | 清肝止淋汤 | 黄连膏 | 凉血地黄汤 | 驻景丸 | 茜根散 | 滋阴降火汤 | 柴葛解肌汤 | 柴胡清肝汤 | 四物消风饮 | 地黄饮 | 凉血四物汤 | 增液承气汤 | 会厌逐瘀汤,"It has the effects of tonifying essence and replenishing marrow, nourishing blood, and supplementing yin."
S041,发热头痛、但不恶寒反口渴、春夏温病高发季、起病急骤、咽痛心烦,柴葛解肌汤,牡丹皮（Cortex Moutan）,C[C@]12C[C@@]3([C@@H]4C[C@]1([C@@]4([C@H](O2)O3)COC(=O)C5=CC=CC=C5)O[C@H]6[C@@H]([C@H]([C@@H]([C@H](O6)CO)O)O)O)O | CC(=C)[C@@H]1CC[C@]2([C@H]1[C@H]3CC[C@@H]4[C@]5(CC[C@@H](C([C@@H]5CC[C@]4([C@@]3(CC2)C)C)(C)C)O)C)C(=O)O | C1[C@@H]([C@H](OC2=CC(=CC(=C21)O)O)C3=CC(=C(C=C3)O)O)O | C1=CC(=C(C=C1C2=C(C(=O)C3=C(C=C(C=C3O2)O)O)O)O)O,温经汤 | 宣郁通经汤 | 化肝煎 | 清胃散 | 清经散 | 清肝止淋汤 | 柴葛解肌汤 | 地黄饮 | 滋水清肝饮 | 膈下逐瘀汤,"It has the effects of clearing heat and cooling blood, activating blood circulation and dissipating blood stasis."
S042,急躁易怒、面红目赤、口苦咽干、头痛胁痛、或发疮疡,柴胡清肝汤,柴胡（Radix Bupleuri）,COC1=C(C=CC(=C1)C2=C(C(=O)C3=C(C=C(C=C3O2)O)O)O)O | COC1=C(C=C(C(=C1)C2=CC(=O)C3=C(C(=C(C=C3O2)OC)OC)O)O)O | C1[C@@H]([C@H]([C@H](O1)O)CC2=CC3=C(C=C2)OCO3)CC4=CC5=C(C=C4)OCO5 | CC1(CCCC23[C@@H]1[C@@H](C([C@]45[C@H]2CC[C@H](C4O)C(=C)C5=O)(OC3)O)O)C | C/C=C(\C)/C(=O)O[C@H]1[C@H](C(OC2=C1C3=C(C=C2)C=CC(=O)O3)(C)C)OC(=O)/C(=C/C)/C,升陷汤 | 宣郁通经汤 | 升阳益胃汤 | 完带汤 | 散偏汤 | 柴胡桂枝汤 | 柴胡桂枝干姜汤 | 佛手散 | 普济消毒饮子 | 羌活胜风汤 | 滋阴降火汤 | 定经汤 | 柴葛解肌汤 | 柴胡清肝汤 | 四物消风饮 | 滋水清肝饮 | 柴胡陷胸汤 | 会厌逐瘀汤,"It has the effects of dispersing and reducing fever, soothing the liver, and lifting yang."
S042,急躁易怒、面红目赤、口苦咽干、头痛胁痛、或发疮疡,柴胡清肝汤,地黄(Rehmanniae Radix Praeparata),CCCCC/C=C\C/C=C\CCCCCCCC(=O)O | CC[C@H](CC[C@@H](C)[C@H]1CC[C@@H]2[C@@]1(CC[C@H]3[C@H]2CC=C4[C@@]3(CC[C@H](C4)O)C)C)C(C)C | CO[C@@H]1CC2C([C@H](O1)OC)C3(C(C2O)O3)CO | C[C@@H]1[C@H]([C@H]([C@H]([C@@H](O1)OC[C@@H]2[C@H]([C@@H]([C@H]([C@@H](O2)O[C@H]3[C@H]4[C@H](CCC4=C)C(=CO3)C(=O)OC)O)O)O)O)O)O | CC[C@H](/C=C/[C@@H](C)[C@H]1CC[C@@H]2[C@@]1(CC[C@H]3[C@H]2CC=C4[C@@]3(CC[C@@H](C4)O)C)C)C(C)C,一贯煎 | 桃红四物汤 | 当归饮子 | 百合地黄汤 | 当归六黄汤 | 保阴煎 | 甘露饮 | 三痹汤 | 清胃散 | 圣愈汤 | 大秦艽汤 | 三甲复脉汤 | 益胃汤 | 清肝止淋汤 | 黄连膏 | 凉血地黄汤 | 驻景丸 | 茜根散 | 滋阴降火汤 | 柴葛解肌汤 | 柴胡清肝汤 | 四物消风饮 | 地黄饮 | 凉血四物汤 | 增液承气汤 | 会厌逐瘀汤,"It has the effects of tonifying essence and replenishing marrow, nourishing blood, and supplementing yin."
S042,急躁易怒、面红目赤、口苦咽干、头痛胁痛、或发疮疡,柴胡清肝汤,当归(Angelicae Sinensis Radix),CC1=CC[C@@]2(CCCC([C@]23[C@H]1C3)(C)C)C | CC[C@H](CC[C@@H](C)[C@H]1CC[C@@H]2[C@@]1(CC[C@H]3[C@H]2CC=C4[C@@]3(CC[C@@H](C4)O)C)C)C(C)C | CC[C@H](/C=C/[C@@H](C)[C@H]1CC[C@@H]2[C@@]1(CC[C@H]3[C@H]2CC=C4[C@@]3(CC[C@@H](C4)O)C)C)C(C)C | C[C@@H]1CC[C@@H]2[C@]13CC=C([C@H](C3)C2(C)C)C | C1=CC=C(C=C1)C2=CC(=S)C=C(S2)C3=CC=CC=C3,温经汤 | 一贯煎 | 桃红四物汤 | 当归饮子 | 当归补血汤 | 金水六君煎 | 济川煎 | 清肺汤 | 宣郁通经汤 | 当归四逆汤 | 当归建中汤 | 当归六黄汤 | 身痛逐瘀汤 | 三痹汤 | 清胃散 | 圣愈汤 | 乌药汤 | 大秦艽汤 | 暖肝煎 | 托里消毒散 | 清上蠲痛汤 | 蠲痹汤 | 清肝止淋汤 | 四妙勇安汤 | 黄连膏 | 凉血地黄汤 | 当归散 | 温脾丸 | 苏子降气汤 | 佛手散 | 芍药汤 | 门冬清肺饮 | 大补元煎 | 泰山磐石散 | 滋阴降火汤 | 清胃汤 | 解郁汤 | 固本止崩汤 | 养精种玉汤 | 定经汤 | 调肝汤 | 柴胡清肝汤 | 四物消风饮 | 地黄饮 | 凉血四物汤 | 滋水清肝饮 | 膈下逐瘀汤 | 会厌逐瘀汤 | 补肾活血汤 | 活络效灵丹,"It has the effects of nourishing blood, promoting blood circulation, regulating menstruation, relieving pain, and moistening intestines to relieve constipation."
S042,急躁易怒、面红目赤、口苦咽干、头痛胁痛、或发疮疡,柴胡清肝汤,赤芍（ Radix Paeoniae Rubra）,C1=C2C3=C(C(=C1O)O)OC(=O)C4=CC(=C(C(=C43)OC2=O)O)O | CC12CC3C4CC1(C4(C(=O)O3)COC(=O)C5=CC=CC=C5)OC6C(C(C(OC6O2)CO)O)O | CC[C@H](/C=C/[C@@H](C)[C@H]1CC[C@@H]2[C@@]1(CC[C@H]3C2=CC[C@@H]4[C@@]3(CC[C@@H](C4)O)C)C)C(C)C | C[C@]12C[C@@]3([C@@H]4C[C@]1([C@@]4([C@H](O2)O3)COC(=O)C5=CC=CC=C5)O[C@H]6[C@@H]([C@H]([C@@H]([C@H](O6)CO)O)O)O)O,牛蒡甘桔汤 | 柴葛解肌汤 | 柴胡清肝汤 | 四物消风饮 | 凉血四物汤 | 通窍活血汤 | 膈下逐瘀汤 | 会厌逐瘀汤,It has the effects of promoting blood circulation to remove blood stasis and clearing heat and cooling blood.
S042,急躁易怒、面红目赤、口苦咽干、头痛胁痛、或发疮疡,柴胡清肝汤,牛蒡子（Fructus Arctii）,COC1=C(C=C(C=C1)C[C@H]2COC(=O)[C@@H]2CC3=CC(=C(C=C3)OC4=C(C=C(C=C4)C[C@H]5COC(=O)[C@@H]5CC6=CC(=C(C(=C6)OC)O)OC)OC)OC)OC | COC1=C(C=C(C=C1)C[C@H]2COC(=O)[C@@H]2CC3=CC(=C(C=C3)O[C@H]4[C@@H]([C@H]([C@@H]([C@H](O4)CO)O)O)O)OC)OC | CC[C@H](CC[C@@H](C)[C@H]1CC[C@@H]2[C@@]1(CC[C@H]3[C@H]2CC=C4[C@@]3(CC[C@@H](C4)O)C)C)C(C)C | C1=CC(=CC=C1C2=C(C(=O)C3=C(C=C(C=C3O2)O)O)O)O | CC1=C(C(CCC1)(C)C)/C=C/C(=C/C=C/C(=C/C=C/C=C(/C=C/C=C(/C=C/C2=C(CCCC2(C)C)C)\C)\C)/C)/C,普济消毒饮子 | 牛蒡甘桔汤 | 柴胡清肝汤,"It has the effects of reducing swelling and toxic nodules, resolving stagnation, dispelling wind-heat, benefiting the throat, ventilating the lung, and promoting the eruption of rashes."
S042,急躁易怒、面红目赤、口苦咽干、头痛胁痛、或发疮疡,柴胡清肝汤,川芎(Chuanxiong Rhizoma),CCCCC/C=C\C/C=C\CCCCCCCC(=O)OCC | C1=CC=C2C(=C1)C3=C(N2)C(=NC=C3)C4=CC=C(O4)CO | CC1=CC(=O)C=C(C1=O)C/C=C(\C)/CC/C=C(\C)/CCC=C(C)C | C1=CC(=CC=C1C(=O)N[C@@H](CCC(=O)O)C(=O)O)NCC2=CN=C3C(=N2)C(=O)NC(=N3)N | COC1=C2C=C(CCCCC(=O)CCC3=CC2=C(C=C3)O)C(=C1OC)O,温经汤 | 桃红四物汤 | 小续命汤 | 当归饮子 | 羌活胜湿汤 | 身痛逐瘀汤 | 散偏汤 | 辛夷散 | 三痹汤 | 圣愈汤 | 大秦艽汤 | 托里消毒散 | 清上蠲痛汤 | 蠲痹汤 | 当归散 | 佛手散 | 羌活胜风汤 | 牛蒡甘桔汤 | 泰山磐石散 | 滋阴降火汤 | 柴胡清肝汤 | 四物消风饮 | 凉血四物汤 | 通窍活血汤 | 膈下逐瘀汤,"It has the effects of activating blood circulation, promoting qi movement, dispelling wind, and relieving pain."
S042,急躁易怒、面红目赤、口苦咽干、头痛胁痛、或发疮疡,柴胡清肝汤,连翘（Forsythiae Fructus）,COC1=C(C=C(C=C1)C[C@H]2COC(=O)[C@@H]2CC3=CC(=C(C=C3)OC)OC)OC | COC1=C(C=C(C=C1)[C@@H]2[C@H]3CO[C@@H]([C@H]3CO2)C4=CC(=C(C=C4)O)OC)OC | COC1=C(C=C(C=C1)[C@H]2[C@H]3CO[C@@H]([C@H]3CO2)C4=CC(=C(C=C4)O)OC)OC | CN1CCC2=CC3=C(C=C2[C@H]1[C@H]4C5=C(C6=C(C=C5)OCO6)C(=O)O4)OCO3,新加香薷饮 | 普济消毒饮子 | 清胃汤 | 柴胡清肝汤 | 宣痹汤,"It has the effects of clearing heat and detoxifying, reducing swelling and dissipating nodules"
S042,急躁易怒、面红目赤、口苦咽干、头痛胁痛、或发疮疡,柴胡清肝汤,黄芩(Scutellariae Radix),COC1=CC=CC(=C1C2=CC(=O)C3=C(C(=C(C(=C3O2)OC)OC)OC)O)O | COC1=C(C2=C(C(=C1)O)C(=O)C=C(O2)C3=CC=CC=C3O)OC | COC1=C(C=C(C2=C1OC(=CC2=O)C3=CC=C(C=C3)O)O)O,二冬汤 | 半夏泻心汤 | 小续命汤 | 清心莲子饮 | 清金化痰汤 | 清肺汤 | 宣郁通经汤 | 当归六黄汤 | 保阴煎 | 达原饮 | 甘草泻心汤 | 甘露饮 | 大秦艽汤 | 桑白皮汤 | 清上蠲痛汤 | 凉血地黄汤 | 黄芩汤 | 附子泻心汤 | 柴胡桂枝汤 | 柴胡桂枝干姜汤 | 生姜泻心汤 | 当归散 | 泻心汤 | 芍药汤 | 普济消毒饮子 | 羌活胜风汤 | 茜根散 | 泰山磐石散 | 滋阴降火汤 | 清胃汤 | 柴葛解肌汤 | 柴胡清肝汤 | 凉血四物汤 | 柴胡陷胸汤,"It has the effects of clearing heat and drying dampness, purging fire and detoxifying, stopping bleeding, and preventing miscarriage."
S042,急躁易怒、面红目赤、口苦咽干、头痛胁痛、或发疮疡,柴胡清肝汤,栀子（Gardeniae Fructus）,CC[C@H](/C=C/[C@@H](C)[C@H]1CC[C@@H]2[C@@]1(CC[C@H]3[C@H]2CC=C4[C@@]3(CC[C@@H](C4)O)C)C)C(C)C | C1=CC(=C(C=C1C2=C(C(=O)C3=C(C=C(C=C3O2)O)O)O)O)O | COC1=CC(=C2C(=C1)OC(=CC2=O)C3=CC(=C(C(=C3)OC)OC)OC)O,清金化痰汤 | 清肺汤 | 宣郁通经汤 | 泻黄散 | 化肝煎 | 桑白皮汤 | 除湿胃苓汤 | 茵陈蒿汤 | 栀子柏皮汤 | 栀子豉汤 | 栀子大黄汤 | 清胃汤 | 解郁汤 | 柴胡清肝汤 | 滋水清肝饮 | 宣痹汤,"It has the effects of purging fire to relieve vexation, clearing heat to promote diuresis, and cooling blood to detoxify."
S042,急躁易怒、面红目赤、口苦咽干、头痛胁痛、或发疮疡,柴胡清肝汤,天花粉(Trichosanthis Radix),CC[C@H](/C=C/[C@@H](C)[C@H]1CC[C@@H]2[C@@]1(CC[C@H]3C2=CC[C@@H]4[C@@]3(CC[C@@H](C4)O)C)C)C(C)C | CC[C@H](CC[C@@H](C)[C@H]1CC[C@@H]2[C@@]1(CC[C@H]3C2=CC[C@@H]4[C@@]3(CC[C@@H](C4)O)C)C)C(C)C,二冬汤 | 沙参麦冬汤 | 凉血地黄汤 | 牛蒡甘桔汤 | 柴胡清肝汤 | 理冲汤,"It has the effects of clearing heat to generate fluids, reducing swelling and draining pus."
S042,急躁易怒、面红目赤、口苦咽干、头痛胁痛、或发疮疡,柴胡清肝汤,甘草(licorice ),CC(=CCC1=C(C2=C(C=C1O)OC(=O)C3=C2OC4=C3C=CC(=C4)O)OC)C | CC1(C=CC2=C(O1)C=CC3=C2OC[C@@H]4[C@H]3OC5=C4C=CC(=C5)O)C | CC1(CCC2=C(O1)C=C3C(=C2OC)C=C(C(=O)O3)C4=C(C=C(C=C4)O)O)CO | CC1(C=CC2=C(O1)C=CC(=C2O)C3COC4=C(C3=O)C(=CC(=C4)O)OC)C | CC(=CCC1=C(C=CC2=C1OC(=O)C3=C2OC4=C3C=CC(=C4)O)O)C,苓桂术甘汤 | 温经汤 | 枇杷清肺饮 | 二冬汤 | 桃核承气汤 | 芍药甘草汤 | 半夏泻心汤 | 麦门冬汤 | 温胆汤 | 小续命汤 | 当归饮子 | 泻白散 | 清心莲子饮 | 羌活胜湿汤 | 清金化痰汤 | 金水六君煎 | 清肺汤 | 保元汤 | 半夏白术天麻汤 | 宣郁通经汤 | 异功散 | 泻黄散 | 白术散 | 消乳丸 | 人参五味子汤 | 清宁散 | 竹叶石膏汤 | 麻黄汤 | 当归四逆汤 | 桂枝芍药知母汤 | 当归建中汤 | 升阳益胃汤 | 厚朴温中汤 | 保阴煎 | 固阴煎 | 清骨散 | 达原饮 | 沙参麦冬汤 | 完带汤 | 身痛逐瘀汤 | 散偏汤 | 旋覆代赭汤 | 甘草泻心汤 | 黄连汤 | 橘皮竹茹汤 | 甘姜苓术汤 | 厚朴七物汤 | 温脾汤 | 竹茹汤 | 辛夷散 | 实脾散 | 甘露饮 | 华盖散 | 三痹汤 | 乌药汤 | 大秦艽汤 | 托里消毒散 | 清上蠲痛汤 | 养胃汤 | 石决明散 | 三甲复脉汤 | 蠲痹汤 | 四妙勇安汤 | 除湿胃苓汤 | 清燥救肺汤 | 凉血地黄汤 | 桂枝甘草汤 | 栀子柏皮汤 | 黄芩汤 | 茯苓桂枝甘 草大枣汤 | 柴胡桂枝汤 | 通脉四逆汤 | 桂枝加厚朴杏子汤 | 桂枝麻黄各半汤 | 柴胡桂枝干姜汤 | 桂枝人参汤 | 生姜泻心汤 | 白虎加人参汤 | 调胃承气汤 | 桔梗汤 | 防己黄芪汤 | 苓甘五味姜辛汤 | 防己茯苓汤 | 越婢汤 | 麻黄杏仁薏苡甘草汤 | 瓜蒌桂枝汤 | 生姜甘草汤 | 苏子降气汤 | 香苏散 | 升麻葛根汤 | 平胃散 | 六和汤 | 五虎汤 | 芍药汤 | 门冬清肺饮 | 普济消毒饮子 | 羌活胜风汤 | 牛蒡甘桔汤 | 大补元煎 | 左归饮 | 举元煎 | 茜根散 | 泰山磐石散 | 滋阴降火汤 | 清胃汤 | 调肝汤 | 柴葛解肌汤 | 茵陈术附汤 | 阳和汤 | 柴胡清肝汤 | 地黄饮 | 凉血四物汤 | 膈下逐瘀汤 | 会厌逐瘀汤,"It has the effects of tonifying the spleen and replenishing qi, clearing heat and detoxifying, dispelling phlegm and stopping cough, relieving spasm and alleviating pain, as well as harmonizing the actions of other herbs."
S042,急躁易怒、面红目赤、口苦咽干、头痛胁痛、或发疮疡,柴胡清肝汤,防风（Saposhnikoviae Radix）,COC1=C(C=CC(=C1)[C@@H]2[C@H](OC3=C4C(=CC(=C3O2)OC)C=CC(=O)O4)CO)O | C/C=C(\C)/C(=O)O[C@H]1[C@@H](C(OC2=C1C3=C(C=C2)C=CC(=O)O3)(C)C)OC(=O)/C(=C/C)/C | C/C=C(/C)\C(=O)O[C@H]1CC2=C(C=C3C(=C2O)C(=O)C=C(O3)CO)OC1(C)C | CC[C@H](CC[C@@H](C)[C@H]1CC[C@@H]2[C@@]1(CC[C@H]3[C@H]2CC=C4[C@@]3(CC[C@H](C4)O)C)C)C(C)C | CC[C@H](CC[C@@H](C)[C@H]1CC[C@@H]2[C@@]1(CC[C@H]3[C@H]2CC=C4[C@@]3(CC[C@@H](C4)O)C)C)C(C)C,小续命汤 | 当归饮子 | 羌活胜湿汤 | 泻黄散 | 桂枝芍药知母汤 | 升阳益胃汤 | 辛夷散 | 三痹汤 | 大秦艽汤 | 清上蠲痛汤 | 除湿胃苓汤 | 延年薯蓣酒 | 羌活胜风汤 | 清胃汤 | 柴胡清肝汤 | 四物消风饮,"It has the effects of releasing the exterior and dispelling wind, overcoming dampness, and stopping convulsions."
S043,皮肤干燥脱屑、瘙痒无度、抓痕血痂、疹色偏红、遇热加重,四物消风饮,地黄(Rehmanniae Radix Praeparata),CCCCC/C=C\C/C=C\CCCCCCCC(=O)O | CC[C@H](CC[C@@H](C)[C@H]1CC[C@@H]2[C@@]1(CC[C@H]3[C@H]2CC=C4[C@@]3(CC[C@H](C4)O)C)C)C(C)C | CO[C@@H]1CC2C([C@H](O1)OC)C3(C(C2O)O3)CO | C[C@@H]1[C@H]([C@H]([C@H]([C@@H](O1)OC[C@@H]2[C@H]([C@@H]([C@H]([C@@H](O2)O[C@H]3[C@H]4[C@H](CCC4=C)C(=CO3)C(=O)OC)O)O)O)O)O)O | CC[C@H](/C=C/[C@@H](C)[C@H]1CC[C@@H]2[C@@]1(CC[C@H]3[C@H]2CC=C4[C@@]3(CC[C@@H](C4)O)C)C)C(C)C,一贯煎 | 桃红四物汤 | 当归饮子 | 百合地黄汤 | 当归六黄汤 | 保阴煎 | 甘露饮 | 三痹汤 | 清胃散 | 圣愈汤 | 大秦艽汤 | 三甲复脉汤 | 益胃汤 | 清肝止淋汤 | 黄连膏 | 凉血地黄汤 | 驻景丸 | 茜根散 | 滋阴降火汤 | 柴葛解肌汤 | 柴胡清肝汤 | 四物消风饮 | 地黄饮 | 凉血四物汤 | 增液承气汤 | 会厌逐瘀汤,"It has the effects of tonifying essence and replenishing marrow, nourishing blood, and supplementing yin."
S043,皮肤干燥脱屑、瘙痒无度、抓痕血痂、疹色偏红、遇热加重,四物消风饮,当归(Angelicae Sinensis Radix),CC1=CC[C@@]2(CCCC([C@]23[C@H]1C3)(C)C)C | CC[C@H](CC[C@@H](C)[C@H]1CC[C@@H]2[C@@]1(CC[C@H]3[C@H]2CC=C4[C@@]3(CC[C@@H](C4)O)C)C)C(C)C | CC[C@H](/C=C/[C@@H](C)[C@H]1CC[C@@H]2[C@@]1(CC[C@H]3[C@H]2CC=C4[C@@]3(CC[C@@H](C4)O)C)C)C(C)C | C[C@@H]1CC[C@@H]2[C@]13CC=C([C@H](C3)C2(C)C)C | C1=CC=C(C=C1)C2=CC(=S)C=C(S2)C3=CC=CC=C3,温经汤 | 一贯煎 | 桃红四物汤 | 当归饮子 | 当归补血汤 | 金水六君煎 | 济川煎 | 清肺汤 | 宣郁通经汤 | 当归四逆汤 | 当归建中汤 | 当归六黄汤 | 身痛逐瘀汤 | 三痹汤 | 清胃散 | 圣愈汤 | 乌药汤 | 大秦艽汤 | 暖肝煎 | 托里消毒散 | 清上蠲痛汤 | 蠲痹汤 | 清肝止淋汤 | 四妙勇安汤 | 黄连膏 | 凉血地黄汤 | 当归散 | 温脾丸 | 苏子降气汤 | 佛手散 | 芍药汤 | 门冬清肺饮 | 大补元煎 | 泰山磐石散 | 滋阴降火汤 | 清胃汤 | 解郁汤 | 固本止崩汤 | 养精种玉汤 | 定经汤 | 调肝汤 | 柴胡清肝汤 | 四物消风饮 | 地黄饮 | 凉血四物汤 | 滋水清肝饮 | 膈下逐瘀汤 | 会厌逐瘀汤 | 补肾活血汤 | 活络效灵丹,"It has the effects of nourishing blood, promoting blood circulation, regulating menstruation, relieving pain, and moistening intestines to relieve constipation."
S043,皮肤干燥脱屑、瘙痒无度、抓痕血痂、疹色偏红、遇热加重,四物消风饮,荆芥穗（Schizonepetae Spica）,CC(=CCC/C(=C/CC/C(=C/CC/C=C(\C)/CC/C=C(/C)\CCC=C(C)C)/C)/C)C | CC[C@H](CC[C@@H](C)[C@H]1CC[C@@H]2[C@@]1(CC[C@H]3[C@H]2CC=C4[C@@]3(CC[C@H](C4)O)C)C)C(C)C | CC[C@H](/C=C/[C@@H](C)[C@H]1CC[C@@H]2[C@@]1(CC[C@H]3[C@H]2CC=C4[C@@]3(CC[C@@H](C4)O)C)C)C(C)C | COC1=CC=C(C=C1)C2=CC(=O)C3=C(O2)C=C(C(=C3O)OC)O,当归饮子 | 槐花散 | 凉血地黄汤 | 羌活胜风汤 | 清胃汤 | 定经汤 | 四物消风饮,"It has the effects of dispersing wind-cold, promoting eruption to relieve itching, and stopping bleeding."
S043,皮肤干燥脱屑、瘙痒无度、抓痕血痂、疹色偏红、遇热加重,四物消风饮,防风（Saposhnikoviae Radix）,COC1=C(C=CC(=C1)[C@@H]2[C@H](OC3=C4C(=CC(=C3O2)OC)C=CC(=O)O4)CO)O | C/C=C(\C)/C(=O)O[C@H]1[C@@H](C(OC2=C1C3=C(C=C2)C=CC(=O)O3)(C)C)OC(=O)/C(=C/C)/C | C/C=C(/C)\C(=O)O[C@H]1CC2=C(C=C3C(=C2O)C(=O)C=C(O3)CO)OC1(C)C | CC[C@H](CC[C@@H](C)[C@H]1CC[C@@H]2[C@@]1(CC[C@H]3[C@H]2CC=C4[C@@]3(CC[C@H](C4)O)C)C)C(C)C | CC[C@H](CC[C@@H](C)[C@H]1CC[C@@H]2[C@@]1(CC[C@H]3[C@H]2CC=C4[C@@]3(CC[C@@H](C4)O)C)C)C(C)C,小续命汤 | 当归饮子 | 羌活胜湿汤 | 泻黄散 | 桂枝芍药知母汤 | 升阳益胃汤 | 辛夷散 | 三痹汤 | 大秦艽汤 | 清上蠲痛汤 | 除湿胃苓汤 | 延年薯蓣酒 | 羌活胜风汤 | 清胃汤 | 柴胡清肝汤 | 四物消风饮,"It has the effects of releasing the exterior and dispelling wind, overcoming dampness, and stopping convulsions."
S043,皮肤干燥脱屑、瘙痒无度、抓痕血痂、疹色偏红、遇热加重,四物消风饮,赤芍（ Radix Paeoniae Rubra）,C1=C2C3=C(C(=C1O)O)OC(=O)C4=CC(=C(C(=C43)OC2=O)O)O | CC12CC3C4CC1(C4(C(=O)O3)COC(=O)C5=CC=CC=C5)OC6C(C(C(OC6O2)CO)O)O | CC[C@H](/C=C/[C@@H](C)[C@H]1CC[C@@H]2[C@@]1(CC[C@H]3C2=CC[C@@H]4[C@@]3(CC[C@@H](C4)O)C)C)C(C)C | C[C@]12C[C@@]3([C@@H]4C[C@]1([C@@]4([C@H](O2)O3)COC(=O)C5=CC=CC=C5)O[C@H]6[C@@H]([C@H]([C@@H]([C@H](O6)CO)O)O)O)O,牛蒡甘桔汤 | 柴葛解肌汤 | 柴胡清肝汤 | 四物消风饮 | 凉血四物汤 | 通窍活血汤 | 膈下逐瘀汤 | 会厌逐瘀汤,It has the effects of promoting blood circulation to remove blood stasis and clearing heat and cooling blood.
S043,皮肤干燥脱屑、瘙痒无度、抓痕血痂、疹色偏红、遇热加重,四物消风饮,川芎(Chuanxiong Rhizoma),CCCCC/C=C\C/C=C\CCCCCCCC(=O)OCC | C1=CC=C2C(=C1)C3=C(N2)C(=NC=C3)C4=CC=C(O4)CO | CC1=CC(=O)C=C(C1=O)C/C=C(\C)/CC/C=C(\C)/CCC=C(C)C | C1=CC(=CC=C1C(=O)N[C@@H](CCC(=O)O)C(=O)O)NCC2=CN=C3C(=N2)C(=O)NC(=N3)N | COC1=C2C=C(CCCCC(=O)CCC3=CC2=C(C=C3)O)C(=C1OC)O,温经汤 | 桃红四物汤 | 小续命汤 | 当归饮子 | 羌活胜湿汤 | 身痛逐瘀汤 | 散偏汤 | 辛夷散 | 三痹汤 | 圣愈汤 | 大秦艽汤 | 托里消毒散 | 清上蠲痛汤 | 蠲痹汤 | 当归散 | 佛手散 | 羌活胜风汤 | 牛蒡甘桔汤 | 泰山磐石散 | 滋阴降火汤 | 柴胡清肝汤 | 四物消风饮 | 凉血四物汤 | 通窍活血汤 | 膈下逐瘀汤,"It has the effects of activating blood circulation, promoting qi movement, dispelling wind, and relieving pain."
S043,皮肤干燥脱屑、瘙痒无度、抓痕血痂、疹色偏红、遇热加重,四物消风饮,白鲜皮（Dictamni Cortex）,COC1=C(C=C(C2=C1OC(=CC2=O)C3=CC=CC=C3)O)O | CC[C@H](CC[C@@H](C)[C@H]1CC[C@@H]2[C@@]1(CC[C@H]3[C@H]2CC=C4[C@@]3(CC[C@@H](C4)O)C)C)C(C)C | C1=CC(=C(C=C1C2=CC(=O)C3=C(C=C(C=C3O2)O)O)O)O | C1=CC(=C(C=C1C2=C(C(=O)C3=C(C=C(C=C3O2)O)O)O)O)O,四物消风饮,"It has the effects of clearing heat and drying dampness, dispelling wind and relieving itching, and detoxifying."
S043,皮肤干燥脱屑、瘙痒无度、抓痕血痂、疹色偏红、遇热加重,四物消风饮,蝉蜕（Cicadae Periostracum）,CC(=O)N/C=C/C1=CC2=C(C=C1)O[C@@H]([C@H](O2)C3=CC(=C(C=C3)O)O)NC(=O)C | CC(=O)NCCC1=CC2=C(C=C1)O[C@@H]([C@H](O2)NC(=O)C)C3=CC(=C(C=C3)O)O | CC(=O)NCCC1=CC2=C(C=C1)O[C@@H]([C@H](O2)C3=CC(=C(C=C3)O)O)NC(=O)C,四物消风饮 | 升降散,"It has the effects of improving eyesight, removing nebula, dispersing wind-heat, benefiting the throat, relieving wind-induced spasm, and promoting eruptions."
S043,皮肤干燥脱屑、瘙痒无度、抓痕血痂、疹色偏红、遇热加重,四物消风饮,薄荷（ Menthae Herba）,CC1(CC(C2=CC=CC=C2N1C(=O)CSC3=NCCS3)(C)C4=CC=CC=C4)C | C1[C@H](OC2=CC(=CC(=C2C1=O)O)O)C3=CC=C(C=C3)O | C1=CC2=C(C(=C1)O)C(=O)C3=C(C2=O)C=C(C=C3O)CO | C1[C@H](OC2=CC(=CC(=C2C1=O)O)O)C3=CC(=C(C=C3)O)O | COC1=CC(=C2C(=C1)OC(=CC2=O)C3=CC=C(C=C3)O)O,地黄饮子 | 羌活胜风汤 | 解郁汤 | 四物消风饮,"It has the effects of dissipating wind-heat, clearing the head and eyes, and promoting eruption ."
S043,皮肤干燥脱屑、瘙痒无度、抓痕血痂、疹色偏红、遇热加重,四物消风饮,独活（Radix Angelicae Biseratae）,C/C=C(/C)\C(=O)O[C@H](C1=C(C=C2C(=C1)C=CC(=O)O2)OC)[C@H](C(C)(C)O)O | CC(C)CC(=O)O[C@H](C1=C(C=C2C(=C1)C=CC(=O)O2)OC)[C@H](C(C)(C)O)O | CC(=CCOC1=C2C=CC(=O)OC2=CC3=C1C=CO3)C | CC(=O)OC(C)(C)[C@@H]1CC2=C(O1)C=CC3=C2OC(=O)C=C3 | CC(C)([C@H]1CC2=C(O1)C=C3C(=C2)C=CC(=O)O3)O[C@H]4[C@@H]([C@H]([C@@H]([C@H](O4)CO)O)O)O,羌活胜湿汤 | 升阳益胃汤 | 三痹汤 | 大秦艽汤 | 清上蠲痛汤 | 蠲痹汤 | 羌活胜风汤 | 四物消风饮 | 补肾活血汤,"It has the effects of dispelling wind and eliminating dampness, unblocking impediment and relieving pain."
S043,皮肤干燥脱屑、瘙痒无度、抓痕血痂、疹色偏红、遇热加重,四物消风饮,柴胡（Radix Bupleuri）,COC1=C(C=CC(=C1)C2=C(C(=O)C3=C(C=C(C=C3O2)O)O)O)O | COC1=C(C=C(C(=C1)C2=CC(=O)C3=C(C(=C(C=C3O2)OC)OC)O)O)O | C1[C@@H]([C@H]([C@H](O1)O)CC2=CC3=C(C=C2)OCO3)CC4=CC5=C(C=C4)OCO5 | CC1(CCCC23[C@@H]1[C@@H](C([C@]45[C@H]2CC[C@H](C4O)C(=C)C5=O)(OC3)O)O)C | C/C=C(\C)/C(=O)O[C@H]1[C@H](C(OC2=C1C3=C(C=C2)C=CC(=O)O3)(C)C)OC(=O)/C(=C/C)/C,升陷汤 | 宣郁通经汤 | 升阳益胃汤 | 完带汤 | 散偏汤 | 柴胡桂枝汤 | 柴胡桂枝干姜汤 | 佛手散 | 普济消毒饮子 | 羌活胜风汤 | 滋阴降火汤 | 定经汤 | 柴葛解肌汤 | 柴胡清肝汤 | 四物消风饮 | 滋水清肝饮 | 柴胡陷胸汤 | 会厌逐瘀汤,"It has the effects of dispersing and reducing fever, soothing the liver, and lifting yang."
S044,瘙痒剧烈（夜甚）、抓痕血痂、皮肤干燥皲裂、心烦失眠、口干咽燥,地黄饮,地黄(Rehmanniae Radix Praeparata),CCCCC/C=C\C/C=C\CCCCCCCC(=O)O | CC[C@H](CC[C@@H](C)[C@H]1CC[C@@H]2[C@@]1(CC[C@H]3[C@H]2CC=C4[C@@]3(CC[C@H](C4)O)C)C)C(C)C | CO[C@@H]1CC2C([C@H](O1)OC)C3(C(C2O)O3)CO | C[C@@H]1[C@H]([C@H]([C@H]([C@@H](O1)OC[C@@H]2[C@H]([C@@H]([C@H]([C@@H](O2)O[C@H]3[C@H]4[C@H](CCC4=C)C(=CO3)C(=O)OC)O)O)O)O)O)O | CC[C@H](/C=C/[C@@H](C)[C@H]1CC[C@@H]2[C@@]1(CC[C@H]3[C@H]2CC=C4[C@@]3(CC[C@@H](C4)O)C)C)C(C)C,一贯煎 | 桃红四物汤 | 当归饮子 | 百合地黄汤 | 当归六黄汤 | 保阴煎 | 甘露饮 | 三痹汤 | 清胃散 | 圣愈汤 | 大秦艽汤 | 三甲复脉汤 | 益胃汤 | 清肝止淋汤 | 黄连膏 | 凉血地黄汤 | 驻景丸 | 茜根散 | 滋阴降火汤 | 柴葛解肌汤 | 柴胡清肝汤 | 四物消风饮 | 地黄饮 | 凉血四物汤 | 增液承气汤 | 会厌逐瘀汤,"It has the effects of tonifying essence and replenishing marrow, nourishing blood, and supplementing yin."
S044,瘙痒剧烈（夜甚）、抓痕血痂、皮肤干燥皲裂、心烦失眠、口干咽燥,地黄饮,何首乌（ Radix Polygoni multiflori）,CC1=CC2=C(C(=C1)O)C(=O)C3=C(C2=O)C=C(C=C3O)O | CC1=CC2=C(C(=C1)O)C(=O)C3=C(C2=O)C=C(C=C3O)OC | C1=CC2=C(C(=C1)O)C(=O)C3=C(C2=O)C=C(C=C3O)C(=O)O | C1=CC(=CC=C1/C=C/C2=CC(=CC(=C2)O[C@H]3[C@@H]([C@H]([C@@H]([C@H](O3)CO)O)O)O)O)O | C1=CC(=CC=C1/C=C/C2=C(C(=CC(=C2)O)O)O[C@H]3[C@@H]([C@H]([C@@H]([C@H](O3)CO)O)O)O)O,当归饮子 | 地黄饮,"It has the effects of detoxifying, relieving pain and swelling, and moistening the intestines to relieve constipation."
S044,瘙痒剧烈（夜甚）、抓痕血痂、皮肤干燥皲裂、心烦失眠、口干咽燥,地黄饮,熟地黄（Rehmanniae Radix Praeparata）,CC[C@H](CC[C@@H](C)[C@H]1CC[C@@H]2[C@@]1(CC[C@H]3[C@H]2CC=C4[C@@]3(CC[C@H](C4)O)C)C)C(C)C | CC[C@H](/C=C/[C@@H](C)[C@H]1CC[C@@H]2[C@@]1(CC[C@H]3[C@H]2CC=C4[C@@]3(CC[C@@H](C4)O)C)C)C(C)C,地黄饮子 | 金水六君煎 | 当归六黄汤 | 玉女煎 | 保阴煎 | 固阴煎 | 甘露饮 | 圣愈汤 | 大秦艽汤 | 清经散 | 驻景丸 | 大补元煎 | 左归饮 | 泰山磐石散 | 滋阴降火汤 | 固本止崩汤 | 养精种玉汤 | 定经汤 | 阳和汤 | 地黄饮 | 滋水清肝饮 | 补肾活血汤,"It has the effects of tonifying essence and replenishing marrow, nourishing blood, and supplementing yin."
S044,瘙痒剧烈（夜甚）、抓痕血痂、皮肤干燥皲裂、心烦失眠、口干咽燥,地黄饮,当归(Angelicae Sinensis Radix),CC1=CC[C@@]2(CCCC([C@]23[C@H]1C3)(C)C)C | CC[C@H](CC[C@@H](C)[C@H]1CC[C@@H]2[C@@]1(CC[C@H]3[C@H]2CC=C4[C@@]3(CC[C@@H](C4)O)C)C)C(C)C | CC[C@H](/C=C/[C@@H](C)[C@H]1CC[C@@H]2[C@@]1(CC[C@H]3[C@H]2CC=C4[C@@]3(CC[C@@H](C4)O)C)C)C(C)C | C[C@@H]1CC[C@@H]2[C@]13CC=C([C@H](C3)C2(C)C)C | C1=CC=C(C=C1)C2=CC(=S)C=C(S2)C3=CC=CC=C3,温经汤 | 一贯煎 | 桃红四物汤 | 当归饮子 | 当归补血汤 | 金水六君煎 | 济川煎 | 清肺汤 | 宣郁通经汤 | 当归四逆汤 | 当归建中汤 | 当归六黄汤 | 身痛逐瘀汤 | 三痹汤 | 清胃散 | 圣愈汤 | 乌药汤 | 大秦艽汤 | 暖肝煎 | 托里消毒散 | 清上蠲痛汤 | 蠲痹汤 | 清肝止淋汤 | 四妙勇安汤 | 黄连膏 | 凉血地黄汤 | 当归散 | 温脾丸 | 苏子降气汤 | 佛手散 | 芍药汤 | 门冬清肺饮 | 大补元煎 | 泰山磐石散 | 滋阴降火汤 | 清胃汤 | 解郁汤 | 固本止崩汤 | 养精种玉汤 | 定经汤 | 调肝汤 | 柴胡清肝汤 | 四物消风饮 | 地黄饮 | 凉血四物汤 | 滋水清肝饮 | 膈下逐瘀汤 | 会厌逐瘀汤 | 补肾活血汤 | 活络效灵丹,"It has the effects of nourishing blood, promoting blood circulation, regulating menstruation, relieving pain, and moistening intestines to relieve constipation."
S044,瘙痒剧烈（夜甚）、抓痕血痂、皮肤干燥皲裂、心烦失眠、口干咽燥,地黄饮,牡丹皮（Cortex Moutan）,C[C@]12C[C@@]3([C@@H]4C[C@]1([C@@]4([C@H](O2)O3)COC(=O)C5=CC=CC=C5)O[C@H]6[C@@H]([C@H]([C@@H]([C@H](O6)CO)O)O)O)O | CC(=C)[C@@H]1CC[C@]2([C@H]1[C@H]3CC[C@@H]4[C@]5(CC[C@@H](C([C@@H]5CC[C@]4([C@@]3(CC2)C)C)(C)C)O)C)C(=O)O | C1[C@@H]([C@H](OC2=CC(=CC(=C21)O)O)C3=CC(=C(C=C3)O)O)O | C1=CC(=C(C=C1C2=C(C(=O)C3=C(C=C(C=C3O2)O)O)O)O)O,温经汤 | 宣郁通经汤 | 化肝煎 | 清胃散 | 清经散 | 清肝止淋汤 | 柴葛解肌汤 | 地黄饮 | 滋水清肝饮 | 膈下逐瘀汤,"It has the effects of clearing heat and cooling blood, activating blood circulation and dissipating blood stasis."
S044,瘙痒剧烈（夜甚）、抓痕血痂、皮肤干燥皲裂、心烦失眠、口干咽燥,地黄饮,玄参（Figwort Root ）,C[C@]12C[C@@]3([C@@H]4C[C@]1([C@@]4([C@H](O2)O3)COC(=O)C5=CC=CC=C5)O[C@H]6[C@@H]([C@H]([C@@H]([C@H](O6)CO)O)O)O)O | CC(C)C1=C(C=C2C(=C1)C(=O)C[C@@H]3[C@@]2(CCCC3(C)C)C)O | CC[C@H](CC[C@@H](C)[C@H]1CC[C@@H]2[C@@]1(CC[C@H]3[C@H]2CC=C4[C@@]3(CC[C@@H](C4)O)C)C)C(C)C,两地汤 | 四妙勇安汤 | 普济消毒饮子 | 消瘰丸 | 地黄饮 | 增液承气汤 | 会厌逐瘀汤,"It has the effects of cooling blood to nourish yin, and purging fire to detoxify."
S044,瘙痒剧烈（夜甚）、抓痕血痂、皮肤干燥皲裂、心烦失眠、口干咽燥,地黄饮,蒺藜（Tribulifructus）,COC1=C(C=CC(=C1)C2=C(C(=O)C3=C(C=C(C=C3O2)O)O)O)O | COC1=C(C=CC(=C1)/C=C\C(=O)NCCC2=CC=C(C=C2)O)O | COC1=C(C=CC(=C1)/C=C/C(=O)NCC(=O)C2=CC=C(C=C2)O)O,当归饮子 | 地黄饮,"It has the effects of pacifying the liver to relieve stagnation, activating blood circulation to dispel wind, improving vision, and stopping itching."
S044,瘙痒剧烈（夜甚）、抓痕血痂、皮肤干燥皲裂、心烦失眠、口干咽燥,地黄饮,白僵蚕（ Beauveria bassiana bassiana (Bals.) Vaillant）,C([C@@H](C(=O)O)N)C(=O)O | CCCCCCC(C)C1CC(=O)N[C@H](C(=O)N[C@H](C(=O)N[C@@H](C(=O)O1)[C@@H](C)CC)CC2=CC=CC=C2)C(C)C | CC(C)CC1C(=O)OC(C(=O)N(C(C(=O)OC(C(=O)N(C(C(=O)OC(C(=O)N(C(C(=O)OC(C(=O)N1C)C(C)C)CC(C)C)C)C(C)C)CC(C)C)C)C(C)C)CC(C)C)C)C(C)C | CCC(C)/C=C(\C)/C=C/C=C/C(=O)C1=C(C(=CN(C1=O)O)C2=CC=C(C=C2)O)O | CC(C)C[C@@H](C(=O)O)N,普济消毒饮子 | 地黄饮 | 升降散,"It has the effects of resolving phlegm, dissipating nodules, benefiting the throat, dispelling wind and relieving spasm, clearing heat, and detoxifying."
S044,瘙痒剧烈（夜甚）、抓痕血痂、皮肤干燥皲裂、心烦失眠、口干咽燥,地黄饮,红花（Carthami Flos）,CC1=C[C@@H](CC([C@H]1/C=C/C(=C/C=C/C(=C/C=C/C=C(\C)/C=C/C=C(\C)/[C@H]2C=C3[C@](O2)(C[C@H](CC3(C)C)O)C)/C)/C)(C)C)O | COC1=CC(=C/C=C/C=C2C=C(C(=O)C(=C2)OC)OC)C=C(C1=O)OC | CC1=C(C(=O)C[C@@H]1OC(=O)[C@@H]2[C@H](C2(C)C)/C=C(\C)/C(=O)OC)C/C=C\C=C | C1=CC(=CC=C1C2=C(C(=O)C3=C(O2)C=C(C(=C3O)O)O)O)O,桃红四物汤 | 身痛逐瘀汤 | 地黄饮 | 凉血四物汤 | 通窍活血汤 | 膈下逐瘀汤 | 会厌逐瘀汤 | 补肾活血汤,"It has the effects of activating blood circulation to promote menstruation, dissipating blood stasis and alleviating pain."
S044,瘙痒剧烈（夜甚）、抓痕血痂、皮肤干燥皲裂、心烦失眠、口干咽燥,地黄饮,甘草(licorice ),CC(=CCC1=C(C2=C(C=C1O)OC(=O)C3=C2OC4=C3C=CC(=C4)O)OC)C | CC1(C=CC2=C(O1)C=CC3=C2OC[C@@H]4[C@H]3OC5=C4C=CC(=C5)O)C | CC1(CCC2=C(O1)C=C3C(=C2OC)C=C(C(=O)O3)C4=C(C=C(C=C4)O)O)CO | CC1(C=CC2=C(O1)C=CC(=C2O)C3COC4=C(C3=O)C(=CC(=C4)O)OC)C | CC(=CCC1=C(C=CC2=C1OC(=O)C3=C2OC4=C3C=CC(=C4)O)O)C,苓桂术甘汤 | 温经汤 | 枇杷清肺饮 | 二冬汤 | 桃核承气汤 | 芍药甘草汤 | 半夏泻心汤 | 麦门冬汤 | 温胆汤 | 小续命汤 | 当归饮子 | 泻白散 | 清心莲子饮 | 羌活胜湿汤 | 清金化痰汤 | 金水六君煎 | 清肺汤 | 保元汤 | 半夏白术天麻汤 | 宣郁通经汤 | 异功散 | 泻黄散 | 白术散 | 消乳丸 | 人参五味子汤 | 清宁散 | 竹叶石膏汤 | 麻黄汤 | 当归四逆汤 | 桂枝芍药知母汤 | 当归建中汤 | 升阳益胃汤 | 厚朴温中汤 | 保阴煎 | 固阴煎 | 清骨散 | 达原饮 | 沙参麦冬汤 | 完带汤 | 身痛逐瘀汤 | 散偏汤 | 旋覆代赭汤 | 甘草泻心汤 | 黄连汤 | 橘皮竹茹汤 | 甘姜苓术汤 | 厚朴七物汤 | 温脾汤 | 竹茹汤 | 辛夷散 | 实脾散 | 甘露饮 | 华盖散 | 三痹汤 | 乌药汤 | 大秦艽汤 | 托里消毒散 | 清上蠲痛汤 | 养胃汤 | 石决明散 | 三甲复脉汤 | 蠲痹汤 | 四妙勇安汤 | 除湿胃苓汤 | 清燥救肺汤 | 凉血地黄汤 | 桂枝甘草汤 | 栀子柏皮汤 | 黄芩汤 | 茯苓桂枝甘 草大枣汤 | 柴胡桂枝汤 | 通脉四逆汤 | 桂枝加厚朴杏子汤 | 桂枝麻黄各半汤 | 柴胡桂枝干姜汤 | 桂枝人参汤 | 生姜泻心汤 | 白虎加人参汤 | 调胃承气汤 | 桔梗汤 | 防己黄芪汤 | 苓甘五味姜辛汤 | 防己茯苓汤 | 越婢汤 | 麻黄杏仁薏苡甘草汤 | 瓜蒌桂枝汤 | 生姜甘草汤 | 苏子降气汤 | 香苏散 | 升麻葛根汤 | 平胃散 | 六和汤 | 五虎汤 | 芍药汤 | 门冬清肺饮 | 普济消毒饮子 | 羌活胜风汤 | 牛蒡甘桔汤 | 大补元煎 | 左归饮 | 举元煎 | 茜根散 | 泰山磐石散 | 滋阴降火汤 | 清胃汤 | 调肝汤 | 柴葛解肌汤 | 茵陈术附汤 | 阳和汤 | 柴胡清肝汤 | 地黄饮 | 凉血四物汤 | 膈下逐瘀汤 | 会厌逐瘀汤,"It has the effects of tonifying the spleen and replenishing qi, clearing heat and detoxifying, dispelling phlegm and stopping cough, relieving spasm and alleviating pain, as well as harmonizing the actions of other herbs."
S045,鼻部及周围皮肤潮红、毛细血管扩张、面部油腻、或见丘疹脓疱、口干口苦,凉血四物汤,当归(Angelicae Sinensis Radix),CC1=CC[C@@]2(CCCC([C@]23[C@H]1C3)(C)C)C | CC[C@H](CC[C@@H](C)[C@H]1CC[C@@H]2[C@@]1(CC[C@H]3[C@H]2CC=C4[C@@]3(CC[C@@H](C4)O)C)C)C(C)C | CC[C@H](/C=C/[C@@H](C)[C@H]1CC[C@@H]2[C@@]1(CC[C@H]3[C@H]2CC=C4[C@@]3(CC[C@@H](C4)O)C)C)C(C)C | C[C@@H]1CC[C@@H]2[C@]13CC=C([C@H](C3)C2(C)C)C | C1=CC=C(C=C1)C2=CC(=S)C=C(S2)C3=CC=CC=C3,温经汤 | 一贯煎 | 桃红四物汤 | 当归饮子 | 当归补血汤 | 金水六君煎 | 济川煎 | 清肺汤 | 宣郁通经汤 | 当归四逆汤 | 当归建中汤 | 当归六黄汤 | 身痛逐瘀汤 | 三痹汤 | 清胃散 | 圣愈汤 | 乌药汤 | 大秦艽汤 | 暖肝煎 | 托里消毒散 | 清上蠲痛汤 | 蠲痹汤 | 清肝止淋汤 | 四妙勇安汤 | 黄连膏 | 凉血地黄汤 | 当归散 | 温脾丸 | 苏子降气汤 | 佛手散 | 芍药汤 | 门冬清肺饮 | 大补元煎 | 泰山磐石散 | 滋阴降火汤 | 清胃汤 | 解郁汤 | 固本止崩汤 | 养精种玉汤 | 定经汤 | 调肝汤 | 柴胡清肝汤 | 四物消风饮 | 地黄饮 | 凉血四物汤 | 滋水清肝饮 | 膈下逐瘀汤 | 会厌逐瘀汤 | 补肾活血汤 | 活络效灵丹,"It has the effects of nourishing blood, promoting blood circulation, regulating menstruation, relieving pain, and moistening intestines to relieve constipation."
S045,鼻部及周围皮肤潮红、毛细血管扩张、面部油腻、或见丘疹脓疱、口干口苦,凉血四物汤,地黄(Rehmanniae Radix Praeparata),CCCCC/C=C\C/C=C\CCCCCCCC(=O)O | CC[C@H](CC[C@@H](C)[C@H]1CC[C@@H]2[C@@]1(CC[C@H]3[C@H]2CC=C4[C@@]3(CC[C@H](C4)O)C)C)C(C)C | CO[C@@H]1CC2C([C@H](O1)OC)C3(C(C2O)O3)CO | C[C@@H]1[C@H]([C@H]([C@H]([C@@H](O1)OC[C@@H]2[C@H]([C@@H]([C@H]([C@@H](O2)O[C@H]3[C@H]4[C@H](CCC4=C)C(=CO3)C(=O)OC)O)O)O)O)O)O | CC[C@H](/C=C/[C@@H](C)[C@H]1CC[C@@H]2[C@@]1(CC[C@H]3[C@H]2CC=C4[C@@]3(CC[C@@H](C4)O)C)C)C(C)C,一贯煎 | 桃红四物汤 | 当归饮子 | 百合地黄汤 | 当归六黄汤 | 保阴煎 | 甘露饮 | 三痹汤 | 清胃散 | 圣愈汤 | 大秦艽汤 | 三甲复脉汤 | 益胃汤 | 清肝止淋汤 | 黄连膏 | 凉血地黄汤 | 驻景丸 | 茜根散 | 滋阴降火汤 | 柴葛解肌汤 | 柴胡清肝汤 | 四物消风饮 | 地黄饮 | 凉血四物汤 | 增液承气汤 | 会厌逐瘀汤,"It has the effects of tonifying essence and replenishing marrow, nourishing blood, and supplementing yin."
S045,鼻部及周围皮肤潮红、毛细血管扩张、面部油腻、或见丘疹脓疱、口干口苦,凉血四物汤,川芎(Chuanxiong Rhizoma),CCCCC/C=C\C/C=C\CCCCCCCC(=O)OCC | C1=CC=C2C(=C1)C3=C(N2)C(=NC=C3)C4=CC=C(O4)CO | CC1=CC(=O)C=C(C1=O)C/C=C(\C)/CC/C=C(\C)/CCC=C(C)C | C1=CC(=CC=C1C(=O)N[C@@H](CCC(=O)O)C(=O)O)NCC2=CN=C3C(=N2)C(=O)NC(=N3)N | COC1=C2C=C(CCCCC(=O)CCC3=CC2=C(C=C3)O)C(=C1OC)O,温经汤 | 桃红四物汤 | 小续命汤 | 当归饮子 | 羌活胜湿汤 | 身痛逐瘀汤 | 散偏汤 | 辛夷散 | 三痹汤 | 圣愈汤 | 大秦艽汤 | 托里消毒散 | 清上蠲痛汤 | 蠲痹汤 | 当归散 | 佛手散 | 羌活胜风汤 | 牛蒡甘桔汤 | 泰山磐石散 | 滋阴降火汤 | 柴胡清肝汤 | 四物消风饮 | 凉血四物汤 | 通窍活血汤 | 膈下逐瘀汤,"It has the effects of activating blood circulation, promoting qi movement, dispelling wind, and relieving pain."
S045,鼻部及周围皮肤潮红、毛细血管扩张、面部油腻、或见丘疹脓疱、口干口苦,凉血四物汤,赤芍（ Radix Paeoniae Rubra）,C1=C2C3=C(C(=C1O)O)OC(=O)C4=CC(=C(C(=C43)OC2=O)O)O | CC12CC3C4CC1(C4(C(=O)O3)COC(=O)C5=CC=CC=C5)OC6C(C(C(OC6O2)CO)O)O | CC[C@H](/C=C/[C@@H](C)[C@H]1CC[C@@H]2[C@@]1(CC[C@H]3C2=CC[C@@H]4[C@@]3(CC[C@@H](C4)O)C)C)C(C)C | C[C@]12C[C@@]3([C@@H]4C[C@]1([C@@]4([C@H](O2)O3)COC(=O)C5=CC=CC=C5)O[C@H]6[C@@H]([C@H]([C@@H]([C@H](O6)CO)O)O)O)O,牛蒡甘桔汤 | 柴葛解肌汤 | 柴胡清肝汤 | 四物消风饮 | 凉血四物汤 | 通窍活血汤 | 膈下逐瘀汤 | 会厌逐瘀汤,It has the effects of promoting blood circulation to remove blood stasis and clearing heat and cooling blood.
S045,鼻部及周围皮肤潮红、毛细血管扩张、面部油腻、或见丘疹脓疱、口干口苦,凉血四物汤,黄芩(Scutellariae Radix),COC1=CC=CC(=C1C2=CC(=O)C3=C(C(=C(C(=C3O2)OC)OC)OC)O)O | COC1=C(C2=C(C(=C1)O)C(=O)C=C(O2)C3=CC=CC=C3O)OC | COC1=C(C=C(C2=C1OC(=CC2=O)C3=CC=C(C=C3)O)O)O,二冬汤 | 半夏泻心汤 | 小续命汤 | 清心莲子饮 | 清金化痰汤 | 清肺汤 | 宣郁通经汤 | 当归六黄汤 | 保阴煎 | 达原饮 | 甘草泻心汤 | 甘露饮 | 大秦艽汤 | 桑白皮汤 | 清上蠲痛汤 | 凉血地黄汤 | 黄芩汤 | 附子泻心汤 | 柴胡桂枝汤 | 柴胡桂枝干姜汤 | 生姜泻心汤 | 当归散 | 泻心汤 | 芍药汤 | 普济消毒饮子 | 羌活胜风汤 | 茜根散 | 泰山磐石散 | 滋阴降火汤 | 清胃汤 | 柴葛解肌汤 | 柴胡清肝汤 | 凉血四物汤 | 柴胡陷胸汤,"It has the effects of clearing heat and drying dampness, purging fire and detoxifying, stopping bleeding, and preventing miscarriage."
S045,鼻部及周围皮肤潮红、毛细血管扩张、面部油腻、或见丘疹脓疱、口干口苦,凉血四物汤,赤茯苓（ Poria）,CN(C)C=O.CN(C)C=O.C(=O)[O-].C(=O)[O-].C(=O)[O-].C(=O)[O-].[Rh+2].[Rh+2] | CCONC=NC1=CC=CC=C1 | CC(C)C(=C)CC[C@H]([C@H]1[C@@H](C[C@@]2([C@@]1(CCC3=C2CC[C@@H]4[C@@]3(CC[C@@H](C4(C)C)O)C)C)C)O)C(=O)O | C[C@H](/C=C/[C@H](C)C(C)C)[C@H]1CC[C@@H]2[C@@]1(CC[C@H]3C2=CC=C4[C@@]3(CC[C@@H](C4)O)C)C,清宁散 | 华盖散 | 除湿胃苓汤 | 凉血四物汤 | 蒿芩清胆汤,"It has the effects of promoting diuresis, and clearing heat and draining dampness."
S045,鼻部及周围皮肤潮红、毛细血管扩张、面部油腻、或见丘疹脓疱、口干口苦,凉血四物汤,陈皮(Citrus Reticulata),CC[C@H](CC[C@@H](C)[C@H]1CC[C@@H]2[C@@]1(CC[C@H]3[C@H]2CC=C4[C@@]3(CC[C@H](C4)O)C)C)C(C)C | C1[C@H](OC2=CC(=CC(=C2C1=O)O)O)C3=CC=C(C=C3)O | COC1=C(C=C(C=C1)[C@H]2CC(=O)C3=C(C=C(C=C3O2)O)O)O | COC1=C(C=C(C=C1)C2CC(=O)C3=C(O2)C(=C(C(=C3OC)OC)OC)OC)OC | COC1=C(C=C(C=C1)C2=CC(=O)C3=C(O2)C(=C(C(=C3OC)OC)OC)OC)OC,温胆汤 | 金水六君煎 | 异功散 | 消乳丸 | 升阳益胃汤 | 化肝煎 | 完带汤 | 橘皮竹茹汤 | 华盖散 | 除湿胃苓汤 | 香苏散 | 平胃散 | 牛蒡甘桔汤 | 清胃汤 | 凉血四物汤 | 黄芪汤 | 蒿芩清胆汤,"It has the effects of harmonizing the stomach, descending rebellion to stop vomiting, regulating qi, and drying dampness to transform phlegm."
S045,鼻部及周围皮肤潮红、毛细血管扩张、面部油腻、或见丘疹脓疱、口干口苦,凉血四物汤,红花（Carthami Flos）,CC1=C[C@@H](CC([C@H]1/C=C/C(=C/C=C/C(=C/C=C/C=C(\C)/C=C/C=C(\C)/[C@H]2C=C3[C@](O2)(C[C@H](CC3(C)C)O)C)/C)/C)(C)C)O | COC1=CC(=C/C=C/C=C2C=C(C(=O)C(=C2)OC)OC)C=C(C1=O)OC | CC1=C(C(=O)C[C@@H]1OC(=O)[C@@H]2[C@H](C2(C)C)/C=C(\C)/C(=O)OC)C/C=C\C=C | C1=CC(=CC=C1C2=C(C(=O)C3=C(O2)C=C(C(=C3O)O)O)O)O,桃红四物汤 | 身痛逐瘀汤 | 地黄饮 | 凉血四物汤 | 通窍活血汤 | 膈下逐瘀汤 | 会厌逐瘀汤 | 补肾活血汤,"It has the effects of activating blood circulation to promote menstruation, dissipating blood stasis and alleviating pain."
S045,鼻部及周围皮肤潮红、毛细血管扩张、面部油腻、或见丘疹脓疱、口干口苦,凉血四物汤,甘草(licorice ),CC(=CCC1=C(C2=C(C=C1O)OC(=O)C3=C2OC4=C3C=CC(=C4)O)OC)C | CC1(C=CC2=C(O1)C=CC3=C2OC[C@@H]4[C@H]3OC5=C4C=CC(=C5)O)C | CC1(CCC2=C(O1)C=C3C(=C2OC)C=C(C(=O)O3)C4=C(C=C(C=C4)O)O)CO | CC1(C=CC2=C(O1)C=CC(=C2O)C3COC4=C(C3=O)C(=CC(=C4)O)OC)C | CC(=CCC1=C(C=CC2=C1OC(=O)C3=C2OC4=C3C=CC(=C4)O)O)C,苓桂术甘汤 | 温经汤 | 枇杷清肺饮 | 二冬汤 | 桃核承气汤 | 芍药甘草汤 | 半夏泻心汤 | 麦门冬汤 | 温胆汤 | 小续命汤 | 当归饮子 | 泻白散 | 清心莲子饮 | 羌活胜湿汤 | 清金化痰汤 | 金水六君煎 | 清肺汤 | 保元汤 | 半夏白术天麻汤 | 宣郁通经汤 | 异功散 | 泻黄散 | 白术散 | 消乳丸 | 人参五味子汤 | 清宁散 | 竹叶石膏汤 | 麻黄汤 | 当归四逆汤 | 桂枝芍药知母汤 | 当归建中汤 | 升阳益胃汤 | 厚朴温中汤 | 保阴煎 | 固阴煎 | 清骨散 | 达原饮 | 沙参麦冬汤 | 完带汤 | 身痛逐瘀汤 | 散偏汤 | 旋覆代赭汤 | 甘草泻心汤 | 黄连汤 | 橘皮竹茹汤 | 甘姜苓术汤 | 厚朴七物汤 | 温脾汤 | 竹茹汤 | 辛夷散 | 实脾散 | 甘露饮 | 华盖散 | 三痹汤 | 乌药汤 | 大秦艽汤 | 托里消毒散 | 清上蠲痛汤 | 养胃汤 | 石决明散 | 三甲复脉汤 | 蠲痹汤 | 四妙勇安汤 | 除湿胃苓汤 | 清燥救肺汤 | 凉血地黄汤 | 桂枝甘草汤 | 栀子柏皮汤 | 黄芩汤 | 茯苓桂枝甘 草大枣汤 | 柴胡桂枝汤 | 通脉四逆汤 | 桂枝加厚朴杏子汤 | 桂枝麻黄各半汤 | 柴胡桂枝干姜汤 | 桂枝人参汤 | 生姜泻心汤 | 白虎加人参汤 | 调胃承气汤 | 桔梗汤 | 防己黄芪汤 | 苓甘五味姜辛汤 | 防己茯苓汤 | 越婢汤 | 麻黄杏仁薏苡甘草汤 | 瓜蒌桂枝汤 | 生姜甘草汤 | 苏子降气汤 | 香苏散 | 升麻葛根汤 | 平胃散 | 六和汤 | 五虎汤 | 芍药汤 | 门冬清肺饮 | 普济消毒饮子 | 羌活胜风汤 | 牛蒡甘桔汤 | 大补元煎 | 左归饮 | 举元煎 | 茜根散 | 泰山磐石散 | 滋阴降火汤 | 清胃汤 | 调肝汤 | 柴葛解肌汤 | 茵陈术附汤 | 阳和汤 | 柴胡清肝汤 | 地黄饮 | 凉血四物汤 | 膈下逐瘀汤 | 会厌逐瘀汤,"It has the effects of tonifying the spleen and replenishing qi, clearing heat and detoxifying, dispelling phlegm and stopping cough, relieving spasm and alleviating pain, as well as harmonizing the actions of other herbs."
S046,胃脘症状：灼痛拒按、呕酸苦水、胁气上逆、阵发燥热伴畏寒、心窝部烧灼感,滋水清肝饮,熟地黄（Rehmanniae Radix Praeparata）,CC[C@H](CC[C@@H](C)[C@H]1CC[C@@H]2[C@@]1(CC[C@H]3[C@H]2CC=C4[C@@]3(CC[C@H](C4)O)C)C)C(C)C | CC[C@H](/C=C/[C@@H](C)[C@H]1CC[C@@H]2[C@@]1(CC[C@H]3[C@H]2CC=C4[C@@]3(CC[C@@H](C4)O)C)C)C(C)C,地黄饮子 | 金水六君煎 | 当归六黄汤 | 玉女煎 | 保阴煎 | 固阴煎 | 甘露饮 | 圣愈汤 | 大秦艽汤 | 清经散 | 驻景丸 | 大补元煎 | 左归饮 | 泰山磐石散 | 滋阴降火汤 | 固本止崩汤 | 养精种玉汤 | 定经汤 | 阳和汤 | 地黄饮 | 滋水清肝饮 | 补肾活血汤,"It has the effects of tonifying essence and replenishing marrow, nourishing blood, and supplementing yin."
S046,胃脘症状：灼痛拒按、呕酸苦水、胁气上逆、阵发燥热伴畏寒、心窝部烧灼感,滋水清肝饮,当归(Angelicae Sinensis Radix),CC1=CC[C@@]2(CCCC([C@]23[C@H]1C3)(C)C)C | CC[C@H](CC[C@@H](C)[C@H]1CC[C@@H]2[C@@]1(CC[C@H]3[C@H]2CC=C4[C@@]3(CC[C@@H](C4)O)C)C)C(C)C | CC[C@H](/C=C/[C@@H](C)[C@H]1CC[C@@H]2[C@@]1(CC[C@H]3[C@H]2CC=C4[C@@]3(CC[C@@H](C4)O)C)C)C(C)C | C[C@@H]1CC[C@@H]2[C@]13CC=C([C@H](C3)C2(C)C)C | C1=CC=C(C=C1)C2=CC(=S)C=C(S2)C3=CC=CC=C3,温经汤 | 一贯煎 | 桃红四物汤 | 当归饮子 | 当归补血汤 | 金水六君煎 | 济川煎 | 清肺汤 | 宣郁通经汤 | 当归四逆汤 | 当归建中汤 | 当归六黄汤 | 身痛逐瘀汤 | 三痹汤 | 清胃散 | 圣愈汤 | 乌药汤 | 大秦艽汤 | 暖肝煎 | 托里消毒散 | 清上蠲痛汤 | 蠲痹汤 | 清肝止淋汤 | 四妙勇安汤 | 黄连膏 | 凉血地黄汤 | 当归散 | 温脾丸 | 苏子降气汤 | 佛手散 | 芍药汤 | 门冬清肺饮 | 大补元煎 | 泰山磐石散 | 滋阴降火汤 | 清胃汤 | 解郁汤 | 固本止崩汤 | 养精种玉汤 | 定经汤 | 调肝汤 | 柴胡清肝汤 | 四物消风饮 | 地黄饮 | 凉血四物汤 | 滋水清肝饮 | 膈下逐瘀汤 | 会厌逐瘀汤 | 补肾活血汤 | 活络效灵丹,"It has the effects of nourishing blood, promoting blood circulation, regulating menstruation, relieving pain, and moistening intestines to relieve constipation."
S046,胃脘症状：灼痛拒按、呕酸苦水、胁气上逆、阵发燥热伴畏寒、心窝部烧灼感,滋水清肝饮,白芍(Paeoniae Radix Alba),C[C@@]12CC(=O)[C@H]3C[C@@]1(O[C@@H]([C@@H]3COC(=O)C4=CC=CC=C4)O2)O | C[C@]12C[C@@]3([C@@H]4C[C@]1([C@@]4([C@H](O2)O3)COC(=O)C5=CC=CC=C5)O[C@H]6[C@@H]([C@H]([C@@H]([C@H](O6)CO)O)O)O)O | C[C@]12C[C@H]([C@@H]3C[C@]1([C@@]3(C(=O)O2)COC(=O)C4=CC=CC=C4)O[C@H]5[C@@H]([C@H]([C@@H]([C@H](O5)CO)O)O)O)O | CC(=C)[C@@H]1CC[C@]2([C@H]1[C@H]3CC[C@@H]4[C@]5(CC[C@@H](C([C@@H]5CC[C@]4([C@@]3(CC2)C)C)(C)C)O)C)C(=O)O,温经汤 | 桃红四物汤 | 芍药甘草汤 | 真武汤 | 黄芪桂枝五物汤 | 小续命汤 | 当归饮子 | 宣郁通经汤 | 当归四逆汤 | 桂枝芍药知母汤 | 当归建中汤 | 升阳益胃汤 | 保阴煎 | 化肝煎 | 达原饮 | 完带汤 | 散偏汤 | 附子汤 | 三痹汤 | 大秦艽汤 | 托里消毒散 | 三甲复脉汤 | 清经散 | 清肝止淋汤 | 两地汤 | 黄芩汤 | 柴胡桂枝汤 | 桂枝加厚朴杏子汤 | 桂枝麻黄各半汤 | 当归散 | 枳实芍药散 | 瓜蒌桂枝汤 | 升麻葛根汤 | 芍药汤 | 门冬清肺饮 | 泰山磐石散 | 滋阴降火汤 | 解郁汤 | 养精种玉汤 | 定经汤 | 调肝汤 | 滋水清肝饮,"It has the effects of pacifying the liver to relieve pain, nourishing blood to regulate menstruation, and astringing yin to stop sweating."
S046,胃脘症状：灼痛拒按、呕酸苦水、胁气上逆、阵发燥热伴畏寒、心窝部烧灼感,滋水清肝饮,酸枣仁（Ziziphi Spinosae Semen）,CC(=C)[C@@H]1CC[C@]2([C@H]1[C@H]3CC[C@H]4[C@]([C@@]3(CC2)C)(CC[C@@H]5[C@@]4([C@H]([C@@H](C5(C)C)O)C(=O)O)C)C)C(=O)O | CC[C@H](CC[C@@H](C)[C@H]1CC[C@@H]2[C@@]1(CC[C@H]3[C@H]2CC=C4[C@@]3(CC[C@@H](C4)O[C@H]5[C@@H]([C@H]([C@@H]([C@H](O5)CO)O)O)O)C)C)C(C)C | CC(=C)[C@@H]1CC[C@]2([C@H]1[C@H]3CC[C@@H]4[C@]5(CC[C@@H](C([C@@H]5CC[C@]4([C@@]3(CC2)C)C)(C)C)O)C)C(=O)O | COC1=C(C=CC(=C1)/C=C/C(=O)O)O,滋水清肝饮,"It has the effects of tonifying the liver, calming the mind, soothing the nerves, promoting fluid production, and astringing sweat."
S046,胃脘症状：灼痛拒按、呕酸苦水、胁气上逆、阵发燥热伴畏寒、心窝部烧灼感,滋水清肝饮,山茱萸（Cornus Officinalis Sieb. Et Zucc）,CC[C@H](/C=C/[C@@H](C)[C@H]1CC[C@@H]2[C@@]1(CC[C@H]3[C@H]2CC=C4[C@@]3(CC[C@@H](C4)O)C)C)C(C)C | CC1CCC(C2(C13CC(C(C2OC(=O)C4=CC=CC=C4)OC(=O)C)C(O3)(C)C)CO)O | CC1=C(C(=NN1S(=O)(=O)C2=CC=C(S2)C3=NN=C(N3C)SC)C)Br | C[C@]12CC[C@@H](C[C@]1(CC[C@@H]3[C@@H]2CC[C@]4([C@@]3(CC[C@@H]4C5=COC(=O)C=C5)O)C)O)O | C1C(C(OC(=O)C2=CC(=C(C(=C2C3=C(C(=C(C=C3C(=O)O1)O)O)O)O)O)O)C(C(C=O)O)OC(=O)C4=CC(=C(C(=C4)O)O)O)O,地黄饮子 | 固阴煎 | 延年薯蓣酒 | 大补元煎 | 左归饮 | 养精种玉汤 | 调肝汤 | 滋水清肝饮 | 补肾活血汤,"It has the effects of tonifying and benefiting the liver and kidneys, astringing essence to secure collapse."
S046,胃脘症状：灼痛拒按、呕酸苦水、胁气上逆、阵发燥热伴畏寒、心窝部烧灼感,滋水清肝饮,茯苓（Poria Cocos(Schw.) Wolf ）,CC(=CCC[C@H]([C@H]1CC[C@@]2([C@@]1(CCC3=C2CC[C@@H]4[C@@]3(CC[C@@H](C4(C)C)O)C)C)C)C(=O)O)C | C[C@H](/C=C/[C@H](C)C(C)C)[C@H]1CC[C@@H]2[C@@]1(CC[C@H]3C2=CC[C@@H]4[C@@]3(CC[C@@H](C4)O)C)C | C[C@H](/C=C/[C@H](C)C(C)C)[C@H]1CC[C@@H]2[C@@]1(CC[C@H]3[C@]24C=C[C@@]5([C@@]3(CC[C@@H](C5)O)C)OO4)C | CC(C)C(=C)CC[C@H]([C@H]1CC[C@@]2([C@@]1(CCC3=C2CC[C@@H]4[C@@]3(CC[C@@H](C4(C)C)O)C)C)C)C(=O)O | CC(C)C(=C)CC[C@H]([C@H]1CC[C@@]2([C@@]1(CC=C3C2=CC[C@@H]4[C@@]3(CC[C@@H](C4(C)C)O)C)C)C)C(=O)O,苓桂术甘汤 | 真武汤 | 开心散 | 清心莲子饮 | 地黄饮子 | 清金化痰汤 | 金水六君煎 | 清肺汤 | 半夏白术天麻汤 | 异功散 | 白术散 | 人参五味子汤 | 半夏厚朴汤 | 升阳益胃汤 | 厚朴温中汤 | 猪苓汤 | 附子汤 | 甘姜苓术汤 | 实脾散 | 三痹汤 | 大秦艽汤 | 暖肝煎 | 托里消毒散 | 养胃汤 | 清经散 | 茯苓桂枝甘 草大枣汤 | 小半夏加茯苓汤 | 苓甘五味姜辛汤 | 防己茯苓汤 | 六和汤 | 导痰汤 | 左归饮 | 解郁汤 | 定经汤 | 滋水清肝饮,"It has the effects of promoting diuresis and draining dampness, strengthening the spleen and harmonizing the stomach, as well as calming the heart and tranquilizing the mind."
S046,胃脘症状：灼痛拒按、呕酸苦水、胁气上逆、阵发燥热伴畏寒、心窝部烧灼感,滋水清肝饮,山药（Rhizoma Dioscoreae）,C1=CC(=C(C=C1[C@H]2[C@@H](C(=O)C3=C(C=C(C=C3O2)O)O)O)O)O | C[C@@H]1[C@H](OC2=CC(=O)C(=C[C@@]12OC)CC=C)C3=CC(=C(C=C3)OC)OC | C[C@@H]1[C@H](OC2=CC(=O)C(=C[C@]12OC)CC=C)C3=CC(=C(C=C3)OC)OC | C[C@H]1C([C@H]2C(=O)[C@@]1(C=C([C@]2(C)O)OC)CC=C)C3=CC(=C(C=C3)OC)OC | C/C(=C\C1=CC(=C(C(=C1)OC)OC)OC)/C2(C=C(C(=O)C=C2OC)CC=C)OC,易黄汤 | 保阴煎 | 固阴煎 | 完带汤 | 延年薯蓣酒 | 大补元煎 | 左归饮 | 定经汤 | 调肝汤 | 滋水清肝饮 | 理冲汤,"It has the effects of tonifying the spleen and nourishing the stomach, promoting fluid production to benefit the lungs, and tonifying the kidneys to astringe essence."
S046,胃脘症状：灼痛拒按、呕酸苦水、胁气上逆、阵发燥热伴畏寒、心窝部烧灼感,滋水清肝饮,柴胡（Radix Bupleuri）,COC1=C(C=CC(=C1)C2=C(C(=O)C3=C(C=C(C=C3O2)O)O)O)O | COC1=C(C=C(C(=C1)C2=CC(=O)C3=C(C(=C(C=C3O2)OC)OC)O)O)O | C1[C@@H]([C@H]([C@H](O1)O)CC2=CC3=C(C=C2)OCO3)CC4=CC5=C(C=C4)OCO5 | CC1(CCCC23[C@@H]1[C@@H](C([C@]45[C@H]2CC[C@H](C4O)C(=C)C5=O)(OC3)O)O)C | C/C=C(\C)/C(=O)O[C@H]1[C@H](C(OC2=C1C3=C(C=C2)C=CC(=O)O3)(C)C)OC(=O)/C(=C/C)/C,升陷汤 | 宣郁通经汤 | 升阳益胃汤 | 完带汤 | 散偏汤 | 柴胡桂枝汤 | 柴胡桂枝干姜汤 | 佛手散 | 普济消毒饮子 | 羌活胜风汤 | 滋阴降火汤 | 定经汤 | 柴葛解肌汤 | 柴胡清肝汤 | 四物消风饮 | 滋水清肝饮 | 柴胡陷胸汤 | 会厌逐瘀汤,"It has the effects of dispersing and reducing fever, soothing the liver, and lifting yang."
S046,胃脘症状：灼痛拒按、呕酸苦水、胁气上逆、阵发燥热伴畏寒、心窝部烧灼感,滋水清肝饮,栀子（Gardeniae Fructus）,CC[C@H](/C=C/[C@@H](C)[C@H]1CC[C@@H]2[C@@]1(CC[C@H]3[C@H]2CC=C4[C@@]3(CC[C@@H](C4)O)C)C)C(C)C | C1=CC(=C(C=C1C2=C(C(=O)C3=C(C=C(C=C3O2)O)O)O)O)O | COC1=CC(=C2C(=C1)OC(=CC2=O)C3=CC(=C(C(=C3)OC)OC)OC)O,清金化痰汤 | 清肺汤 | 宣郁通经汤 | 泻黄散 | 化肝煎 | 桑白皮汤 | 除湿胃苓汤 | 茵陈蒿汤 | 栀子柏皮汤 | 栀子豉汤 | 栀子大黄汤 | 清胃汤 | 解郁汤 | 柴胡清肝汤 | 滋水清肝饮 | 宣痹汤,"It has the effects of purging fire to relieve vexation, clearing heat to promote diuresis, and cooling blood to detoxify."
S046,胃脘症状：灼痛拒按、呕酸苦水、胁气上逆、阵发燥热伴畏寒、心窝部烧灼感,滋水清肝饮,牡丹皮（Cortex Moutan）,C[C@]12C[C@@]3([C@@H]4C[C@]1([C@@]4([C@H](O2)O3)COC(=O)C5=CC=CC=C5)O[C@H]6[C@@H]([C@H]([C@@H]([C@H](O6)CO)O)O)O)O | CC(=C)[C@@H]1CC[C@]2([C@H]1[C@H]3CC[C@@H]4[C@]5(CC[C@@H](C([C@@H]5CC[C@]4([C@@]3(CC2)C)C)(C)C)O)C)C(=O)O | C1[C@@H]([C@H](OC2=CC(=CC(=C21)O)O)C3=CC(=C(C=C3)O)O)O | C1=CC(=C(C=C1C2=C(C(=O)C3=C(C=C(C=C3O2)O)O)O)O)O,温经汤 | 宣郁通经汤 | 化肝煎 | 清胃散 | 清经散 | 清肝止淋汤 | 柴葛解肌汤 | 地黄饮 | 滋水清肝饮 | 膈下逐瘀汤,"It has the effects of clearing heat and cooling blood, activating blood circulation and dissipating blood stasis."
S046,胃脘症状：灼痛拒按、呕酸苦水、胁气上逆、阵发燥热伴畏寒、心窝部烧灼感,滋水清肝饮,泽泻（Alisma Orientale (Sam.) Juz）,CC[C@H](CC[C@@H](C)[C@H]1CC[C@@H]2[C@@]1(CC[C@H]3[C@H]2CC=C4[C@@]3(CC[C@H](C4)O)C)C)C(C)C | C[C@H](C[C@@H]([C@@H]1C(O1)(C)C)OC(=O)C)C2=C3C[C@@H]([C@H]4[C@]5(CCC(=O)C([C@@H]5CC[C@@]4([C@]3(CC2)C)C)(C)C)C)O | C[C@H](C[C@@H]([C@@H]1C(O1)(C)C)O)C2=C3C[C@@H]([C@H]4[C@]5(CCC(=O)C([C@@H]5CC[C@@]4([C@]3(CC2)C)C)(C)C)C)O | CCCCC/C=C\C/C=C\CCCCCCCC(=O)OC[C@H](CO)O,济川煎 | 升阳益胃汤 | 化肝煎 | 猪苓汤 | 泽泻汤 | 除湿胃苓汤 | 滋水清肝饮,It has the effects of promoting urination and clearing dampness-heat.
S047,寒战高热交替、骨节灼痛拒按、关节肿胀烦疼、屈伸不利、面色萎黄晦暗,宣痹汤,防己(Stephaniae Tetrandrae Radix),CC(=O)OC[C@H]1CC[C@@H]2[C@H]([C@]3([C@]1(CCC3=O)O)C)OC(=O)C2=C | COC1=C(C=C(C=C1)[C@@H]2CC(=O)C3=C(C=C(C=C3O2)O)O)O | CC[C@H](CC[C@@H](C)[C@H]1CC[C@@H]2[C@@]1(CC[C@H]3[C@H]2CC=C4[C@@]3(CC[C@@H](C4)O)C)C)C(C)C,小续命汤 | 防己黄芪汤 | 防己茯苓汤 | 宣痹汤,"It has the effects of dispelling wind and eliminating dampness, promoting diuresis to reduce edema, and alleviating pain."
S047,寒战高热交替、骨节灼痛拒按、关节肿胀烦疼、屈伸不利、面色萎黄晦暗,宣痹汤,苦杏仁（Amygdalus Communis Vas）,CC(=C)[C@@H]1CC[C@]2([C@H]1[C@H]3CC[C@@H]4[C@]5(CC[C@@H](C([C@@H]5CC[C@]4([C@@]3(CC2)C)C)(C)C)O)C)C(=O)O | CC(=CCC1=C(C2=C(C=C1O)OC(=O)C3=C2OC4=C3C=CC(=C4)O)OC)C | C[C@H]1[C@@H]([C@H]([C@H]([C@@H](O1)O[C@@H]2[C@H]([C@H](CO[C@H]2O[C@H]3CC[C@@]4([C@H]5CC[C@@H]6[C@H]7[C@@](C[C@@H](O[C@@]78C[C@]6([C@@]5(CC[C@H]4C3(C)C)C)CO8)C=C(C)C)(C)O)C)O)O[C@H]9[C@@H]([C@H]([C@@H]([C@H](O9)CO)O)O)O[C@H]1[C@@H]([C@H]([C@@H](CO1)O)O)O)O)O)O | C1[C@H](OC2=C(C1=O)C=CC(=C2)O)C3=CC=C(C=C3)O[C@H]4[C@@H]([C@H]([C@@H]([C@H](O4)CO)O)O)O,小续命汤 | 清肺汤 | 麻黄汤 | 厚朴麻黄汤 | 华盖散 | 桑白皮汤 | 清燥救肺汤 | 桂枝加厚朴杏子汤 | 桂枝麻黄各半汤 | 麻黄杏仁薏苡甘草汤 | 六和汤 | 五虎汤 | 宣痹汤,"It has the effects of stopping cough and calming wheezing, moistening intestines to relieve constipation, and diffusing the lungs to release the exterior."
S047,寒战高热交替、骨节灼痛拒按、关节肿胀烦疼、屈伸不利、面色萎黄晦暗,宣痹汤,滑石（ Native Gold）,[OH-].[OH-].[OH-].[OH-].[OH-].[OH-].F[Si-2](F)(F)(F)(F)F.[Mg+2],猪苓汤 | 除湿胃苓汤 | 宣痹汤,"It has the effects of promoting diuresis to relieve strangury, clearing heat and relieving summerheat, and (when applied topically) astringing dampness and healing sores."
S047,寒战高热交替、骨节灼痛拒按、关节肿胀烦疼、屈伸不利、面色萎黄晦暗,宣痹汤,连翘（Forsythiae Fructus）,COC1=C(C=C(C=C1)C[C@H]2COC(=O)[C@@H]2CC3=CC(=C(C=C3)OC)OC)OC | COC1=C(C=C(C=C1)[C@@H]2[C@H]3CO[C@@H]([C@H]3CO2)C4=CC(=C(C=C4)O)OC)OC | COC1=C(C=C(C=C1)[C@H]2[C@H]3CO[C@@H]([C@H]3CO2)C4=CC(=C(C=C4)O)OC)OC | CN1CCC2=CC3=C(C=C2[C@H]1[C@H]4C5=C(C6=C(C=C5)OCO6)C(=O)O4)OCO3,新加香薷饮 | 普济消毒饮子 | 清胃汤 | 柴胡清肝汤 | 宣痹汤,"It has the effects of clearing heat and detoxifying, reducing swelling and dissipating nodules"
S047,寒战高热交替、骨节灼痛拒按、关节肿胀烦疼、屈伸不利、面色萎黄晦暗,宣痹汤,栀子（Gardeniae Fructus）,CC[C@H](/C=C/[C@@H](C)[C@H]1CC[C@@H]2[C@@]1(CC[C@H]3[C@H]2CC=C4[C@@]3(CC[C@@H](C4)O)C)C)C(C)C | C1=CC(=C(C=C1C2=C(C(=O)C3=C(C=C(C=C3O2)O)O)O)O)O | COC1=CC(=C2C(=C1)OC(=CC2=O)C3=CC(=C(C(=C3)OC)OC)OC)O,清金化痰汤 | 清肺汤 | 宣郁通经汤 | 泻黄散 | 化肝煎 | 桑白皮汤 | 除湿胃苓汤 | 茵陈蒿汤 | 栀子柏皮汤 | 栀子豉汤 | 栀子大黄汤 | 清胃汤 | 解郁汤 | 柴胡清肝汤 | 滋水清肝饮 | 宣痹汤,"It has the effects of purging fire to relieve vexation, clearing heat to promote diuresis, and cooling blood to detoxify."
S047,寒战高热交替、骨节灼痛拒按、关节肿胀烦疼、屈伸不利、面色萎黄晦暗,宣痹汤,薏苡仁（Coicis Semen ）,C/C=C(/CC[C@@H](C)[C@H]1CC[C@@H]2[C@@]1(CC[C@H]3C2=CC[C@@H]4[C@@]3(CC[C@@H]([C@H]4C)O)C)C)\C(C)C | CCCCC/C=C\C/C=C\CCCCCCCC(=O)OCC | CC[C@H](CC[C@@H](C)[C@H]1CC[C@@H]2[C@@]1(CC[C@H]3[C@H]2CC=C4[C@@]3(CC[C@H](C4)O)C)C)C(C)C | CC[C@H](/C=C/[C@@H](C)[C@H]1CC[C@@H]2[C@@]1(CC[C@H]3[C@H]2CC=C4[C@@]3(CC[C@@H](C4)O)C)C)C(C)C | C[C@H](CCCC(C)C)[C@H]1CC[C@@H]2[C@@]1(CC[C@H]3[C@H]2CC=C4[C@@]3(CC[C@@H](C4)O)C)C,薏苡附子败酱散 | 麻黄杏仁薏苡甘草汤 | 宣痹汤,"It has the effects of fortifying the spleen to drain dampness, relaxing sinews, alleviating impediment, draining pus, and clearing heat."
S047,寒战高热交替、骨节灼痛拒按、关节肿胀烦疼、屈伸不利、面色萎黄晦暗,宣痹汤,半夏（Arum Ternatum Thunb）,C1=CC=C(C=C1)C2=CC(=O)C3=C(C(=C(C=C3O2)O[C@H]4[C@@H]([C@H]([C@@H]([C@H](O4)C(=O)O)O)O)O)O)O | CC[C@H](/C=C/[C@@H](C)[C@H]1CC[C@@H]2[C@@]1(CC[C@H]3[C@H]2CC=C4[C@@]3(CC[C@@H](C4)O)C)C)C(C)C | COC(=O)[C@H](CC1=CC=CC=C1)NC(=O)N2CCN(CCN(CC2)C(=O)N[C@@H](CC3=CC=CC=C3)C(=O)OC)C(=O)N[C@@H](CC4=CC=CC=C4)C(=O)OC | C1=NC2=C(N1[C@H]3[C@@H]([C@@H]([C@H](O3)CO)O)O)NC(=O)NC2=O,半夏泻心汤 | 瓜蒌薤白半夏汤 | 麦门冬汤 | 温胆汤 | 金水六君煎 | 半夏白术天麻汤 | 竹叶石膏汤 | 半夏厚朴汤 | 厚朴麻黄汤 | 升阳益胃汤 | 旋覆代赭汤 | 甘草泻心汤 | 黄连汤 | 竹茹汤 | 桑白皮汤 | 养胃汤 | 柴胡桂枝汤 | 小陷胸汤 | 生姜泻心汤 | 射干麻黄汤 | 小半夏加茯苓汤 | 苏子降气汤 | 六和汤 | 导痰汤 | 蒿芩清胆汤 | 柴胡陷胸汤 | 宣痹汤 | 连朴饮,"It has the effects of descending rebellion to stop vomiting, drying dampness to transform phlegm, and dissipating masses to resolve stagnation."
S047,寒战高热交替、骨节灼痛拒按、关节肿胀烦疼、屈伸不利、面色萎黄晦暗,宣痹汤,蚕沙（Bombyx Mori L.）,CC1=C(C(CCC1)(C)C)/C=C/C(=C/C=C/C(=C/C=C/C=C(/C=C/C=C(/C=C/C2=C(CCCC2(C)C)C)\C)\C)/C)/C | C1=CC(=CC=C1C(=O)N[C@@H](CCC(=O)O)C(=O)O)NCC2=CN=C3C(=N2)C(=O)N=C(N3)N | C[C@H](CCCC(C)C)[C@H]1CC[C@@H]2[C@@]1(CC[C@H]3[C@H]2CC=C4[C@@]3(CC[C@@H](C4)O)C)C,宣痹汤,"It has the effects of harmonizing the stomach, activating blood circulation and unblocking meridians, and dispelling wind and dampness."
S047,寒战高热交替、骨节灼痛拒按、关节肿胀烦疼、屈伸不利、面色萎黄晦暗,宣痹汤,赤小豆（Phaseoli Semen）,C1[C@@H]([C@H](OC2=C1C(=CC(=C2[C@@H]3[C@H]([C@H](OC4=CC(=CC(=C34)O)O)C5=CC(=C(C=C5)O)O)O)O)O)C6=CC(=C(C=C6)O)O)O | C1[C@@H]([C@H](OC2=CC(=CC(=C21)O)O)C3=CC(=C(C=C3)O)O)O | C1[C@@H]([C@@H](OC2=CC(=CC(=C21)O)O)C3=CC(=C(C=C3)O)O)O | C1[C@H]([C@@H](OC2=CC(=CC(=C21)O)O)C3=CC(=C(C=C3)O)O)O,宣痹汤,"It has the effects of clearing heat and detoxifying, promoting diuresis and reducing swelling, and removing dampness to relieve jaundice."
S048,胁下、脘腹积块瘀滞、痛处固定不移、卧则腹内坠胀、久泻不止,膈下逐瘀汤,五灵脂（Oletum Trogopterori）,C[C@]1(CC[C@@]2(CC[C@@]3(C(=CC[C@H]4[C@]3(CC[C@@H]5[C@@]4(CC[C@@H](C5(C)C)O)C)C)[C@@H]2C1)C)C(=O)O)C(=O)O | C[C@@]12CC[C@@H]3[C@@]([C@H]1CC=C4[C@]2(CC[C@@]5([C@H]4CC(CC5)(C)C)C(=O)O)C)(C[C@H]([C@@H](C3(C)C)O)O)C | CC1(CCC2C(=CCC3C2(CCC(C3C(=O)OC)O)C)C1)C(CO)O | COC1=CC(=CC2=C1C=CC(=O)O2)O | C1=NC2=C(N1)C(=O)NC=N2,身痛逐瘀汤 | 膈下逐瘀汤,"It has the effects of activating blood circulation to relieve pain, resolving food stagnation, transforming stasis to stop bleeding, and detoxifying."
S048,胁下、脘腹积块瘀滞、痛处固定不移、卧则腹内坠胀、久泻不止,膈下逐瘀汤,当归(Angelicae Sinensis Radix),CC1=CC[C@@]2(CCCC([C@]23[C@H]1C3)(C)C)C | CC[C@H](CC[C@@H](C)[C@H]1CC[C@@H]2[C@@]1(CC[C@H]3[C@H]2CC=C4[C@@]3(CC[C@@H](C4)O)C)C)C(C)C | CC[C@H](/C=C/[C@@H](C)[C@H]1CC[C@@H]2[C@@]1(CC[C@H]3[C@H]2CC=C4[C@@]3(CC[C@@H](C4)O)C)C)C(C)C | C[C@@H]1CC[C@@H]2[C@]13CC=C([C@H](C3)C2(C)C)C | C1=CC=C(C=C1)C2=CC(=S)C=C(S2)C3=CC=CC=C3,温经汤 | 一贯煎 | 桃红四物汤 | 当归饮子 | 当归补血汤 | 金水六君煎 | 济川煎 | 清肺汤 | 宣郁通经汤 | 当归四逆汤 | 当归建中汤 | 当归六黄汤 | 身痛逐瘀汤 | 三痹汤 | 清胃散 | 圣愈汤 | 乌药汤 | 大秦艽汤 | 暖肝煎 | 托里消毒散 | 清上蠲痛汤 | 蠲痹汤 | 清肝止淋汤 | 四妙勇安汤 | 黄连膏 | 凉血地黄汤 | 当归散 | 温脾丸 | 苏子降气汤 | 佛手散 | 芍药汤 | 门冬清肺饮 | 大补元煎 | 泰山磐石散 | 滋阴降火汤 | 清胃汤 | 解郁汤 | 固本止崩汤 | 养精种玉汤 | 定经汤 | 调肝汤 | 柴胡清肝汤 | 四物消风饮 | 地黄饮 | 凉血四物汤 | 滋水清肝饮 | 膈下逐瘀汤 | 会厌逐瘀汤 | 补肾活血汤 | 活络效灵丹,"It has the effects of nourishing blood, promoting blood circulation, regulating menstruation, relieving pain, and moistening intestines to relieve constipation."
S048,胁下、脘腹积块瘀滞、痛处固定不移、卧则腹内坠胀、久泻不止,膈下逐瘀汤,川芎(Chuanxiong Rhizoma),CCCCC/C=C\C/C=C\CCCCCCCC(=O)OCC | C1=CC=C2C(=C1)C3=C(N2)C(=NC=C3)C4=CC=C(O4)CO | CC1=CC(=O)C=C(C1=O)C/C=C(\C)/CC/C=C(\C)/CCC=C(C)C | C1=CC(=CC=C1C(=O)N[C@@H](CCC(=O)O)C(=O)O)NCC2=CN=C3C(=N2)C(=O)NC(=N3)N | COC1=C2C=C(CCCCC(=O)CCC3=CC2=C(C=C3)O)C(=C1OC)O,温经汤 | 桃红四物汤 | 小续命汤 | 当归饮子 | 羌活胜湿汤 | 身痛逐瘀汤 | 散偏汤 | 辛夷散 | 三痹汤 | 圣愈汤 | 大秦艽汤 | 托里消毒散 | 清上蠲痛汤 | 蠲痹汤 | 当归散 | 佛手散 | 羌活胜风汤 | 牛蒡甘桔汤 | 泰山磐石散 | 滋阴降火汤 | 柴胡清肝汤 | 四物消风饮 | 凉血四物汤 | 通窍活血汤 | 膈下逐瘀汤,"It has the effects of activating blood circulation, promoting qi movement, dispelling wind, and relieving pain."
S048,胁下、脘腹积块瘀滞、痛处固定不移、卧则腹内坠胀、久泻不止,膈下逐瘀汤,桃仁（Persicae Semen）,CC12C=CC[C@@]3([C@@H]1[C@@H]([C@]45[C@H]3C[C@H]([C@](C4)(C(=C)C5)O[Si](C)(C)C)O[Si](C)(C)C)C(=O)OC)OC2=O | CC12CC=C[C@]3([C@@H]1[C@@H]([C@]45[C@H]3C[C@H](C(C4)C(=C)C5)O[Si](C)(C)C)C(=O)OC)OC2=O | C[C@@]12CCC[C@@]3([C@@H]1[C@@H]([C@]45[C@H]3CC[C@](C4)(C(=C)C5)O)C(=O)O)COC2=O | C[C@@]12CCC[C@@]3([C@@H]1[C@@H]([C@]45[C@H]3C[C@@H]([C@](C4)(C(=C)C5)O)O)C(=O)O)OC2=O | C[C@@]12CC[C@H]([C@@]3([C@@H]1[C@@H]([C@]45[C@H]3CC[C@](C4)(C(=C)C5)O)C(=O)O)OC2=O)O,桃红四物汤 | 桃核承气汤 | 身痛逐瘀汤 | 通窍活血汤 | 膈下逐瘀汤 | 会厌逐瘀汤,"It has the effects of activating blood circulation to dispel stasis, and moistening intestines to relieve constipation."
S048,胁下、脘腹积块瘀滞、痛处固定不移、卧则腹内坠胀、久泻不止,膈下逐瘀汤,牡丹皮（Cortex Moutan）,C[C@]12C[C@@]3([C@@H]4C[C@]1([C@@]4([C@H](O2)O3)COC(=O)C5=CC=CC=C5)O[C@H]6[C@@H]([C@H]([C@@H]([C@H](O6)CO)O)O)O)O | CC(=C)[C@@H]1CC[C@]2([C@H]1[C@H]3CC[C@@H]4[C@]5(CC[C@@H](C([C@@H]5CC[C@]4([C@@]3(CC2)C)C)(C)C)O)C)C(=O)O | C1[C@@H]([C@H](OC2=CC(=CC(=C21)O)O)C3=CC(=C(C=C3)O)O)O | C1=CC(=C(C=C1C2=C(C(=O)C3=C(C=C(C=C3O2)O)O)O)O)O,温经汤 | 宣郁通经汤 | 化肝煎 | 清胃散 | 清经散 | 清肝止淋汤 | 柴葛解肌汤 | 地黄饮 | 滋水清肝饮 | 膈下逐瘀汤,"It has the effects of clearing heat and cooling blood, activating blood circulation and dissipating blood stasis."
S048,胁下、脘腹积块瘀滞、痛处固定不移、卧则腹内坠胀、久泻不止,膈下逐瘀汤,赤芍（ Radix Paeoniae Rubra）,C1=C2C3=C(C(=C1O)O)OC(=O)C4=CC(=C(C(=C43)OC2=O)O)O | CC12CC3C4CC1(C4(C(=O)O3)COC(=O)C5=CC=CC=C5)OC6C(C(C(OC6O2)CO)O)O | CC[C@H](/C=C/[C@@H](C)[C@H]1CC[C@@H]2[C@@]1(CC[C@H]3C2=CC[C@@H]4[C@@]3(CC[C@@H](C4)O)C)C)C(C)C | C[C@]12C[C@@]3([C@@H]4C[C@]1([C@@]4([C@H](O2)O3)COC(=O)C5=CC=CC=C5)O[C@H]6[C@@H]([C@H]([C@@H]([C@H](O6)CO)O)O)O)O,牛蒡甘桔汤 | 柴葛解肌汤 | 柴胡清肝汤 | 四物消风饮 | 凉血四物汤 | 通窍活血汤 | 膈下逐瘀汤 | 会厌逐瘀汤,It has the effects of promoting blood circulation to remove blood stasis and clearing heat and cooling blood.
S048,胁下、脘腹积块瘀滞、痛处固定不移、卧则腹内坠胀、久泻不止,膈下逐瘀汤,乌药（Linderae Radix ）,COC1=C(C=C2C[C@H]3C4=C(C2=C1)C(=C(C=C4CCN3)O)OC)O | C/C/1=C\CC[C@@]23[C@@H](O2)[C@H](C4=C(C1)OC=C4C)OC3=O | CC[C@H](CC[C@@H](C)[C@H]1CC[C@@H]2[C@@]1(CC[C@H]3[C@H]2CC=C4[C@@]3(CC[C@@H](C4)O)C)C)C(C)C | CC[C@H](CC[C@@H](C)[C@H]1CC[C@@H]2[C@@]1(CC[C@H]3[C@H]2CC=C4[C@@]3(CC[C@H](C4)O)C)C)C(C)C | C1=CC(=C(C=C1C2=C(C(=O)C3=C(C=C(C=C3O2)O)O)O)O)O,乌药汤 | 暖肝煎 | 六磨汤 | 膈下逐瘀汤,It has the effects of tonifying kidney yang and moving qi to relieve pain.
S048,胁下、脘腹积块瘀滞、痛处固定不移、卧则腹内坠胀、久泻不止,膈下逐瘀汤,延胡索（Corydalis Rhizoma）,CN1CCC2=CC(=C(C=C2C(=O)CC3=C(C1)C4=C(C=C3)OCO4)OC)OC | COC1=C(C2=C(C[C@H]3C4=CC(=C(C=C4CCN3C2)OC)OC)C=C1)OC | COC1=C(C=C2[C@@H]3CC4=C(CN3CCC2=C1)C(=C(C=C4)O)OC)OC | CN1CCC2=CC3=C(C=C2C(=O)CC4=C(C1)C5=C(C=C4)OCO5)OCO3,膈下逐瘀汤,"It has the effects of promoting blood circulation and removing blood stasis, regulating qi and relieving pain."
S048,胁下、脘腹积块瘀滞、痛处固定不移、卧则腹内坠胀、久泻不止,膈下逐瘀汤,甘草(licorice ),CC(=CCC1=C(C2=C(C=C1O)OC(=O)C3=C2OC4=C3C=CC(=C4)O)OC)C | CC1(C=CC2=C(O1)C=CC3=C2OC[C@@H]4[C@H]3OC5=C4C=CC(=C5)O)C | CC1(CCC2=C(O1)C=C3C(=C2OC)C=C(C(=O)O3)C4=C(C=C(C=C4)O)O)CO | CC1(C=CC2=C(O1)C=CC(=C2O)C3COC4=C(C3=O)C(=CC(=C4)O)OC)C | CC(=CCC1=C(C=CC2=C1OC(=O)C3=C2OC4=C3C=CC(=C4)O)O)C,苓桂术甘汤 | 温经汤 | 枇杷清肺饮 | 二冬汤 | 桃核承气汤 | 芍药甘草汤 | 半夏泻心汤 | 麦门冬汤 | 温胆汤 | 小续命汤 | 当归饮子 | 泻白散 | 清心莲子饮 | 羌活胜湿汤 | 清金化痰汤 | 金水六君煎 | 清肺汤 | 保元汤 | 半夏白术天麻汤 | 宣郁通经汤 | 异功散 | 泻黄散 | 白术散 | 消乳丸 | 人参五味子汤 | 清宁散 | 竹叶石膏汤 | 麻黄汤 | 当归四逆汤 | 桂枝芍药知母汤 | 当归建中汤 | 升阳益胃汤 | 厚朴温中汤 | 保阴煎 | 固阴煎 | 清骨散 | 达原饮 | 沙参麦冬汤 | 完带汤 | 身痛逐瘀汤 | 散偏汤 | 旋覆代赭汤 | 甘草泻心汤 | 黄连汤 | 橘皮竹茹汤 | 甘姜苓术汤 | 厚朴七物汤 | 温脾汤 | 竹茹汤 | 辛夷散 | 实脾散 | 甘露饮 | 华盖散 | 三痹汤 | 乌药汤 | 大秦艽汤 | 托里消毒散 | 清上蠲痛汤 | 养胃汤 | 石决明散 | 三甲复脉汤 | 蠲痹汤 | 四妙勇安汤 | 除湿胃苓汤 | 清燥救肺汤 | 凉血地黄汤 | 桂枝甘草汤 | 栀子柏皮汤 | 黄芩汤 | 茯苓桂枝甘 草大枣汤 | 柴胡桂枝汤 | 通脉四逆汤 | 桂枝加厚朴杏子汤 | 桂枝麻黄各半汤 | 柴胡桂枝干姜汤 | 桂枝人参汤 | 生姜泻心汤 | 白虎加人参汤 | 调胃承气汤 | 桔梗汤 | 防己黄芪汤 | 苓甘五味姜辛汤 | 防己茯苓汤 | 越婢汤 | 麻黄杏仁薏苡甘草汤 | 瓜蒌桂枝汤 | 生姜甘草汤 | 苏子降气汤 | 香苏散 | 升麻葛根汤 | 平胃散 | 六和汤 | 五虎汤 | 芍药汤 | 门冬清肺饮 | 普济消毒饮子 | 羌活胜风汤 | 牛蒡甘桔汤 | 大补元煎 | 左归饮 | 举元煎 | 茜根散 | 泰山磐石散 | 滋阴降火汤 | 清胃汤 | 调肝汤 | 柴葛解肌汤 | 茵陈术附汤 | 阳和汤 | 柴胡清肝汤 | 地黄饮 | 凉血四物汤 | 膈下逐瘀汤 | 会厌逐瘀汤,"It has the effects of tonifying the spleen and replenishing qi, clearing heat and detoxifying, dispelling phlegm and stopping cough, relieving spasm and alleviating pain, as well as harmonizing the actions of other herbs."
S048,胁下、脘腹积块瘀滞、痛处固定不移、卧则腹内坠胀、久泻不止,膈下逐瘀汤,香附（Cyperi Rhizoma ）,COC1=C(C=CC(=C1)C2=C(C(=O)C3=C(C=C(C=C3O2)O)O)O)O | COC1=C2C=COC2=CC3=C1C(=O)C=C(O3)CO[C@@H]4[C@H]([C@@H]([C@H]([C@@H](O4)CO)O)O)O | C[C@]1(CC[C@@]2([C@@H](C1)C(=O)C[C@@H]3[C@]24CCC[C@@]3(C(=O)O4)C)C)C=C | COC1=C(C2=C(C[C@H]3C4=CC(=C(C=C4CCN3C2)OC)OC)C=C1)OC | CC[C@H](/C=C/[C@@H](C)[C@H]1CC[C@@H]2[C@@]1(CC[C@H]3[C@H]2CC=C4[C@@]3(CC[C@@H](C4)O)C)C)C(C)C,宣郁通经汤 | 消乳丸 | 身痛逐瘀汤 | 散偏汤 | 清肝止淋汤 | 膈下逐瘀汤,"It has the effects of relieving pain, moving qi to soothe the liver, preventing miscarriage, and regulating menstruation."
S048,胁下、脘腹积块瘀滞、痛处固定不移、卧则腹内坠胀、久泻不止,膈下逐瘀汤,红花（Carthami Flos）,CC1=C[C@@H](CC([C@H]1/C=C/C(=C/C=C/C(=C/C=C/C=C(\C)/C=C/C=C(\C)/[C@H]2C=C3[C@](O2)(C[C@H](CC3(C)C)O)C)/C)/C)(C)C)O | COC1=CC(=C/C=C/C=C2C=C(C(=O)C(=C2)OC)OC)C=C(C1=O)OC | CC1=C(C(=O)C[C@@H]1OC(=O)[C@@H]2[C@H](C2(C)C)/C=C(\C)/C(=O)OC)C/C=C\C=C | C1=CC(=CC=C1C2=C(C(=O)C3=C(O2)C=C(C(=C3O)O)O)O)O,桃红四物汤 | 身痛逐瘀汤 | 地黄饮 | 凉血四物汤 | 通窍活血汤 | 膈下逐瘀汤 | 会厌逐瘀汤 | 补肾活血汤,"It has the effects of activating blood circulation to promote menstruation, dissipating blood stasis and alleviating pain."
S048,胁下、脘腹积块瘀滞、痛处固定不移、卧则腹内坠胀、久泻不止,膈下逐瘀汤,枳壳（Aurantii Fructus）,C/C(=C\COC1=CC2=C(C=C1)C=CC(=O)O2)/CC[C@H](C(C)(C)O)O | COC1=C(C=C(C=C1)[C@@H]2CC(=O)C3=C(C=C(C=C3O2)O)O)O | CC[C@H](CC[C@@H](C)[C@H]1CC[C@@H]2[C@@]1(CC[C@H]3[C@H]2CC=C4[C@@]3(CC[C@@H](C4)O)C)C)C(C)C | C1[C@H](OC2=CC(=CC(=C2C1=O)O)O)C3=CC=C(C=C3)O | COC1=C(C=C(C=C1)C2=CC(=O)C3=C(O2)C(=C(C(=C3OC)OC)OC)OC)OC | CNCCC1=CC=C(C=C1)O,济川煎 | 槐花散 | 甘露饮 | 凉血地黄汤 | 羌活胜风汤 | 六磨汤 | 清胃汤 | 解郁汤 | 蒿芩清胆汤 | 膈下逐瘀汤 | 会厌逐瘀汤,"It has the effects of regulating qi to relieve middle-jiao distension, moving stagnation to reduce bloating."
S049,咽喉肿痛、水呛、声嘶、咽部异物感、久病喑哑,会厌逐瘀汤,桃仁（Persicae Semen）,CC12C=CC[C@@]3([C@@H]1[C@@H]([C@]45[C@H]3C[C@H]([C@](C4)(C(=C)C5)O[Si](C)(C)C)O[Si](C)(C)C)C(=O)OC)OC2=O | CC12CC=C[C@]3([C@@H]1[C@@H]([C@]45[C@H]3C[C@H](C(C4)C(=C)C5)O[Si](C)(C)C)C(=O)OC)OC2=O | C[C@@]12CCC[C@@]3([C@@H]1[C@@H]([C@]45[C@H]3CC[C@](C4)(C(=C)C5)O)C(=O)O)COC2=O | C[C@@]12CCC[C@@]3([C@@H]1[C@@H]([C@]45[C@H]3C[C@@H]([C@](C4)(C(=C)C5)O)O)C(=O)O)OC2=O | C[C@@]12CC[C@H]([C@@]3([C@@H]1[C@@H]([C@]45[C@H]3CC[C@](C4)(C(=C)C5)O)C(=O)O)OC2=O)O,桃红四物汤 | 桃核承气汤 | 身痛逐瘀汤 | 通窍活血汤 | 膈下逐瘀汤 | 会厌逐瘀汤,"It has the effects of activating blood circulation to dispel stasis, and moistening intestines to relieve constipation."
S049,咽喉肿痛、水呛、声嘶、咽部异物感、久病喑哑,会厌逐瘀汤,红花（Carthami Flos）,CC1=C[C@@H](CC([C@H]1/C=C/C(=C/C=C/C(=C/C=C/C=C(\C)/C=C/C=C(\C)/[C@H]2C=C3[C@](O2)(C[C@H](CC3(C)C)O)C)/C)/C)(C)C)O | COC1=CC(=C/C=C/C=C2C=C(C(=O)C(=C2)OC)OC)C=C(C1=O)OC | CC1=C(C(=O)C[C@@H]1OC(=O)[C@@H]2[C@H](C2(C)C)/C=C(\C)/C(=O)OC)C/C=C\C=C | C1=CC(=CC=C1C2=C(C(=O)C3=C(O2)C=C(C(=C3O)O)O)O)O,桃红四物汤 | 身痛逐瘀汤 | 地黄饮 | 凉血四物汤 | 通窍活血汤 | 膈下逐瘀汤 | 会厌逐瘀汤 | 补肾活血汤,"It has the effects of activating blood circulation to promote menstruation, dissipating blood stasis and alleviating pain."
S049,咽喉肿痛、水呛、声嘶、咽部异物感、久病喑哑,会厌逐瘀汤,甘草(licorice ),CC(=CCC1=C(C2=C(C=C1O)OC(=O)C3=C2OC4=C3C=CC(=C4)O)OC)C | CC1(C=CC2=C(O1)C=CC3=C2OC[C@@H]4[C@H]3OC5=C4C=CC(=C5)O)C | CC1(CCC2=C(O1)C=C3C(=C2OC)C=C(C(=O)O3)C4=C(C=C(C=C4)O)O)CO | CC1(C=CC2=C(O1)C=CC(=C2O)C3COC4=C(C3=O)C(=CC(=C4)O)OC)C | CC(=CCC1=C(C=CC2=C1OC(=O)C3=C2OC4=C3C=CC(=C4)O)O)C,苓桂术甘汤 | 温经汤 | 枇杷清肺饮 | 二冬汤 | 桃核承气汤 | 芍药甘草汤 | 半夏泻心汤 | 麦门冬汤 | 温胆汤 | 小续命汤 | 当归饮子 | 泻白散 | 清心莲子饮 | 羌活胜湿汤 | 清金化痰汤 | 金水六君煎 | 清肺汤 | 保元汤 | 半夏白术天麻汤 | 宣郁通经汤 | 异功散 | 泻黄散 | 白术散 | 消乳丸 | 人参五味子汤 | 清宁散 | 竹叶石膏汤 | 麻黄汤 | 当归四逆汤 | 桂枝芍药知母汤 | 当归建中汤 | 升阳益胃汤 | 厚朴温中汤 | 保阴煎 | 固阴煎 | 清骨散 | 达原饮 | 沙参麦冬汤 | 完带汤 | 身痛逐瘀汤 | 散偏汤 | 旋覆代赭汤 | 甘草泻心汤 | 黄连汤 | 橘皮竹茹汤 | 甘姜苓术汤 | 厚朴七物汤 | 温脾汤 | 竹茹汤 | 辛夷散 | 实脾散 | 甘露饮 | 华盖散 | 三痹汤 | 乌药汤 | 大秦艽汤 | 托里消毒散 | 清上蠲痛汤 | 养胃汤 | 石决明散 | 三甲复脉汤 | 蠲痹汤 | 四妙勇安汤 | 除湿胃苓汤 | 清燥救肺汤 | 凉血地黄汤 | 桂枝甘草汤 | 栀子柏皮汤 | 黄芩汤 | 茯苓桂枝甘 草大枣汤 | 柴胡桂枝汤 | 通脉四逆汤 | 桂枝加厚朴杏子汤 | 桂枝麻黄各半汤 | 柴胡桂枝干姜汤 | 桂枝人参汤 | 生姜泻心汤 | 白虎加人参汤 | 调胃承气汤 | 桔梗汤 | 防己黄芪汤 | 苓甘五味姜辛汤 | 防己茯苓汤 | 越婢汤 | 麻黄杏仁薏苡甘草汤 | 瓜蒌桂枝汤 | 生姜甘草汤 | 苏子降气汤 | 香苏散 | 升麻葛根汤 | 平胃散 | 六和汤 | 五虎汤 | 芍药汤 | 门冬清肺饮 | 普济消毒饮子 | 羌活胜风汤 | 牛蒡甘桔汤 | 大补元煎 | 左归饮 | 举元煎 | 茜根散 | 泰山磐石散 | 滋阴降火汤 | 清胃汤 | 调肝汤 | 柴葛解肌汤 | 茵陈术附汤 | 阳和汤 | 柴胡清肝汤 | 地黄饮 | 凉血四物汤 | 膈下逐瘀汤 | 会厌逐瘀汤,"It has the effects of tonifying the spleen and replenishing qi, clearing heat and detoxifying, dispelling phlegm and stopping cough, relieving spasm and alleviating pain, as well as harmonizing the actions of other herbs."
S049,咽喉肿痛、水呛、声嘶、咽部异物感、久病喑哑,会厌逐瘀汤,桔梗（Platycodon Grandiforus）,CC[C@H](/C=C/[C@@H](C)[C@H]1CC[C@@H]2[C@@]1(CC[C@H]3C2=CC[C@@H]4[C@@]3(CC[C@@H](C4)O)C)C)C(C)C | C1=CC(=C(C=C1[C@H]2[C@H](C(=O)C3=C(C=C(C=C3O2)O)O)O)O)O | C[C@H]1[C@@H]([C@H]([C@H]([C@@H](O1)OC[C@@H]2[C@@H]([C@@H]([C@H]([C@@H](O2)OC3=C(OC4=CC(=CC(=C4C3=O)O)O[C@H]5[C@@H]([C@@H]([C@H]([C@@H](O5)C)O)O)O)C6=CC=C(C=C6)O)O)O)O)O)O)O,升陷汤 | 清金化痰汤 | 清肺汤 | 托里消毒散 | 桔梗汤 | 普济消毒饮子 | 羌活胜风汤 | 牛蒡甘桔汤 | 柴胡陷胸汤 | 会厌逐瘀汤,"It has the effects of diffusing the lungs, relieving sore throat, eliminating phlegm, and draining pus."
S049,咽喉肿痛、水呛、声嘶、咽部异物感、久病喑哑,会厌逐瘀汤,地黄(Rehmanniae Radix Praeparata),CCCCC/C=C\C/C=C\CCCCCCCC(=O)O | CC[C@H](CC[C@@H](C)[C@H]1CC[C@@H]2[C@@]1(CC[C@H]3[C@H]2CC=C4[C@@]3(CC[C@H](C4)O)C)C)C(C)C | CO[C@@H]1CC2C([C@H](O1)OC)C3(C(C2O)O3)CO | C[C@@H]1[C@H]([C@H]([C@H]([C@@H](O1)OC[C@@H]2[C@H]([C@@H]([C@H]([C@@H](O2)O[C@H]3[C@H]4[C@H](CCC4=C)C(=CO3)C(=O)OC)O)O)O)O)O)O | CC[C@H](/C=C/[C@@H](C)[C@H]1CC[C@@H]2[C@@]1(CC[C@H]3[C@H]2CC=C4[C@@]3(CC[C@@H](C4)O)C)C)C(C)C,一贯煎 | 桃红四物汤 | 当归饮子 | 百合地黄汤 | 当归六黄汤 | 保阴煎 | 甘露饮 | 三痹汤 | 清胃散 | 圣愈汤 | 大秦艽汤 | 三甲复脉汤 | 益胃汤 | 清肝止淋汤 | 黄连膏 | 凉血地黄汤 | 驻景丸 | 茜根散 | 滋阴降火汤 | 柴葛解肌汤 | 柴胡清肝汤 | 四物消风饮 | 地黄饮 | 凉血四物汤 | 增液承气汤 | 会厌逐瘀汤,"It has the effects of tonifying essence and replenishing marrow, nourishing blood, and supplementing yin."
S049,咽喉肿痛、水呛、声嘶、咽部异物感、久病喑哑,会厌逐瘀汤,当归(Angelicae Sinensis Radix),CC1=CC[C@@]2(CCCC([C@]23[C@H]1C3)(C)C)C | CC[C@H](CC[C@@H](C)[C@H]1CC[C@@H]2[C@@]1(CC[C@H]3[C@H]2CC=C4[C@@]3(CC[C@@H](C4)O)C)C)C(C)C | CC[C@H](/C=C/[C@@H](C)[C@H]1CC[C@@H]2[C@@]1(CC[C@H]3[C@H]2CC=C4[C@@]3(CC[C@@H](C4)O)C)C)C(C)C | C[C@@H]1CC[C@@H]2[C@]13CC=C([C@H](C3)C2(C)C)C | C1=CC=C(C=C1)C2=CC(=S)C=C(S2)C3=CC=CC=C3,温经汤 | 一贯煎 | 桃红四物汤 | 当归饮子 | 当归补血汤 | 金水六君煎 | 济川煎 | 清肺汤 | 宣郁通经汤 | 当归四逆汤 | 当归建中汤 | 当归六黄汤 | 身痛逐瘀汤 | 三痹汤 | 清胃散 | 圣愈汤 | 乌药汤 | 大秦艽汤 | 暖肝煎 | 托里消毒散 | 清上蠲痛汤 | 蠲痹汤 | 清肝止淋汤 | 四妙勇安汤 | 黄连膏 | 凉血地黄汤 | 当归散 | 温脾丸 | 苏子降气汤 | 佛手散 | 芍药汤 | 门冬清肺饮 | 大补元煎 | 泰山磐石散 | 滋阴降火汤 | 清胃汤 | 解郁汤 | 固本止崩汤 | 养精种玉汤 | 定经汤 | 调肝汤 | 柴胡清肝汤 | 四物消风饮 | 地黄饮 | 凉血四物汤 | 滋水清肝饮 | 膈下逐瘀汤 | 会厌逐瘀汤 | 补肾活血汤 | 活络效灵丹,"It has the effects of nourishing blood, promoting blood circulation, regulating menstruation, relieving pain, and moistening intestines to relieve constipation."
S049,咽喉肿痛、水呛、声嘶、咽部异物感、久病喑哑,会厌逐瘀汤,玄参（Figwort Root ）,C[C@]12C[C@@]3([C@@H]4C[C@]1([C@@]4([C@H](O2)O3)COC(=O)C5=CC=CC=C5)O[C@H]6[C@@H]([C@H]([C@@H]([C@H](O6)CO)O)O)O)O | CC(C)C1=C(C=C2C(=C1)C(=O)C[C@@H]3[C@@]2(CCCC3(C)C)C)O | CC[C@H](CC[C@@H](C)[C@H]1CC[C@@H]2[C@@]1(CC[C@H]3[C@H]2CC=C4[C@@]3(CC[C@@H](C4)O)C)C)C(C)C,两地汤 | 四妙勇安汤 | 普济消毒饮子 | 消瘰丸 | 地黄饮 | 增液承气汤 | 会厌逐瘀汤,"It has the effects of cooling blood to nourish yin, and purging fire to detoxify."
S049,咽喉肿痛、水呛、声嘶、咽部异物感、久病喑哑,会厌逐瘀汤,柴胡（Radix Bupleuri）,COC1=C(C=CC(=C1)C2=C(C(=O)C3=C(C=C(C=C3O2)O)O)O)O | COC1=C(C=C(C(=C1)C2=CC(=O)C3=C(C(=C(C=C3O2)OC)OC)O)O)O | C1[C@@H]([C@H]([C@H](O1)O)CC2=CC3=C(C=C2)OCO3)CC4=CC5=C(C=C4)OCO5 | CC1(CCCC23[C@@H]1[C@@H](C([C@]45[C@H]2CC[C@H](C4O)C(=C)C5=O)(OC3)O)O)C | C/C=C(\C)/C(=O)O[C@H]1[C@H](C(OC2=C1C3=C(C=C2)C=CC(=O)O3)(C)C)OC(=O)/C(=C/C)/C,升陷汤 | 宣郁通经汤 | 升阳益胃汤 | 完带汤 | 散偏汤 | 柴胡桂枝汤 | 柴胡桂枝干姜汤 | 佛手散 | 普济消毒饮子 | 羌活胜风汤 | 滋阴降火汤 | 定经汤 | 柴葛解肌汤 | 柴胡清肝汤 | 四物消风饮 | 滋水清肝饮 | 柴胡陷胸汤 | 会厌逐瘀汤,"It has the effects of dispersing and reducing fever, soothing the liver, and lifting yang."
S049,咽喉肿痛、水呛、声嘶、咽部异物感、久病喑哑,会厌逐瘀汤,枳壳（Aurantii Fructus）,C/C(=C\COC1=CC2=C(C=C1)C=CC(=O)O2)/CC[C@H](C(C)(C)O)O | COC1=C(C=C(C=C1)[C@@H]2CC(=O)C3=C(C=C(C=C3O2)O)O)O | CC[C@H](CC[C@@H](C)[C@H]1CC[C@@H]2[C@@]1(CC[C@H]3[C@H]2CC=C4[C@@]3(CC[C@@H](C4)O)C)C)C(C)C | C1[C@H](OC2=CC(=CC(=C2C1=O)O)O)C3=CC=C(C=C3)O | COC1=C(C=C(C=C1)C2=CC(=O)C3=C(O2)C(=C(C(=C3OC)OC)OC)OC)OC | CNCCC1=CC=C(C=C1)O,济川煎 | 槐花散 | 甘露饮 | 凉血地黄汤 | 羌活胜风汤 | 六磨汤 | 清胃汤 | 解郁汤 | 蒿芩清胆汤 | 膈下逐瘀汤 | 会厌逐瘀汤,"It has the effects of regulating qi to relieve middle-jiao distension, moving stagnation to reduce bloating."
S049,咽喉肿痛、水呛、声嘶、咽部异物感、久病喑哑,会厌逐瘀汤,赤芍（ Radix Paeoniae Rubra）,C1=C2C3=C(C(=C1O)O)OC(=O)C4=CC(=C(C(=C43)OC2=O)O)O | CC12CC3C4CC1(C4(C(=O)O3)COC(=O)C5=CC=CC=C5)OC6C(C(C(OC6O2)CO)O)O | CC[C@H](/C=C/[C@@H](C)[C@H]1CC[C@@H]2[C@@]1(CC[C@H]3C2=CC[C@@H]4[C@@]3(CC[C@@H](C4)O)C)C)C(C)C | C[C@]12C[C@@]3([C@@H]4C[C@]1([C@@]4([C@H](O2)O3)COC(=O)C5=CC=CC=C5)O[C@H]6[C@@H]([C@H]([C@@H]([C@H](O6)CO)O)O)O)O,牛蒡甘桔汤 | 柴葛解肌汤 | 柴胡清肝汤 | 四物消风饮 | 凉血四物汤 | 通窍活血汤 | 膈下逐瘀汤 | 会厌逐瘀汤,It has the effects of promoting blood circulation to remove blood stasis and clearing heat and cooling blood.
S050,突发或渐进性耳聋、伴腰膝酸软、耳鸣如蝉、眼珠刺痛、转动时加重,补肾活血汤,熟地黄（Rehmanniae Radix Praeparata）,CC[C@H](CC[C@@H](C)[C@H]1CC[C@@H]2[C@@]1(CC[C@H]3[C@H]2CC=C4[C@@]3(CC[C@H](C4)O)C)C)C(C)C | CC[C@H](/C=C/[C@@H](C)[C@H]1CC[C@@H]2[C@@]1(CC[C@H]3[C@H]2CC=C4[C@@]3(CC[C@@H](C4)O)C)C)C(C)C,地黄饮子 | 金水六君煎 | 当归六黄汤 | 玉女煎 | 保阴煎 | 固阴煎 | 甘露饮 | 圣愈汤 | 大秦艽汤 | 清经散 | 驻景丸 | 大补元煎 | 左归饮 | 泰山磐石散 | 滋阴降火汤 | 固本止崩汤 | 养精种玉汤 | 定经汤 | 阳和汤 | 地黄饮 | 滋水清肝饮 | 补肾活血汤,"It has the effects of tonifying essence and replenishing marrow, nourishing blood, and supplementing yin."
S050,突发或渐进性耳聋、伴腰膝酸软、耳鸣如蝉、眼珠刺痛、转动时加重,补肾活血汤,杜仲（Eucommiae Cortex）,COC1=CC(=CC(=C1O)OC)[C@@H]2[C@H]3CO[C@@H]([C@H]3CO2)C4=CC(=C(C=C4)O)OC | CC(=C)[C@@H]1CC[C@]2([C@H]1[C@H]3CC[C@@H]4[C@]5(CC[C@@H](C([C@@H]5CC[C@]4([C@@]3(CC2)C)C)(C)C)O)C)C(=O)O | COC1=C(C=CC(=C1)[C@@H]2[C@H]3CO[C@@H]([C@]3(CO2)O)C4=CC(=C(C=C4)O)OC)O | COC1=CC(=CC(=C1OC)OC)[C@@H]2[C@H]3CO[C@@H]([C@H]3CO2)C4=CC(=C(C(=C4)OC)OC)OC | C[C@H]1C[C@@H]2[C@H]([C@H]([C@]3(O2)CC[C@H]4[C@@H]5CC=C6C[C@H](CC[C@@]6([C@H]5CC4=C3C)C)O)C)NC1,三痹汤 | 大补元煎 | 补肾活血汤,"It has the effects of tonifying the liver and kidneys, strengthening tendons and bones, and preventing miscarriage (or stabilizing the fetus)."
S050,突发或渐进性耳聋、伴腰膝酸软、耳鸣如蝉、眼珠刺痛、转动时加重,补肾活血汤,枸杞子( Lycii Fructus),C/C=C(/CC[C@@H](C)[C@H]1CC[C@@H]2[C@@]1(CC[C@H]3C2=CC[C@@H]4[C@@]3(CC[C@@H]([C@H]4C)O)C)C)\C(C)C | CC[C@H](/C=C/[C@@H](C)[C@H]1CC[C@@H]2[C@@]1(CC[C@H]3[C@H]2CC=C4[C@@]3(CC[C@@H](C4)O)C)C)C(C)C | CC(C)CCN1C=C/C(=C\C2=CC=[N+](C3=CC=CC=C23)CCC(C)C)/C4=CC=CC=C41.[I-] | C[C@@H]1[C@H](CC[C@]2([C@H]1CC=C3[C@@H]2CC[C@]4([C@H]3CC[C@@H]4[C@H](C)CCC(=C)C(C)C)C)C)O | C/C=C(\CC[C@@H](C)[C@H]1CC[C@@H]2[C@@]1(CC[C@H]3[C@H]2CC=C4[C@@]3(CC[C@@H](C4)O)C)C)/C(C)C,一贯煎 | 暖肝煎 | 大补元煎 | 左归饮 | 补肾活血汤,"It has the effects of tonifying kidney yin, moistening the lungs, and nourishing the liver."
S050,突发或渐进性耳聋、伴腰膝酸软、耳鸣如蝉、眼珠刺痛、转动时加重,补肾活血汤,菟丝子（Cuscutae Semen）,C1[C@H]2[C@H](CO[C@@H]2C3=CC4=C(C=C3)OCO4)[C@H](O1)C5=CC6=C(C=C5)OCO6 | COC1=C(C=CC(=C1)C2=C(C(=O)C3=C(C=C(C=C3O2)O)O)O)O | C1=CC(=CC=C1C2=C(C(=O)C3=C(C=C(C=C3O2)O)O)O)O | C1C[C@@H]2[C@H]3CCCN4[C@H]3[C@@H](CCC4)CN2C(=O)C1,固阴煎 | 驻景丸 | 定经汤 | 补肾活血汤 | 寿胎丸,"It has the effects of stopping diarrhea, tonifying kidney yin, securing essence, nourishing the liver to brighten the eyes, and preventing miscarriage."
S050,突发或渐进性耳聋、伴腰膝酸软、耳鸣如蝉、眼珠刺痛、转动时加重,补肾活血汤,当归(Angelicae Sinensis Radix),CC1=CC[C@@]2(CCCC([C@]23[C@H]1C3)(C)C)C | CC[C@H](CC[C@@H](C)[C@H]1CC[C@@H]2[C@@]1(CC[C@H]3[C@H]2CC=C4[C@@]3(CC[C@@H](C4)O)C)C)C(C)C | CC[C@H](/C=C/[C@@H](C)[C@H]1CC[C@@H]2[C@@]1(CC[C@H]3[C@H]2CC=C4[C@@]3(CC[C@@H](C4)O)C)C)C(C)C | C[C@@H]1CC[C@@H]2[C@]13CC=C([C@H](C3)C2(C)C)C | C1=CC=C(C=C1)C2=CC(=S)C=C(S2)C3=CC=CC=C3,温经汤 | 一贯煎 | 桃红四物汤 | 当归饮子 | 当归补血汤 | 金水六君煎 | 济川煎 | 清肺汤 | 宣郁通经汤 | 当归四逆汤 | 当归建中汤 | 当归六黄汤 | 身痛逐瘀汤 | 三痹汤 | 清胃散 | 圣愈汤 | 乌药汤 | 大秦艽汤 | 暖肝煎 | 托里消毒散 | 清上蠲痛汤 | 蠲痹汤 | 清肝止淋汤 | 四妙勇安汤 | 黄连膏 | 凉血地黄汤 | 当归散 | 温脾丸 | 苏子降气汤 | 佛手散 | 芍药汤 | 门冬清肺饮 | 大补元煎 | 泰山磐石散 | 滋阴降火汤 | 清胃汤 | 解郁汤 | 固本止崩汤 | 养精种玉汤 | 定经汤 | 调肝汤 | 柴胡清肝汤 | 四物消风饮 | 地黄饮 | 凉血四物汤 | 滋水清肝饮 | 膈下逐瘀汤 | 会厌逐瘀汤 | 补肾活血汤 | 活络效灵丹,"It has the effects of nourishing blood, promoting blood circulation, regulating menstruation, relieving pain, and moistening intestines to relieve constipation."
S050,突发或渐进性耳聋、伴腰膝酸软、耳鸣如蝉、眼珠刺痛、转动时加重,补肾活血汤,没药（Myrrha）,CC[C@H]1[C@@H](C[C@@H]2[C@@]1(CC[C@H]3[C@H]2CCC4=CC(=O)CC[C@]34C)C)O | COC1=CC(=CC(=C1OC)OC)[C@@H]2[C@@H]3CO[C@@H]([C@@H]3CO2)C4=CC(=C(C(=C4)OC)OC)OC | CC(=CCC1=C(C=C(C2=C1O[C@@H]([C@H](C2=O)O)C3=CC=C(C=C3)O)O)O[C@H]4[C@@H]([C@H]([C@@H]([C@H](O4)CO)O)O)O)C | C/C=C/1\[C@@]2([C@H]([C@H]3[C@@H]([C@@]4(C(=CC(=O)CC4)CC3)C)CC2)CC1=O)C.C/C=C/1\[C@@]2([C@H]([C@H]3[C@@H]([C@@]4(C(=CC(=O)CC4)CC3)C)CC2)CC1=O)C,身痛逐瘀汤 | 补肾活血汤 | 活络效灵丹,"It has the effects of activating blood circulation to relieve pain, reducing swelling, and promoting tissue regeneration."
S050,突发或渐进性耳聋、伴腰膝酸软、耳鸣如蝉、眼珠刺痛、转动时加重,补肾活血汤,山茱萸（Cornus Officinalis Sieb. Et Zucc）,CC[C@H](/C=C/[C@@H](C)[C@H]1CC[C@@H]2[C@@]1(CC[C@H]3[C@H]2CC=C4[C@@]3(CC[C@@H](C4)O)C)C)C(C)C | CC1CCC(C2(C13CC(C(C2OC(=O)C4=CC=CC=C4)OC(=O)C)C(O3)(C)C)CO)O | CC1=C(C(=NN1S(=O)(=O)C2=CC=C(S2)C3=NN=C(N3C)SC)C)Br | C[C@]12CC[C@@H](C[C@]1(CC[C@@H]3[C@@H]2CC[C@]4([C@@]3(CC[C@@H]4C5=COC(=O)C=C5)O)C)O)O | C1C(C(OC(=O)C2=CC(=C(C(=C2C3=C(C(=C(C=C3C(=O)O1)O)O)O)O)O)O)C(C(C=O)O)OC(=O)C4=CC(=C(C(=C4)O)O)O)O,地黄饮子 | 固阴煎 | 延年薯蓣酒 | 大补元煎 | 左归饮 | 养精种玉汤 | 调肝汤 | 滋水清肝饮 | 补肾活血汤,"It has the effects of tonifying and benefiting the liver and kidneys, astringing essence to secure collapse."
S050,突发或渐进性耳聋、伴腰膝酸软、耳鸣如蝉、眼珠刺痛、转动时加重,补肾活血汤,红花（Carthami Flos）,CC1=C[C@@H](CC([C@H]1/C=C/C(=C/C=C/C(=C/C=C/C=C(\C)/C=C/C=C(\C)/[C@H]2C=C3[C@](O2)(C[C@H](CC3(C)C)O)C)/C)/C)(C)C)O | COC1=CC(=C/C=C/C=C2C=C(C(=O)C(=C2)OC)OC)C=C(C1=O)OC | CC1=C(C(=O)C[C@@H]1OC(=O)[C@@H]2[C@H](C2(C)C)/C=C(\C)/C(=O)OC)C/C=C\C=C | C1=CC(=CC=C1C2=C(C(=O)C3=C(O2)C=C(C(=C3O)O)O)O)O,桃红四物汤 | 身痛逐瘀汤 | 地黄饮 | 凉血四物汤 | 通窍活血汤 | 膈下逐瘀汤 | 会厌逐瘀汤 | 补肾活血汤,"It has the effects of activating blood circulation to promote menstruation, dissipating blood stasis and alleviating pain."
S050,突发或渐进性耳聋、伴腰膝酸软、耳鸣如蝉、眼珠刺痛、转动时加重,补肾活血汤,独活（Radix Angelicae Biseratae）,C/C=C(/C)\C(=O)O[C@H](C1=C(C=C2C(=C1)C=CC(=O)O2)OC)[C@H](C(C)(C)O)O | CC(C)CC(=O)O[C@H](C1=C(C=C2C(=C1)C=CC(=O)O2)OC)[C@H](C(C)(C)O)O | CC(=CCOC1=C2C=CC(=O)OC2=CC3=C1C=CO3)C | CC(=O)OC(C)(C)[C@@H]1CC2=C(O1)C=CC3=C2OC(=O)C=C3 | CC(C)([C@H]1CC2=C(O1)C=C3C(=C2)C=CC(=O)O3)O[C@H]4[C@@H]([C@H]([C@@H]([C@H](O4)CO)O)O)O,羌活胜湿汤 | 升阳益胃汤 | 三痹汤 | 大秦艽汤 | 清上蠲痛汤 | 蠲痹汤 | 羌活胜风汤 | 四物消风饮 | 补肾活血汤,"It has the effects of dispelling wind and eliminating dampness, unblocking impediment and relieving pain."
S050,突发或渐进性耳聋、伴腰膝酸软、耳鸣如蝉、眼珠刺痛、转动时加重,补肾活血汤,肉苁蓉（Cistanches Herba）,CC[C@H](CC[C@@H](C)[C@H]1CC[C@@H]2[C@@]1(CC[C@H]3[C@H]2CC=C4[C@@]3(CC[C@@H](C4)O)C)C)C(C)C | CCCCC/C=C/C/C=C/C/C=C/C/C=C/CCCC(=O)O | COC1=C(C=C(C=C1)C[C@@H]\2COC(=O)/C2=C/C3=CC4=C(C=C3)OCO4)OC | C1=CC(=C(C=C1C2=C(C(=O)C3=C(C=C(C=C3O2)O)O)O)O)O,地黄饮子 | 济川煎 | 补肾活血汤,"It has the effects of tonifying kidney yang, replenishing essence and blood, and moistening the intestines to relieve constipation."
